dataset,frame,object,class,range_m,yaw_deg,reference_points,retained_points,retention_pct
kitti_mini,000001,0,Truck,69.45757410,-3.00000000,70,0,0.00000000
kitti_mini,000001,1,Car,60.82789738,-3.00000000,9,0,0.00000000
kitti_mini,000001,2,Cyclist,46.08813405,-3.00000000,18,0,0.00000000
kitti_mini,000001,0,Truck,69.45757410,-2.00000000,70,12,17.14285714
kitti_mini,000001,1,Car,60.82789738,-2.00000000,9,1,11.11111111
kitti_mini,000001,2,Cyclist,46.08813405,-2.00000000,18,0,0.00000000
kitti_mini,000001,0,Truck,69.45757410,-1.00000000,70,45,64.28571429
kitti_mini,000001,1,Car,60.82789738,-1.00000000,9,9,100.00000000
kitti_mini,000001,2,Cyclist,46.08813405,-1.00000000,18,0,0.00000000
kitti_mini,000001,0,Truck,69.45757410,-0.50000000,70,59,84.28571429
kitti_mini,000001,1,Car,60.82789738,-0.50000000,9,9,100.00000000
kitti_mini,000001,2,Cyclist,46.08813405,-0.50000000,18,8,44.44444444
kitti_mini,000001,0,Truck,69.45757410,0.00000000,70,70,100.00000000
kitti_mini,000001,1,Car,60.82789738,0.00000000,9,9,100.00000000
kitti_mini,000001,2,Cyclist,46.08813405,0.00000000,18,18,100.00000000
kitti_mini,000001,0,Truck,69.45757410,0.50000000,70,53,75.71428571
kitti_mini,000001,1,Car,60.82789738,0.50000000,9,9,100.00000000
kitti_mini,000001,2,Cyclist,46.08813405,0.50000000,18,10,55.55555556
kitti_mini,000001,0,Truck,69.45757410,1.00000000,70,38,54.28571429
kitti_mini,000001,1,Car,60.82789738,1.00000000,9,3,33.33333333
kitti_mini,000001,2,Cyclist,46.08813405,1.00000000,18,0,0.00000000
kitti_mini,000001,0,Truck,69.45757410,2.00000000,70,7,10.00000000
kitti_mini,000001,1,Car,60.82789738,2.00000000,9,0,0.00000000
kitti_mini,000001,2,Cyclist,46.08813405,2.00000000,18,0,0.00000000
kitti_mini,000001,0,Truck,69.45757410,3.00000000,70,0,0.00000000
kitti_mini,000001,1,Car,60.82789738,3.00000000,9,0,0.00000000
kitti_mini,000001,2,Cyclist,46.08813405,3.00000000,18,0,0.00000000
kitti_mini,000004,0,Car,41.41614782,-3.00000000,77,18,23.37662338
kitti_mini,000004,1,Car,53.62680207,-3.00000000,26,0,0.00000000
kitti_mini,000004,0,Car,41.41614782,-2.00000000,77,38,49.35064935
kitti_mini,000004,1,Car,53.62680207,-2.00000000,26,9,34.61538462
kitti_mini,000004,0,Car,41.41614782,-1.00000000,77,63,81.81818182
kitti_mini,000004,1,Car,53.62680207,-1.00000000,26,17,65.38461538
kitti_mini,000004,0,Car,41.41614782,-0.50000000,77,72,93.50649351
kitti_mini,000004,1,Car,53.62680207,-0.50000000,26,23,88.46153846
kitti_mini,000004,0,Car,41.41614782,0.00000000,77,77,100.00000000
kitti_mini,000004,1,Car,53.62680207,0.00000000,26,26,100.00000000
kitti_mini,000004,0,Car,41.41614782,0.50000000,77,75,97.40259740
kitti_mini,000004,1,Car,53.62680207,0.50000000,26,22,84.61538462
kitti_mini,000004,0,Car,41.41614782,1.00000000,77,65,84.41558442
kitti_mini,000004,1,Car,53.62680207,1.00000000,26,17,65.38461538
kitti_mini,000004,0,Car,41.41614782,2.00000000,77,47,61.03896104
kitti_mini,000004,1,Car,53.62680207,2.00000000,26,9,34.61538462
kitti_mini,000004,0,Car,41.41614782,3.00000000,77,21,27.27272727
kitti_mini,000004,1,Car,53.62680207,3.00000000,26,0,0.00000000
kitti_mini,000007,0,Car,25.07652887,-3.00000000,191,46,24.08376963
kitti_mini,000007,1,Car,48.16369795,-3.00000000,19,0,0.00000000
kitti_mini,000007,2,Car,60.72708292,-3.00000000,5,0,0.00000000
kitti_mini,000007,3,Cyclist,36.40301361,-3.00000000,25,0,0.00000000
kitti_mini,000007,0,Car,25.07652887,-2.00000000,191,100,52.35602094
kitti_mini,000007,1,Car,48.16369795,-2.00000000,19,5,26.31578947
kitti_mini,000007,2,Car,60.72708292,-2.00000000,5,0,0.00000000
kitti_mini,000007,3,Cyclist,36.40301361,-2.00000000,25,0,0.00000000
kitti_mini,000007,0,Car,25.07652887,-1.00000000,191,155,81.15183246
kitti_mini,000007,1,Car,48.16369795,-1.00000000,19,13,68.42105263
kitti_mini,000007,2,Car,60.72708292,-1.00000000,5,3,60.00000000
kitti_mini,000007,3,Cyclist,36.40301361,-1.00000000,25,6,24.00000000
kitti_mini,000007,0,Car,25.07652887,-0.50000000,191,178,93.19371728
kitti_mini,000007,1,Car,48.16369795,-0.50000000,19,18,94.73684211
kitti_mini,000007,2,Car,60.72708292,-0.50000000,5,5,100.00000000
kitti_mini,000007,3,Cyclist,36.40301361,-0.50000000,25,21,84.00000000
kitti_mini,000007,0,Car,25.07652887,0.00000000,191,191,100.00000000
kitti_mini,000007,1,Car,48.16369795,0.00000000,19,19,100.00000000
kitti_mini,000007,2,Car,60.72708292,0.00000000,5,5,100.00000000
kitti_mini,000007,3,Cyclist,36.40301361,0.00000000,25,25,100.00000000
kitti_mini,000007,0,Car,25.07652887,0.50000000,191,172,90.05235602
kitti_mini,000007,1,Car,48.16369795,0.50000000,19,13,68.42105263
kitti_mini,000007,2,Car,60.72708292,0.50000000,5,3,60.00000000
kitti_mini,000007,3,Cyclist,36.40301361,0.50000000,25,24,96.00000000
kitti_mini,000007,0,Car,25.07652887,1.00000000,191,150,78.53403141
kitti_mini,000007,1,Car,48.16369795,1.00000000,19,10,52.63157895
kitti_mini,000007,2,Car,60.72708292,1.00000000,5,1,20.00000000
kitti_mini,000007,3,Cyclist,36.40301361,1.00000000,25,11,44.00000000
kitti_mini,000007,0,Car,25.07652887,2.00000000,191,98,51.30890052
kitti_mini,000007,1,Car,48.16369795,2.00000000,19,1,5.26315789
kitti_mini,000007,2,Car,60.72708292,2.00000000,5,0,0.00000000
kitti_mini,000007,3,Cyclist,36.40301361,2.00000000,25,0,0.00000000
kitti_mini,000007,0,Car,25.07652887,3.00000000,191,42,21.98952880
kitti_mini,000007,1,Car,48.16369795,3.00000000,19,0,0.00000000
kitti_mini,000007,2,Car,60.72708292,3.00000000,5,0,0.00000000
kitti_mini,000007,3,Cyclist,36.40301361,3.00000000,25,0,0.00000000
kitti_mini,000008,0,Car,4.88466990,-3.00000000,1412,1297,91.85552408
kitti_mini,000008,1,Car,8.11609512,-3.00000000,1940,1749,90.15463918
kitti_mini,000008,2,Car,7.41809949,-3.00000000,871,655,75.20091848
kitti_mini,000008,3,Car,14.56231438,-3.00000000,668,501,75.00000000
kitti_mini,000008,4,Car,34.01558613,-3.00000000,53,9,16.98113208
kitti_mini,000008,5,Car,21.75717123,-3.00000000,164,53,32.31707317
kitti_mini,000008,0,Car,4.88466990,-2.00000000,1412,1360,96.31728045
kitti_mini,000008,1,Car,8.11609512,-2.00000000,1940,1842,94.94845361
kitti_mini,000008,2,Car,7.41809949,-2.00000000,871,726,83.35246843
kitti_mini,000008,3,Car,14.56231438,-2.00000000,668,582,87.12574850
kitti_mini,000008,4,Car,34.01558613,-2.00000000,53,32,60.37735849
kitti_mini,000008,5,Car,21.75717123,-2.00000000,164,92,56.09756098
kitti_mini,000008,0,Car,4.88466990,-1.00000000,1412,1409,99.78753541
kitti_mini,000008,1,Car,8.11609512,-1.00000000,1940,1932,99.58762887
kitti_mini,000008,2,Car,7.41809949,-1.00000000,871,804,92.30769231
kitti_mini,000008,3,Car,14.56231438,-1.00000000,668,633,94.76047904
kitti_mini,000008,4,Car,34.01558613,-1.00000000,53,47,88.67924528
kitti_mini,000008,5,Car,21.75717123,-1.00000000,164,136,82.92682927
kitti_mini,000008,0,Car,4.88466990,-0.50000000,1412,1412,100.00000000
kitti_mini,000008,1,Car,8.11609512,-0.50000000,1940,1940,100.00000000
kitti_mini,000008,2,Car,7.41809949,-0.50000000,871,842,96.67049369
kitti_mini,000008,3,Car,14.56231438,-0.50000000,668,659,98.65269461
kitti_mini,000008,4,Car,34.01558613,-0.50000000,53,53,100.00000000
kitti_mini,000008,5,Car,21.75717123,-0.50000000,164,155,94.51219512
kitti_mini,000008,0,Car,4.88466990,0.00000000,1412,1412,100.00000000
kitti_mini,000008,1,Car,8.11609512,0.00000000,1940,1940,100.00000000
kitti_mini,000008,2,Car,7.41809949,0.00000000,871,871,100.00000000
kitti_mini,000008,3,Car,14.56231438,0.00000000,668,668,100.00000000
kitti_mini,000008,4,Car,34.01558613,0.00000000,53,53,100.00000000
kitti_mini,000008,5,Car,21.75717123,0.00000000,164,164,100.00000000
kitti_mini,000008,0,Car,4.88466990,0.50000000,1412,1371,97.09631728
kitti_mini,000008,1,Car,8.11609512,0.50000000,1940,1940,100.00000000
kitti_mini,000008,2,Car,7.41809949,0.50000000,871,871,100.00000000
kitti_mini,000008,3,Car,14.56231438,0.50000000,668,668,100.00000000
kitti_mini,000008,4,Car,34.01558613,0.50000000,53,48,90.56603774
kitti_mini,000008,5,Car,21.75717123,0.50000000,164,162,98.78048780
kitti_mini,000008,0,Car,4.88466990,1.00000000,1412,1325,93.83852691
kitti_mini,000008,1,Car,8.11609512,1.00000000,1940,1940,100.00000000
kitti_mini,000008,2,Car,7.41809949,1.00000000,871,869,99.77037887
kitti_mini,000008,3,Car,14.56231438,1.00000000,668,655,98.05389222
kitti_mini,000008,4,Car,34.01558613,1.00000000,53,40,75.47169811
kitti_mini,000008,5,Car,21.75717123,1.00000000,164,142,86.58536585
kitti_mini,000008,0,Car,4.88466990,2.00000000,1412,1244,88.10198300
kitti_mini,000008,1,Car,8.11609512,2.00000000,1940,1928,99.38144330
kitti_mini,000008,2,Car,7.41809949,2.00000000,871,837,96.09644087
kitti_mini,000008,3,Car,14.56231438,2.00000000,668,577,86.37724551
kitti_mini,000008,4,Car,34.01558613,2.00000000,53,17,32.07547170
kitti_mini,000008,5,Car,21.75717123,2.00000000,164,99,60.36585366
kitti_mini,000008,0,Car,4.88466990,3.00000000,1412,1173,83.07365439
kitti_mini,000008,1,Car,8.11609512,3.00000000,1940,1894,97.62886598
kitti_mini,000008,2,Car,7.41809949,3.00000000,871,817,93.80022962
kitti_mini,000008,3,Car,14.56231438,3.00000000,668,487,72.90419162
kitti_mini,000008,4,Car,34.01558613,3.00000000,53,3,5.66037736
kitti_mini,000008,5,Car,21.75717123,3.00000000,164,62,37.80487805
kitti_mini,000009,0,Car,23.95499948,-3.00000000,219,70,31.96347032
kitti_mini,000009,0,Car,23.95499948,-2.00000000,219,124,56.62100457
kitti_mini,000009,0,Car,23.95499948,-1.00000000,219,176,80.36529680
kitti_mini,000009,0,Car,23.95499948,-0.50000000,219,205,93.60730594
kitti_mini,000009,0,Car,23.95499948,0.00000000,219,219,100.00000000
kitti_mini,000009,0,Car,23.95499948,0.50000000,219,203,92.69406393
kitti_mini,000009,0,Car,23.95499948,1.00000000,219,180,82.19178082
kitti_mini,000009,0,Car,23.95499948,2.00000000,219,120,54.79452055
kitti_mini,000009,0,Car,23.95499948,3.00000000,219,66,30.13698630
kitti_mini,000010,0,Car,7.02761695,-3.00000000,277,173,62.45487365
kitti_mini,000010,1,Car,12.15350567,-3.00000000,1016,841,82.77559055
kitti_mini,000010,2,Pedestrian,24.99022809,-3.00000000,23,0,0.00000000
kitti_mini,000010,3,Car,17.58300600,-3.00000000,340,199,58.52941176
kitti_mini,000010,4,Car,23.15218780,-3.00000000,48,41,85.41666667
kitti_mini,000010,5,Car,23.70847106,-3.00000000,246,113,45.93495935
kitti_mini,000010,6,Car,29.12905937,-3.00000000,55,0,0.00000000
kitti_mini,000010,7,Car,29.64992074,-3.00000000,33,14,42.42424242
kitti_mini,000010,8,Car,43.12322460,-3.00000000,20,0,0.00000000
kitti_mini,000010,0,Car,7.02761695,-2.00000000,277,201,72.56317690
kitti_mini,000010,1,Car,12.15350567,-2.00000000,1016,919,90.45275591
kitti_mini,000010,2,Pedestrian,24.99022809,-2.00000000,23,0,0.00000000
kitti_mini,000010,3,Car,17.58300600,-2.00000000,340,258,75.88235294
kitti_mini,000010,4,Car,23.15218780,-2.00000000,48,45,93.75000000
kitti_mini,000010,5,Car,23.70847106,-2.00000000,246,167,67.88617886
kitti_mini,000010,6,Car,29.12905937,-2.00000000,55,4,7.27272727
kitti_mini,000010,7,Car,29.64992074,-2.00000000,33,29,87.87878788
kitti_mini,000010,8,Car,43.12322460,-2.00000000,20,6,30.00000000
kitti_mini,000010,0,Car,7.02761695,-1.00000000,277,238,85.92057762
kitti_mini,000010,1,Car,12.15350567,-1.00000000,1016,995,97.93307087
kitti_mini,000010,2,Pedestrian,24.99022809,-1.00000000,23,2,8.69565217
kitti_mini,000010,3,Car,17.58300600,-1.00000000,340,318,93.52941176
kitti_mini,000010,4,Car,23.15218780,-1.00000000,48,48,100.00000000
kitti_mini,000010,5,Car,23.70847106,-1.00000000,246,218,88.61788618
kitti_mini,000010,6,Car,29.12905937,-1.00000000,55,31,56.36363636
kitti_mini,000010,7,Car,29.64992074,-1.00000000,33,33,100.00000000
kitti_mini,000010,8,Car,43.12322460,-1.00000000,20,18,90.00000000
kitti_mini,000010,0,Car,7.02761695,-0.50000000,277,257,92.77978339
kitti_mini,000010,1,Car,12.15350567,-0.50000000,1016,1016,100.00000000
kitti_mini,000010,2,Pedestrian,24.99022809,-0.50000000,23,13,56.52173913
kitti_mini,000010,3,Car,17.58300600,-0.50000000,340,337,99.11764706
kitti_mini,000010,4,Car,23.15218780,-0.50000000,48,48,100.00000000
kitti_mini,000010,5,Car,23.70847106,-0.50000000,246,237,96.34146341
kitti_mini,000010,6,Car,29.12905937,-0.50000000,55,45,81.81818182
kitti_mini,000010,7,Car,29.64992074,-0.50000000,33,33,100.00000000
kitti_mini,000010,8,Car,43.12322460,-0.50000000,20,18,90.00000000
kitti_mini,000010,0,Car,7.02761695,0.00000000,277,277,100.00000000
kitti_mini,000010,1,Car,12.15350567,0.00000000,1016,1016,100.00000000
kitti_mini,000010,2,Pedestrian,24.99022809,0.00000000,23,23,100.00000000
kitti_mini,000010,3,Car,17.58300600,0.00000000,340,340,100.00000000
kitti_mini,000010,4,Car,23.15218780,0.00000000,48,48,100.00000000
kitti_mini,000010,5,Car,23.70847106,0.00000000,246,246,100.00000000
kitti_mini,000010,6,Car,29.12905937,0.00000000,55,55,100.00000000
kitti_mini,000010,7,Car,29.64992074,0.00000000,33,33,100.00000000
kitti_mini,000010,8,Car,43.12322460,0.00000000,20,20,100.00000000
kitti_mini,000010,0,Car,7.02761695,0.50000000,277,276,99.63898917
kitti_mini,000010,1,Car,12.15350567,0.50000000,1016,1016,100.00000000
kitti_mini,000010,2,Pedestrian,24.99022809,0.50000000,23,19,82.60869565
kitti_mini,000010,3,Car,17.58300600,0.50000000,340,339,99.70588235
kitti_mini,000010,4,Car,23.15218780,0.50000000,48,47,97.91666667
kitti_mini,000010,5,Car,23.70847106,0.50000000,246,246,100.00000000
kitti_mini,000010,6,Car,29.12905937,0.50000000,55,55,100.00000000
kitti_mini,000010,7,Car,29.64992074,0.50000000,33,27,81.81818182
kitti_mini,000010,8,Car,43.12322460,0.50000000,20,20,100.00000000
kitti_mini,000010,0,Car,7.02761695,1.00000000,277,269,97.11191336
kitti_mini,000010,1,Car,12.15350567,1.00000000,1016,1016,100.00000000
kitti_mini,000010,2,Pedestrian,24.99022809,1.00000000,23,7,30.43478261
kitti_mini,000010,3,Car,17.58300600,1.00000000,340,326,95.88235294
kitti_mini,000010,4,Car,23.15218780,1.00000000,48,30,62.50000000
kitti_mini,000010,5,Car,23.70847106,1.00000000,246,232,94.30894309
kitti_mini,000010,6,Car,29.12905937,1.00000000,55,53,96.36363636
kitti_mini,000010,7,Car,29.64992074,1.00000000,33,19,57.57575758
kitti_mini,000010,8,Car,43.12322460,1.00000000,20,17,85.00000000
kitti_mini,000010,0,Car,7.02761695,2.00000000,277,231,83.39350181
kitti_mini,000010,1,Car,12.15350567,2.00000000,1016,984,96.85039370
kitti_mini,000010,2,Pedestrian,24.99022809,2.00000000,23,0,0.00000000
kitti_mini,000010,3,Car,17.58300600,2.00000000,340,297,87.35294118
kitti_mini,000010,4,Car,23.15218780,2.00000000,48,12,25.00000000
kitti_mini,000010,5,Car,23.70847106,2.00000000,246,187,76.01626016
kitti_mini,000010,6,Car,29.12905937,2.00000000,55,49,89.09090909
kitti_mini,000010,7,Car,29.64992074,2.00000000,33,4,12.12121212
kitti_mini,000010,8,Car,43.12322460,2.00000000,20,5,25.00000000
kitti_mini,000010,0,Car,7.02761695,3.00000000,277,200,72.20216606
kitti_mini,000010,1,Car,12.15350567,3.00000000,1016,923,90.84645669
kitti_mini,000010,2,Pedestrian,24.99022809,3.00000000,23,0,0.00000000
kitti_mini,000010,3,Car,17.58300600,3.00000000,340,237,69.70588235
kitti_mini,000010,4,Car,23.15218780,3.00000000,48,6,12.50000000
kitti_mini,000010,5,Car,23.70847106,3.00000000,246,129,52.43902439
kitti_mini,000010,6,Car,29.12905937,3.00000000,55,33,60.00000000
kitti_mini,000010,7,Car,29.64992074,3.00000000,33,0,0.00000000
kitti_mini,000010,8,Car,43.12322460,3.00000000,20,2,10.00000000
kitti_mini,000011,0,Pedestrian,13.48721246,-3.00000000,150,12,8.00000000
kitti_mini,000011,1,Pedestrian,14.55992102,-3.00000000,35,0,0.00000000
kitti_mini,000011,2,Car,27.15770609,-3.00000000,208,59,28.36538462
kitti_mini,000011,3,Pedestrian,34.18700484,-3.00000000,40,0,0.00000000
kitti_mini,000011,4,Car,6.83328618,-3.00000000,207,65,31.40096618
kitti_mini,000011,5,Pedestrian,17.91347258,-3.00000000,81,0,0.00000000
kitti_mini,000011,0,Pedestrian,13.48721246,-2.00000000,150,71,47.33333333
kitti_mini,000011,1,Pedestrian,14.55992102,-2.00000000,35,14,40.00000000
kitti_mini,000011,2,Car,27.15770609,-2.00000000,208,112,53.84615385
kitti_mini,000011,3,Pedestrian,34.18700484,-2.00000000,40,0,0.00000000
kitti_mini,000011,4,Car,6.83328618,-2.00000000,207,131,63.28502415
kitti_mini,000011,5,Pedestrian,17.91347258,-2.00000000,81,0,0.00000000
kitti_mini,000011,0,Pedestrian,13.48721246,-1.00000000,150,134,89.33333333
kitti_mini,000011,1,Pedestrian,14.55992102,-1.00000000,35,29,82.85714286
kitti_mini,000011,2,Car,27.15770609,-1.00000000,208,165,79.32692308
kitti_mini,000011,3,Pedestrian,34.18700484,-1.00000000,40,9,22.50000000
kitti_mini,000011,4,Car,6.83328618,-1.00000000,207,192,92.75362319
kitti_mini,000011,5,Pedestrian,17.91347258,-1.00000000,81,33,40.74074074
kitti_mini,000011,0,Pedestrian,13.48721246,-0.50000000,150,143,95.33333333
kitti_mini,000011,1,Pedestrian,14.55992102,-0.50000000,35,32,91.42857143
kitti_mini,000011,2,Car,27.15770609,-0.50000000,208,193,92.78846154
kitti_mini,000011,3,Pedestrian,34.18700484,-0.50000000,40,27,67.50000000
kitti_mini,000011,4,Car,6.83328618,-0.50000000,207,207,100.00000000
kitti_mini,000011,5,Pedestrian,17.91347258,-0.50000000,81,67,82.71604938
kitti_mini,000011,0,Pedestrian,13.48721246,0.00000000,150,150,100.00000000
kitti_mini,000011,1,Pedestrian,14.55992102,0.00000000,35,35,100.00000000
kitti_mini,000011,2,Car,27.15770609,0.00000000,208,208,100.00000000
kitti_mini,000011,3,Pedestrian,34.18700484,0.00000000,40,40,100.00000000
kitti_mini,000011,4,Car,6.83328618,0.00000000,207,207,100.00000000
kitti_mini,000011,5,Pedestrian,17.91347258,0.00000000,81,81,100.00000000
kitti_mini,000011,0,Pedestrian,13.48721246,0.50000000,150,140,93.33333333
kitti_mini,000011,1,Pedestrian,14.55992102,0.50000000,35,35,100.00000000
kitti_mini,000011,2,Car,27.15770609,0.50000000,208,199,95.67307692
kitti_mini,000011,3,Pedestrian,34.18700484,0.50000000,40,21,52.50000000
kitti_mini,000011,4,Car,6.83328618,0.50000000,207,172,83.09178744
kitti_mini,000011,5,Pedestrian,17.91347258,0.50000000,81,66,81.48148148
kitti_mini,000011,0,Pedestrian,13.48721246,1.00000000,150,123,82.00000000
kitti_mini,000011,1,Pedestrian,14.55992102,1.00000000,35,35,100.00000000
kitti_mini,000011,2,Car,27.15770609,1.00000000,208,178,85.57692308
kitti_mini,000011,3,Pedestrian,34.18700484,1.00000000,40,3,7.50000000
kitti_mini,000011,4,Car,6.83328618,1.00000000,207,140,67.63285024
kitti_mini,000011,5,Pedestrian,17.91347258,1.00000000,81,28,34.56790123
kitti_mini,000011,0,Pedestrian,13.48721246,2.00000000,150,43,28.66666667
kitti_mini,000011,1,Pedestrian,14.55992102,2.00000000,35,21,60.00000000
kitti_mini,000011,2,Car,27.15770609,2.00000000,208,127,61.05769231
kitti_mini,000011,3,Pedestrian,34.18700484,2.00000000,40,0,0.00000000
kitti_mini,000011,4,Car,6.83328618,2.00000000,207,77,37.19806763
kitti_mini,000011,5,Pedestrian,17.91347258,2.00000000,81,0,0.00000000
kitti_mini,000011,0,Pedestrian,13.48721246,3.00000000,150,9,6.00000000
kitti_mini,000011,1,Pedestrian,14.55992102,3.00000000,35,6,17.14285714
kitti_mini,000011,2,Car,27.15770609,3.00000000,208,76,36.53846154
kitti_mini,000011,3,Pedestrian,34.18700484,3.00000000,40,0,0.00000000
kitti_mini,000011,4,Car,6.83328618,3.00000000,207,22,10.62801932
kitti_mini,000011,5,Pedestrian,17.91347258,3.00000000,81,0,0.00000000
kitti_mini,000012,0,Car,59.13815773,-3.00000000,13,0,0.00000000
kitti_mini,000012,1,Van,66.37461036,-3.00000000,39,0,0.00000000
kitti_mini,000012,0,Car,59.13815773,-2.00000000,13,0,0.00000000
kitti_mini,000012,1,Van,66.37461036,-2.00000000,39,5,12.82051282
kitti_mini,000012,0,Car,59.13815773,-1.00000000,13,4,30.76923077
kitti_mini,000012,1,Van,66.37461036,-1.00000000,39,24,61.53846154
kitti_mini,000012,0,Car,59.13815773,-0.50000000,13,10,76.92307692
kitti_mini,000012,1,Van,66.37461036,-0.50000000,39,36,92.30769231
kitti_mini,000012,0,Car,59.13815773,0.00000000,13,13,100.00000000
kitti_mini,000012,1,Van,66.37461036,0.00000000,39,39,100.00000000
kitti_mini,000012,0,Car,59.13815773,0.50000000,13,13,100.00000000
kitti_mini,000012,1,Van,66.37461036,0.50000000,39,35,89.74358974
kitti_mini,000012,0,Car,59.13815773,1.00000000,13,11,84.61538462
kitti_mini,000012,1,Van,66.37461036,1.00000000,39,23,58.97435897
kitti_mini,000012,0,Car,59.13815773,2.00000000,13,1,7.69230769
kitti_mini,000012,1,Van,66.37461036,2.00000000,39,4,10.25641026
kitti_mini,000012,0,Car,59.13815773,3.00000000,13,0,0.00000000
kitti_mini,000012,1,Van,66.37461036,3.00000000,39,0,0.00000000
kitti_mini,000015,0,Car,5.22135040,-3.00000000,1637,1486,90.77580941
kitti_mini,000015,1,Pedestrian,9.05204397,-3.00000000,371,165,44.47439353
kitti_mini,000015,2,Pedestrian,24.30595195,-3.00000000,49,0,0.00000000
kitti_mini,000015,3,Pedestrian,24.48383957,-3.00000000,59,0,0.00000000
kitti_mini,000015,4,Pedestrian,23.40819728,-3.00000000,66,0,0.00000000
kitti_mini,000015,0,Car,5.22135040,-2.00000000,1637,1587,96.94563225
kitti_mini,000015,1,Pedestrian,9.05204397,-2.00000000,371,314,84.63611860
kitti_mini,000015,2,Pedestrian,24.30595195,-2.00000000,49,0,0.00000000
kitti_mini,000015,3,Pedestrian,24.48383957,-2.00000000,59,0,0.00000000
kitti_mini,000015,4,Pedestrian,23.40819728,-2.00000000,66,0,0.00000000
kitti_mini,000015,0,Car,5.22135040,-1.00000000,1637,1637,100.00000000
kitti_mini,000015,1,Pedestrian,9.05204397,-1.00000000,371,355,95.68733154
kitti_mini,000015,2,Pedestrian,24.30595195,-1.00000000,49,21,42.85714286
kitti_mini,000015,3,Pedestrian,24.48383957,-1.00000000,59,29,49.15254237
kitti_mini,000015,4,Pedestrian,23.40819728,-1.00000000,66,36,54.54545455
kitti_mini,000015,0,Car,5.22135040,-0.50000000,1637,1637,100.00000000
kitti_mini,000015,1,Pedestrian,9.05204397,-0.50000000,371,360,97.03504043
kitti_mini,000015,2,Pedestrian,24.30595195,-0.50000000,49,47,95.91836735
kitti_mini,000015,3,Pedestrian,24.48383957,-0.50000000,59,53,89.83050847
kitti_mini,000015,4,Pedestrian,23.40819728,-0.50000000,66,61,92.42424242
kitti_mini,000015,0,Car,5.22135040,0.00000000,1637,1637,100.00000000
kitti_mini,000015,1,Pedestrian,9.05204397,0.00000000,371,371,100.00000000
kitti_mini,000015,2,Pedestrian,24.30595195,0.00000000,49,49,100.00000000
kitti_mini,000015,3,Pedestrian,24.48383957,0.00000000,59,59,100.00000000
kitti_mini,000015,4,Pedestrian,23.40819728,0.00000000,66,66,100.00000000
kitti_mini,000015,0,Car,5.22135040,0.50000000,1637,1612,98.47281613
kitti_mini,000015,1,Pedestrian,9.05204397,0.50000000,371,327,88.14016173
kitti_mini,000015,2,Pedestrian,24.30595195,0.50000000,49,19,38.77551020
kitti_mini,000015,3,Pedestrian,24.48383957,0.50000000,59,31,52.54237288
kitti_mini,000015,4,Pedestrian,23.40819728,0.50000000,66,50,75.75757576
kitti_mini,000015,0,Car,5.22135040,1.00000000,1637,1589,97.06780696
kitti_mini,000015,1,Pedestrian,9.05204397,1.00000000,371,264,71.15902965
kitti_mini,000015,2,Pedestrian,24.30595195,1.00000000,49,0,0.00000000
kitti_mini,000015,3,Pedestrian,24.48383957,1.00000000,59,6,10.16949153
kitti_mini,000015,4,Pedestrian,23.40819728,1.00000000,66,17,25.75757576
kitti_mini,000015,0,Car,5.22135040,2.00000000,1637,1547,94.50213806
kitti_mini,000015,1,Pedestrian,9.05204397,2.00000000,371,120,32.34501348
kitti_mini,000015,2,Pedestrian,24.30595195,2.00000000,49,0,0.00000000
kitti_mini,000015,3,Pedestrian,24.48383957,2.00000000,59,0,0.00000000
kitti_mini,000015,4,Pedestrian,23.40819728,2.00000000,66,0,0.00000000
kitti_mini,000015,0,Car,5.22135040,3.00000000,1637,1512,92.36408064
kitti_mini,000015,1,Pedestrian,9.05204397,3.00000000,371,20,5.39083558
kitti_mini,000015,2,Pedestrian,24.30595195,3.00000000,49,0,0.00000000
kitti_mini,000015,3,Pedestrian,24.48383957,3.00000000,59,0,0.00000000
kitti_mini,000015,4,Pedestrian,23.40819728,3.00000000,66,0,0.00000000
kitti_mini,000016,0,Car,44.63110799,-3.00000000,24,0,0.00000000
kitti_mini,000016,1,Truck,28.13689571,-3.00000000,1973,1793,90.87683730
kitti_mini,000016,2,Car,33.47478753,-3.00000000,51,12,23.52941176
kitti_mini,000016,3,Car,7.27050892,-3.00000000,1761,1674,95.05962521
kitti_mini,000016,4,Car,47.22157664,-3.00000000,10,0,0.00000000
kitti_mini,000016,0,Car,44.63110799,-2.00000000,24,7,29.16666667
kitti_mini,000016,1,Truck,28.13689571,-2.00000000,1973,1874,94.98226052
kitti_mini,000016,2,Car,33.47478753,-2.00000000,51,26,50.98039216
kitti_mini,000016,3,Car,7.27050892,-2.00000000,1761,1737,98.63713799
kitti_mini,000016,4,Car,47.22157664,-2.00000000,10,2,20.00000000
kitti_mini,000016,0,Car,44.63110799,-1.00000000,24,19,79.16666667
kitti_mini,000016,1,Truck,28.13689571,-1.00000000,1973,1948,98.73289407
kitti_mini,000016,2,Car,33.47478753,-1.00000000,51,49,96.07843137
kitti_mini,000016,3,Car,7.27050892,-1.00000000,1761,1761,100.00000000
kitti_mini,000016,4,Car,47.22157664,-1.00000000,10,7,70.00000000
kitti_mini,000016,0,Car,44.63110799,-0.50000000,24,24,100.00000000
kitti_mini,000016,1,Truck,28.13689571,-0.50000000,1973,1973,100.00000000
kitti_mini,000016,2,Car,33.47478753,-0.50000000,51,50,98.03921569
kitti_mini,000016,3,Car,7.27050892,-0.50000000,1761,1761,100.00000000
kitti_mini,000016,4,Car,47.22157664,-0.50000000,10,9,90.00000000
kitti_mini,000016,0,Car,44.63110799,0.00000000,24,24,100.00000000
kitti_mini,000016,1,Truck,28.13689571,0.00000000,1973,1973,100.00000000
kitti_mini,000016,2,Car,33.47478753,0.00000000,51,51,100.00000000
kitti_mini,000016,3,Car,7.27050892,0.00000000,1761,1761,100.00000000
kitti_mini,000016,4,Car,47.22157664,0.00000000,10,10,100.00000000
kitti_mini,000016,0,Car,44.63110799,0.50000000,24,18,75.00000000
kitti_mini,000016,1,Truck,28.13689571,0.50000000,1973,1964,99.54384187
kitti_mini,000016,2,Car,33.47478753,0.50000000,51,46,90.19607843
kitti_mini,000016,3,Car,7.27050892,0.50000000,1761,1706,96.87677456
kitti_mini,000016,4,Car,47.22157664,0.50000000,10,8,80.00000000
kitti_mini,000016,0,Car,44.63110799,1.00000000,24,11,45.83333333
kitti_mini,000016,1,Truck,28.13689571,1.00000000,1973,1932,97.92194627
kitti_mini,000016,2,Car,33.47478753,1.00000000,51,38,74.50980392
kitti_mini,000016,3,Car,7.27050892,1.00000000,1761,1642,93.24247587
kitti_mini,000016,4,Car,47.22157664,1.00000000,10,7,70.00000000
kitti_mini,000016,0,Car,44.63110799,2.00000000,24,0,0.00000000
kitti_mini,000016,1,Truck,28.13689571,2.00000000,1973,1872,94.88089204
kitti_mini,000016,2,Car,33.47478753,2.00000000,51,22,43.13725490
kitti_mini,000016,3,Car,7.27050892,2.00000000,1761,1516,86.08745031
kitti_mini,000016,4,Car,47.22157664,2.00000000,10,1,10.00000000
kitti_mini,000016,0,Car,44.63110799,3.00000000,24,0,0.00000000
kitti_mini,000016,1,Truck,28.13689571,3.00000000,1973,1802,91.33299544
kitti_mini,000016,2,Car,33.47478753,3.00000000,51,1,1.96078431
kitti_mini,000016,3,Car,7.27050892,3.00000000,1761,1397,79.32992618
kitti_mini,000016,4,Car,47.22157664,3.00000000,10,0,0.00000000
kitti_mini,000019,0,Truck,6.55693526,-3.00000000,4862,4435,91.21760592
kitti_mini,000019,1,Car,10.25674900,-3.00000000,1236,1043,84.38511327
kitti_mini,000019,2,Van,35.47156044,-3.00000000,106,7,6.60377358
kitti_mini,000019,3,Car,59.76739077,-3.00000000,19,0,0.00000000
kitti_mini,000019,0,Truck,6.55693526,-2.00000000,4862,4659,95.82476347
kitti_mini,000019,1,Car,10.25674900,-2.00000000,1236,1145,92.63754045
kitti_mini,000019,2,Van,35.47156044,-2.00000000,106,46,43.39622642
kitti_mini,000019,3,Car,59.76739077,-2.00000000,19,0,0.00000000
kitti_mini,000019,0,Truck,6.55693526,-1.00000000,4862,4839,99.52694364
kitti_mini,000019,1,Car,10.25674900,-1.00000000,1236,1226,99.19093851
kitti_mini,000019,2,Van,35.47156044,-1.00000000,106,78,73.58490566
kitti_mini,000019,3,Car,59.76739077,-1.00000000,19,11,57.89473684
kitti_mini,000019,0,Truck,6.55693526,-0.50000000,4862,4862,100.00000000
kitti_mini,000019,1,Car,10.25674900,-0.50000000,1236,1236,100.00000000
kitti_mini,000019,2,Van,35.47156044,-0.50000000,106,92,86.79245283
kitti_mini,000019,3,Car,59.76739077,-0.50000000,19,18,94.73684211
kitti_mini,000019,0,Truck,6.55693526,0.00000000,4862,4862,100.00000000
kitti_mini,000019,1,Car,10.25674900,0.00000000,1236,1236,100.00000000
kitti_mini,000019,2,Van,35.47156044,0.00000000,106,106,100.00000000
kitti_mini,000019,3,Car,59.76739077,0.00000000,19,19,100.00000000
kitti_mini,000019,0,Truck,6.55693526,0.50000000,4862,4765,98.00493624
kitti_mini,000019,1,Car,10.25674900,0.50000000,1236,1236,100.00000000
kitti_mini,000019,2,Van,35.47156044,0.50000000,106,99,93.39622642
kitti_mini,000019,3,Car,59.76739077,0.50000000,19,13,68.42105263
kitti_mini,000019,0,Truck,6.55693526,1.00000000,4862,4683,96.31838749
kitti_mini,000019,1,Car,10.25674900,1.00000000,1236,1226,99.19093851
kitti_mini,000019,2,Van,35.47156044,1.00000000,106,78,73.58490566
kitti_mini,000019,3,Car,59.76739077,1.00000000,19,6,31.57894737
kitti_mini,000019,0,Truck,6.55693526,2.00000000,4862,4487,92.28712464
kitti_mini,000019,1,Car,10.25674900,2.00000000,1236,1162,94.01294498
kitti_mini,000019,2,Van,35.47156044,2.00000000,106,42,39.62264151
kitti_mini,000019,3,Car,59.76739077,2.00000000,19,0,0.00000000
kitti_mini,000019,0,Truck,6.55693526,3.00000000,4862,4283,88.09132044
kitti_mini,000019,1,Car,10.25674900,3.00000000,1236,1098,88.83495146
kitti_mini,000019,2,Van,35.47156044,3.00000000,106,13,12.26415094
kitti_mini,000019,3,Car,59.76739077,3.00000000,19,0,0.00000000
kitti_mini,000021,0,Cyclist,4.49938885,-3.00000000,176,16,9.09090909
kitti_mini,000021,1,Car,13.73083391,-3.00000000,850,671,78.94117647
kitti_mini,000021,2,Car,17.85224076,-3.00000000,238,118,49.57983193
kitti_mini,000021,3,Van,23.95364064,-3.00000000,964,824,85.47717842
kitti_mini,000021,4,Car,26.51960973,-3.00000000,176,53,30.11363636
kitti_mini,000021,5,Car,26.92237360,-3.00000000,113,17,15.04424779
kitti_mini,000021,6,Car,32.63841602,-3.00000000,50,21,42.00000000
kitti_mini,000021,7,Car,31.83257608,-3.00000000,28,0,0.00000000
kitti_mini,000021,0,Cyclist,4.49938885,-2.00000000,176,43,24.43181818
kitti_mini,000021,1,Car,13.73083391,-2.00000000,850,749,88.11764706
kitti_mini,000021,2,Car,17.85224076,-2.00000000,238,176,73.94957983
kitti_mini,000021,3,Van,23.95364064,-2.00000000,964,884,91.70124481
kitti_mini,000021,4,Car,26.51960973,-2.00000000,176,98,55.68181818
kitti_mini,000021,5,Car,26.92237360,-2.00000000,113,56,49.55752212
kitti_mini,000021,6,Car,32.63841602,-2.00000000,50,39,78.00000000
kitti_mini,000021,7,Car,31.83257608,-2.00000000,28,0,0.00000000
kitti_mini,000021,0,Cyclist,4.49938885,-1.00000000,176,88,50.00000000
kitti_mini,000021,1,Car,13.73083391,-1.00000000,850,821,96.58823529
kitti_mini,000021,2,Car,17.85224076,-1.00000000,238,219,92.01680672
kitti_mini,000021,3,Van,23.95364064,-1.00000000,964,939,97.40663900
kitti_mini,000021,4,Car,26.51960973,-1.00000000,176,144,81.81818182
kitti_mini,000021,5,Car,26.92237360,-1.00000000,113,92,81.41592920
kitti_mini,000021,6,Car,32.63841602,-1.00000000,50,45,90.00000000
kitti_mini,000021,7,Car,31.83257608,-1.00000000,28,5,17.85714286
kitti_mini,000021,0,Cyclist,4.49938885,-0.50000000,176,126,71.59090909
kitti_mini,000021,1,Car,13.73083391,-0.50000000,850,848,99.76470588
kitti_mini,000021,2,Car,17.85224076,-0.50000000,238,238,100.00000000
kitti_mini,000021,3,Van,23.95364064,-0.50000000,964,959,99.48132780
kitti_mini,000021,4,Car,26.51960973,-0.50000000,176,166,94.31818182
kitti_mini,000021,5,Car,26.92237360,-0.50000000,113,104,92.03539823
kitti_mini,000021,6,Car,32.63841602,-0.50000000,50,48,96.00000000
kitti_mini,000021,7,Car,31.83257608,-0.50000000,28,25,89.28571429
kitti_mini,000021,0,Cyclist,4.49938885,0.00000000,176,176,100.00000000
kitti_mini,000021,1,Car,13.73083391,0.00000000,850,850,100.00000000
kitti_mini,000021,2,Car,17.85224076,0.00000000,238,238,100.00000000
kitti_mini,000021,3,Van,23.95364064,0.00000000,964,964,100.00000000
kitti_mini,000021,4,Car,26.51960973,0.00000000,176,176,100.00000000
kitti_mini,000021,5,Car,26.92237360,0.00000000,113,113,100.00000000
kitti_mini,000021,6,Car,32.63841602,0.00000000,50,50,100.00000000
kitti_mini,000021,7,Car,31.83257608,0.00000000,28,28,100.00000000
kitti_mini,000021,0,Cyclist,4.49938885,0.50000000,176,176,100.00000000
kitti_mini,000021,1,Car,13.73083391,0.50000000,850,850,100.00000000
kitti_mini,000021,2,Car,17.85224076,0.50000000,238,238,100.00000000
kitti_mini,000021,3,Van,23.95364064,0.50000000,964,963,99.89626556
kitti_mini,000021,4,Car,26.51960973,0.50000000,176,175,99.43181818
kitti_mini,000021,5,Car,26.92237360,0.50000000,113,113,100.00000000
kitti_mini,000021,6,Car,32.63841602,0.50000000,50,47,94.00000000
kitti_mini,000021,7,Car,31.83257608,0.50000000,28,28,100.00000000
kitti_mini,000021,0,Cyclist,4.49938885,1.00000000,176,176,100.00000000
kitti_mini,000021,1,Car,13.73083391,1.00000000,850,845,99.41176471
kitti_mini,000021,2,Car,17.85224076,1.00000000,238,238,100.00000000
kitti_mini,000021,3,Van,23.95364064,1.00000000,964,923,95.74688797
kitti_mini,000021,4,Car,26.51960973,1.00000000,176,161,91.47727273
kitti_mini,000021,5,Car,26.92237360,1.00000000,113,113,100.00000000
kitti_mini,000021,6,Car,32.63841602,1.00000000,50,40,80.00000000
kitti_mini,000021,7,Car,31.83257608,1.00000000,28,28,100.00000000
kitti_mini,000021,0,Cyclist,4.49938885,2.00000000,176,176,100.00000000
kitti_mini,000021,1,Car,13.73083391,2.00000000,850,789,92.82352941
kitti_mini,000021,2,Car,17.85224076,2.00000000,238,236,99.15966387
kitti_mini,000021,3,Van,23.95364064,2.00000000,964,904,93.77593361
kitti_mini,000021,4,Car,26.51960973,2.00000000,176,122,69.31818182
kitti_mini,000021,5,Car,26.92237360,2.00000000,113,88,77.87610619
kitti_mini,000021,6,Car,32.63841602,2.00000000,50,14,28.00000000
kitti_mini,000021,7,Car,31.83257608,2.00000000,28,28,100.00000000
kitti_mini,000021,0,Cyclist,4.49938885,3.00000000,176,176,100.00000000
kitti_mini,000021,1,Car,13.73083391,3.00000000,850,717,84.35294118
kitti_mini,000021,2,Car,17.85224076,3.00000000,238,227,95.37815126
kitti_mini,000021,3,Van,23.95364064,3.00000000,964,829,85.99585062
kitti_mini,000021,4,Car,26.51960973,3.00000000,176,77,43.75000000
kitti_mini,000021,5,Car,26.92237360,3.00000000,113,51,45.13274336
kitti_mini,000021,6,Car,32.63841602,3.00000000,50,7,14.00000000
kitti_mini,000021,7,Car,31.83257608,3.00000000,28,3,10.71428571
kitti_mini,000023,0,Truck,69.30794255,-3.00000000,74,0,0.00000000
kitti_mini,000023,1,Car,57.56975074,-3.00000000,13,0,0.00000000
kitti_mini,000023,2,Cyclist,45.01456320,-3.00000000,20,0,0.00000000
kitti_mini,000023,0,Truck,69.30794255,-2.00000000,74,13,17.56756757
kitti_mini,000023,1,Car,57.56975074,-2.00000000,13,4,30.76923077
kitti_mini,000023,2,Cyclist,45.01456320,-2.00000000,20,0,0.00000000
kitti_mini,000023,0,Truck,69.30794255,-1.00000000,74,43,58.10810811
kitti_mini,000023,1,Car,57.56975074,-1.00000000,13,13,100.00000000
kitti_mini,000023,2,Cyclist,45.01456320,-1.00000000,20,0,0.00000000
kitti_mini,000023,0,Truck,69.30794255,-0.50000000,74,61,82.43243243
kitti_mini,000023,1,Car,57.56975074,-0.50000000,13,13,100.00000000
kitti_mini,000023,2,Cyclist,45.01456320,-0.50000000,20,8,40.00000000
kitti_mini,000023,0,Truck,69.30794255,0.00000000,74,74,100.00000000
kitti_mini,000023,1,Car,57.56975074,0.00000000,13,13,100.00000000
kitti_mini,000023,2,Cyclist,45.01456320,0.00000000,20,20,100.00000000
kitti_mini,000023,0,Truck,69.30794255,0.50000000,74,61,82.43243243
kitti_mini,000023,1,Car,57.56975074,0.50000000,13,11,84.61538462
kitti_mini,000023,2,Cyclist,45.01456320,0.50000000,20,12,60.00000000
kitti_mini,000023,0,Truck,69.30794255,1.00000000,74,43,58.10810811
kitti_mini,000023,1,Car,57.56975074,1.00000000,13,7,53.84615385
kitti_mini,000023,2,Cyclist,45.01456320,1.00000000,20,0,0.00000000
kitti_mini,000023,0,Truck,69.30794255,2.00000000,74,10,13.51351351
kitti_mini,000023,1,Car,57.56975074,2.00000000,13,0,0.00000000
kitti_mini,000023,2,Cyclist,45.01456320,2.00000000,20,0,0.00000000
kitti_mini,000023,0,Truck,69.30794255,3.00000000,74,0,0.00000000
kitti_mini,000023,1,Car,57.56975074,3.00000000,13,0,0.00000000
kitti_mini,000023,2,Cyclist,45.01456320,3.00000000,20,0,0.00000000
kitti_mini,000025,0,Car,4.31125272,-3.00000000,138,110,79.71014493
kitti_mini,000025,1,Car,10.77577839,-3.00000000,1121,962,85.81623550
kitti_mini,000025,2,Car,30.24075561,-3.00000000,61,22,36.06557377
kitti_mini,000025,3,Car,17.94052675,-3.00000000,316,156,49.36708861
kitti_mini,000025,4,Cyclist,44.75969392,-3.00000000,21,0,0.00000000
kitti_mini,000025,5,Car,22.77129333,-3.00000000,27,27,100.00000000
kitti_mini,000025,0,Car,4.31125272,-2.00000000,138,113,81.88405797
kitti_mini,000025,1,Car,10.77577839,-2.00000000,1121,1032,92.06066012
kitti_mini,000025,2,Car,30.24075561,-2.00000000,61,44,72.13114754
kitti_mini,000025,3,Car,17.94052675,-2.00000000,316,225,71.20253165
kitti_mini,000025,4,Cyclist,44.75969392,-2.00000000,21,0,0.00000000
kitti_mini,000025,5,Car,22.77129333,-2.00000000,27,27,100.00000000
kitti_mini,000025,0,Car,4.31125272,-1.00000000,138,123,89.13043478
kitti_mini,000025,1,Car,10.77577839,-1.00000000,1121,1101,98.21587868
kitti_mini,000025,2,Car,30.24075561,-1.00000000,61,58,95.08196721
kitti_mini,000025,3,Car,17.94052675,-1.00000000,316,289,91.45569620
kitti_mini,000025,4,Cyclist,44.75969392,-1.00000000,21,0,0.00000000
kitti_mini,000025,5,Car,22.77129333,-1.00000000,27,27,100.00000000
kitti_mini,000025,0,Car,4.31125272,-0.50000000,138,129,93.47826087
kitti_mini,000025,1,Car,10.77577839,-0.50000000,1121,1119,99.82158787
kitti_mini,000025,2,Car,30.24075561,-0.50000000,61,60,98.36065574
kitti_mini,000025,3,Car,17.94052675,-0.50000000,316,312,98.73417722
kitti_mini,000025,4,Cyclist,44.75969392,-0.50000000,21,7,33.33333333
kitti_mini,000025,5,Car,22.77129333,-0.50000000,27,27,100.00000000
kitti_mini,000025,0,Car,4.31125272,0.00000000,138,138,100.00000000
kitti_mini,000025,1,Car,10.77577839,0.00000000,1121,1121,100.00000000
kitti_mini,000025,2,Car,30.24075561,0.00000000,61,61,100.00000000
kitti_mini,000025,3,Car,17.94052675,0.00000000,316,316,100.00000000
kitti_mini,000025,4,Cyclist,44.75969392,0.00000000,21,21,100.00000000
kitti_mini,000025,5,Car,22.77129333,0.00000000,27,27,100.00000000
kitti_mini,000025,0,Car,4.31125272,0.50000000,138,138,100.00000000
kitti_mini,000025,1,Car,10.77577839,0.50000000,1121,1118,99.73238180
kitti_mini,000025,2,Car,30.24075561,0.50000000,61,56,91.80327869
kitti_mini,000025,3,Car,17.94052675,0.50000000,316,312,98.73417722
kitti_mini,000025,4,Cyclist,44.75969392,0.50000000,21,5,23.80952381
kitti_mini,000025,5,Car,22.77129333,0.50000000,27,14,51.85185185
kitti_mini,000025,0,Car,4.31125272,1.00000000,138,138,100.00000000
kitti_mini,000025,1,Car,10.77577839,1.00000000,1121,1095,97.68064228
kitti_mini,000025,2,Car,30.24075561,1.00000000,61,48,78.68852459
kitti_mini,000025,3,Car,17.94052675,1.00000000,316,293,92.72151899
kitti_mini,000025,4,Cyclist,44.75969392,1.00000000,21,0,0.00000000
kitti_mini,000025,5,Car,22.77129333,1.00000000,27,2,7.40740741
kitti_mini,000025,0,Car,4.31125272,2.00000000,138,130,94.20289855
kitti_mini,000025,1,Car,10.77577839,2.00000000,1121,1015,90.54415700
kitti_mini,000025,2,Car,30.24075561,2.00000000,61,25,40.98360656
kitti_mini,000025,3,Car,17.94052675,2.00000000,316,233,73.73417722
kitti_mini,000025,4,Cyclist,44.75969392,2.00000000,21,0,0.00000000
kitti_mini,000025,5,Car,22.77129333,2.00000000,27,0,0.00000000
kitti_mini,000025,0,Car,4.31125272,3.00000000,138,130,94.20289855
kitti_mini,000025,1,Car,10.77577839,3.00000000,1121,929,82.87243533
kitti_mini,000025,2,Car,30.24075561,3.00000000,61,8,13.11475410
kitti_mini,000025,3,Car,17.94052675,3.00000000,316,165,52.21518987
kitti_mini,000025,4,Cyclist,44.75969392,3.00000000,21,0,0.00000000
kitti_mini,000025,5,Car,22.77129333,3.00000000,27,0,0.00000000
kitti_mini,000031,0,Car,12.73406848,-3.00000000,1028,811,78.89105058
kitti_mini,000031,1,Car,9.18020152,-3.00000000,1028,830,80.73929961
kitti_mini,000031,2,Car,13.55821522,-3.00000000,517,482,93.23017408
kitti_mini,000031,3,Truck,22.59145192,-3.00000000,328,175,53.35365854
kitti_mini,000031,4,Car,26.60241154,-3.00000000,141,34,24.11347518
kitti_mini,000031,5,Van,51.96460911,-3.00000000,32,0,0.00000000
kitti_mini,000031,0,Car,12.73406848,-2.00000000,1028,917,89.20233463
kitti_mini,000031,1,Car,9.18020152,-2.00000000,1028,916,89.10505837
kitti_mini,000031,2,Car,13.55821522,-2.00000000,517,513,99.22630561
kitti_mini,000031,3,Truck,22.59145192,-2.00000000,328,227,69.20731707
kitti_mini,000031,4,Car,26.60241154,-2.00000000,141,75,53.19148936
kitti_mini,000031,5,Van,51.96460911,-2.00000000,32,0,0.00000000
kitti_mini,000031,0,Car,12.73406848,-1.00000000,1028,992,96.49805447
kitti_mini,000031,1,Car,9.18020152,-1.00000000,1028,1011,98.34630350
kitti_mini,000031,2,Car,13.55821522,-1.00000000,517,517,100.00000000
kitti_mini,000031,3,Truck,22.59145192,-1.00000000,328,298,90.85365854
kitti_mini,000031,4,Car,26.60241154,-1.00000000,141,113,80.14184397
kitti_mini,000031,5,Van,51.96460911,-1.00000000,32,17,53.12500000
kitti_mini,000031,0,Car,12.73406848,-0.50000000,1028,1025,99.70817121
kitti_mini,000031,1,Car,9.18020152,-0.50000000,1028,1028,100.00000000
kitti_mini,000031,2,Car,13.55821522,-0.50000000,517,517,100.00000000
kitti_mini,000031,3,Truck,22.59145192,-0.50000000,328,310,94.51219512
kitti_mini,000031,4,Car,26.60241154,-0.50000000,141,134,95.03546099
kitti_mini,000031,5,Van,51.96460911,-0.50000000,32,25,78.12500000
kitti_mini,000031,0,Car,12.73406848,0.00000000,1028,1028,100.00000000
kitti_mini,000031,1,Car,9.18020152,0.00000000,1028,1028,100.00000000
kitti_mini,000031,2,Car,13.55821522,0.00000000,517,517,100.00000000
kitti_mini,000031,3,Truck,22.59145192,0.00000000,328,328,100.00000000
kitti_mini,000031,4,Car,26.60241154,0.00000000,141,141,100.00000000
kitti_mini,000031,5,Van,51.96460911,0.00000000,32,32,100.00000000
kitti_mini,000031,0,Car,12.73406848,0.50000000,1028,1025,99.70817121
kitti_mini,000031,1,Car,9.18020152,0.50000000,1028,1028,100.00000000
kitti_mini,000031,2,Car,13.55821522,0.50000000,517,508,98.25918762
kitti_mini,000031,3,Truck,22.59145192,0.50000000,328,320,97.56097561
kitti_mini,000031,4,Car,26.60241154,0.50000000,141,131,92.90780142
kitti_mini,000031,5,Van,51.96460911,0.50000000,32,28,87.50000000
kitti_mini,000031,0,Car,12.73406848,1.00000000,1028,1000,97.27626459
kitti_mini,000031,1,Car,9.18020152,1.00000000,1028,1017,98.92996109
kitti_mini,000031,2,Car,13.55821522,1.00000000,517,491,94.97098646
kitti_mini,000031,3,Truck,22.59145192,1.00000000,328,304,92.68292683
kitti_mini,000031,4,Car,26.60241154,1.00000000,141,110,78.01418440
kitti_mini,000031,5,Van,51.96460911,1.00000000,32,19,59.37500000
kitti_mini,000031,0,Car,12.73406848,2.00000000,1028,903,87.84046693
kitti_mini,000031,1,Car,9.18020152,2.00000000,1028,977,95.03891051
kitti_mini,000031,2,Car,13.55821522,2.00000000,517,432,83.55899420
kitti_mini,000031,3,Truck,22.59145192,2.00000000,328,255,77.74390244
kitti_mini,000031,4,Car,26.60241154,2.00000000,141,68,48.22695035
kitti_mini,000031,5,Van,51.96460911,2.00000000,32,3,9.37500000
kitti_mini,000031,0,Car,12.73406848,3.00000000,1028,801,77.91828794
kitti_mini,000031,1,Car,9.18020152,3.00000000,1028,953,92.70428016
kitti_mini,000031,2,Car,13.55821522,3.00000000,517,351,67.89168279
kitti_mini,000031,3,Truck,22.59145192,3.00000000,328,209,63.71951220
kitti_mini,000031,4,Car,26.60241154,3.00000000,141,29,20.56737589
kitti_mini,000031,5,Van,51.96460911,3.00000000,32,0,0.00000000
kitti_mini,000032,0,Car,9.80153559,-3.00000000,1435,1287,89.68641115
kitti_mini,000032,1,Car,9.27557006,-3.00000000,1350,1125,83.33333333
kitti_mini,000032,2,Van,14.90556272,-3.00000000,803,530,66.00249066
kitti_mini,000032,3,Car,13.89888125,-3.00000000,410,404,98.53658537
kitti_mini,000032,4,Car,20.23326469,-3.00000000,71,56,78.87323944
kitti_mini,000032,5,Van,25.46885353,-3.00000000,584,452,77.39726027
kitti_mini,000032,6,Car,25.88769206,-3.00000000,75,36,48.00000000
kitti_mini,000032,7,Van,44.74503995,-3.00000000,64,0,0.00000000
kitti_mini,000032,8,Van,41.11421165,-3.00000000,154,146,94.80519481
kitti_mini,000032,9,Car,45.17375676,-3.00000000,39,0,0.00000000
kitti_mini,000032,0,Car,9.80153559,-2.00000000,1435,1382,96.30662021
kitti_mini,000032,1,Car,9.27557006,-2.00000000,1350,1223,90.59259259
kitti_mini,000032,2,Van,14.90556272,-2.00000000,803,653,81.32004981
kitti_mini,000032,3,Car,13.89888125,-2.00000000,410,410,100.00000000
kitti_mini,000032,4,Car,20.23326469,-2.00000000,71,64,90.14084507
kitti_mini,000032,5,Van,25.46885353,-2.00000000,584,522,89.38356164
kitti_mini,000032,6,Car,25.88769206,-2.00000000,75,60,80.00000000
kitti_mini,000032,7,Van,44.74503995,-2.00000000,64,6,9.37500000
kitti_mini,000032,8,Van,41.11421165,-2.00000000,154,153,99.35064935
kitti_mini,000032,9,Car,45.17375676,-2.00000000,39,11,28.20512821
kitti_mini,000032,0,Car,9.80153559,-1.00000000,1435,1429,99.58188153
kitti_mini,000032,1,Car,9.27557006,-1.00000000,1350,1321,97.85185185
kitti_mini,000032,2,Van,14.90556272,-1.00000000,803,747,93.02615193
kitti_mini,000032,3,Car,13.89888125,-1.00000000,410,410,100.00000000
kitti_mini,000032,4,Car,20.23326469,-1.00000000,71,70,98.59154930
kitti_mini,000032,5,Van,25.46885353,-1.00000000,584,574,98.28767123
kitti_mini,000032,6,Car,25.88769206,-1.00000000,75,72,96.00000000
kitti_mini,000032,7,Van,44.74503995,-1.00000000,64,36,56.25000000
kitti_mini,000032,8,Van,41.11421165,-1.00000000,154,154,100.00000000
kitti_mini,000032,9,Car,45.17375676,-1.00000000,39,29,74.35897436
kitti_mini,000032,0,Car,9.80153559,-0.50000000,1435,1435,100.00000000
kitti_mini,000032,1,Car,9.27557006,-0.50000000,1350,1346,99.70370370
kitti_mini,000032,2,Van,14.90556272,-0.50000000,803,789,98.25653798
kitti_mini,000032,3,Car,13.89888125,-0.50000000,410,410,100.00000000
kitti_mini,000032,4,Car,20.23326469,-0.50000000,71,71,100.00000000
kitti_mini,000032,5,Van,25.46885353,-0.50000000,584,580,99.31506849
kitti_mini,000032,6,Car,25.88769206,-0.50000000,75,75,100.00000000
kitti_mini,000032,7,Van,44.74503995,-0.50000000,64,49,76.56250000
kitti_mini,000032,8,Van,41.11421165,-0.50000000,154,154,100.00000000
kitti_mini,000032,9,Car,45.17375676,-0.50000000,39,37,94.87179487
kitti_mini,000032,0,Car,9.80153559,0.00000000,1435,1435,100.00000000
kitti_mini,000032,1,Car,9.27557006,0.00000000,1350,1350,100.00000000
kitti_mini,000032,2,Van,14.90556272,0.00000000,803,803,100.00000000
kitti_mini,000032,3,Car,13.89888125,0.00000000,410,410,100.00000000
kitti_mini,000032,4,Car,20.23326469,0.00000000,71,71,100.00000000
kitti_mini,000032,5,Van,25.46885353,0.00000000,584,584,100.00000000
kitti_mini,000032,6,Car,25.88769206,0.00000000,75,75,100.00000000
kitti_mini,000032,7,Van,44.74503995,0.00000000,64,64,100.00000000
kitti_mini,000032,8,Van,41.11421165,0.00000000,154,154,100.00000000
kitti_mini,000032,9,Car,45.17375676,0.00000000,39,39,100.00000000
kitti_mini,000032,0,Car,9.80153559,0.50000000,1435,1435,100.00000000
kitti_mini,000032,1,Car,9.27557006,0.50000000,1350,1350,100.00000000
kitti_mini,000032,2,Van,14.90556272,0.50000000,803,803,100.00000000
kitti_mini,000032,3,Car,13.89888125,0.50000000,410,410,100.00000000
kitti_mini,000032,4,Car,20.23326469,0.50000000,71,59,83.09859155
kitti_mini,000032,5,Van,25.46885353,0.50000000,584,584,100.00000000
kitti_mini,000032,6,Car,25.88769206,0.50000000,75,75,100.00000000
kitti_mini,000032,7,Van,44.74503995,0.50000000,64,58,90.62500000
kitti_mini,000032,8,Van,41.11421165,0.50000000,154,153,99.35064935
kitti_mini,000032,9,Car,45.17375676,0.50000000,39,34,87.17948718
kitti_mini,000032,0,Car,9.80153559,1.00000000,1435,1435,100.00000000
kitti_mini,000032,1,Car,9.27557006,1.00000000,1350,1332,98.66666667
kitti_mini,000032,2,Van,14.90556272,1.00000000,803,803,100.00000000
kitti_mini,000032,3,Car,13.89888125,1.00000000,410,395,96.34146341
kitti_mini,000032,4,Car,20.23326469,1.00000000,71,46,64.78873239
kitti_mini,000032,5,Van,25.46885353,1.00000000,584,584,100.00000000
kitti_mini,000032,6,Car,25.88769206,1.00000000,75,73,97.33333333
kitti_mini,000032,7,Van,44.74503995,1.00000000,64,43,67.18750000
kitti_mini,000032,8,Van,41.11421165,1.00000000,154,135,87.66233766
kitti_mini,000032,9,Car,45.17375676,1.00000000,39,25,64.10256410
kitti_mini,000032,0,Car,9.80153559,2.00000000,1435,1420,98.95470383
kitti_mini,000032,1,Car,9.27557006,2.00000000,1350,1272,94.22222222
kitti_mini,000032,2,Van,14.90556272,2.00000000,803,788,98.13200498
kitti_mini,000032,3,Car,13.89888125,2.00000000,410,352,85.85365854
kitti_mini,000032,4,Car,20.23326469,2.00000000,71,18,25.35211268
kitti_mini,000032,5,Van,25.46885353,2.00000000,584,584,100.00000000
kitti_mini,000032,6,Car,25.88769206,2.00000000,75,56,74.66666667
kitti_mini,000032,7,Van,44.74503995,2.00000000,64,15,23.43750000
kitti_mini,000032,8,Van,41.11421165,2.00000000,154,110,71.42857143
kitti_mini,000032,9,Car,45.17375676,2.00000000,39,8,20.51282051
kitti_mini,000032,0,Car,9.80153559,3.00000000,1435,1362,94.91289199
kitti_mini,000032,1,Car,9.27557006,3.00000000,1350,1212,89.77777778
kitti_mini,000032,2,Van,14.90556272,3.00000000,803,754,93.89788294
kitti_mini,000032,3,Car,13.89888125,3.00000000,410,298,72.68292683
kitti_mini,000032,4,Car,20.23326469,3.00000000,71,8,11.26760563
kitti_mini,000032,5,Van,25.46885353,3.00000000,584,584,100.00000000
kitti_mini,000032,6,Car,25.88769206,3.00000000,75,42,56.00000000
kitti_mini,000032,7,Van,44.74503995,3.00000000,64,0,0.00000000
kitti_mini,000032,8,Van,41.11421165,3.00000000,154,81,52.59740260
kitti_mini,000032,9,Car,45.17375676,3.00000000,39,0,0.00000000
kitti_mini,000043,0,Pedestrian,12.84750949,-3.00000000,150,0,0.00000000
kitti_mini,000043,1,Pedestrian,12.72912016,-3.00000000,182,0,0.00000000
kitti_mini,000043,2,Pedestrian,20.71106468,-3.00000000,85,0,0.00000000
kitti_mini,000043,3,Pedestrian,20.62876632,-3.00000000,86,0,0.00000000
kitti_mini,000043,0,Pedestrian,12.84750949,-2.00000000,150,9,6.00000000
kitti_mini,000043,1,Pedestrian,12.72912016,-2.00000000,182,21,11.53846154
kitti_mini,000043,2,Pedestrian,20.71106468,-2.00000000,85,0,0.00000000
kitti_mini,000043,3,Pedestrian,20.62876632,-2.00000000,86,0,0.00000000
kitti_mini,000043,0,Pedestrian,12.84750949,-1.00000000,150,94,62.66666667
kitti_mini,000043,1,Pedestrian,12.72912016,-1.00000000,182,126,69.23076923
kitti_mini,000043,2,Pedestrian,20.71106468,-1.00000000,85,50,58.82352941
kitti_mini,000043,3,Pedestrian,20.62876632,-1.00000000,86,61,70.93023256
kitti_mini,000043,0,Pedestrian,12.84750949,-0.50000000,150,138,92.00000000
kitti_mini,000043,1,Pedestrian,12.72912016,-0.50000000,182,169,92.85714286
kitti_mini,000043,2,Pedestrian,20.71106468,-0.50000000,85,78,91.76470588
kitti_mini,000043,3,Pedestrian,20.62876632,-0.50000000,86,82,95.34883721
kitti_mini,000043,0,Pedestrian,12.84750949,0.00000000,150,150,100.00000000
kitti_mini,000043,1,Pedestrian,12.72912016,0.00000000,182,182,100.00000000
kitti_mini,000043,2,Pedestrian,20.71106468,0.00000000,85,85,100.00000000
kitti_mini,000043,3,Pedestrian,20.62876632,0.00000000,86,86,100.00000000
kitti_mini,000043,0,Pedestrian,12.84750949,0.50000000,150,133,88.66666667
kitti_mini,000043,1,Pedestrian,12.72912016,0.50000000,182,149,81.86813187
kitti_mini,000043,2,Pedestrian,20.71106468,0.50000000,85,67,78.82352941
kitti_mini,000043,3,Pedestrian,20.62876632,0.50000000,86,65,75.58139535
kitti_mini,000043,0,Pedestrian,12.84750949,1.00000000,150,84,56.00000000
kitti_mini,000043,1,Pedestrian,12.72912016,1.00000000,182,104,57.14285714
kitti_mini,000043,2,Pedestrian,20.71106468,1.00000000,85,36,42.35294118
kitti_mini,000043,3,Pedestrian,20.62876632,1.00000000,86,23,26.74418605
kitti_mini,000043,0,Pedestrian,12.84750949,2.00000000,150,6,4.00000000
kitti_mini,000043,1,Pedestrian,12.72912016,2.00000000,182,6,3.29670330
kitti_mini,000043,2,Pedestrian,20.71106468,2.00000000,85,0,0.00000000
kitti_mini,000043,3,Pedestrian,20.62876632,2.00000000,86,0,0.00000000
kitti_mini,000043,0,Pedestrian,12.84750949,3.00000000,150,0,0.00000000
kitti_mini,000043,1,Pedestrian,12.72912016,3.00000000,182,0,0.00000000
kitti_mini,000043,2,Pedestrian,20.71106468,3.00000000,85,0,0.00000000
kitti_mini,000043,3,Pedestrian,20.62876632,3.00000000,86,0,0.00000000
kitti_mini,000048,0,Pedestrian,16.93728432,-3.00000000,108,0,0.00000000
kitti_mini,000048,1,Pedestrian,17.21136253,-3.00000000,125,0,0.00000000
kitti_mini,000048,2,Pedestrian,16.62745020,-3.00000000,96,0,0.00000000
kitti_mini,000048,3,Cyclist,30.44033016,-3.00000000,41,0,0.00000000
kitti_mini,000048,0,Pedestrian,16.93728432,-2.00000000,108,7,6.48148148
kitti_mini,000048,1,Pedestrian,17.21136253,-2.00000000,125,15,12.00000000
kitti_mini,000048,2,Pedestrian,16.62745020,-2.00000000,96,7,7.29166667
kitti_mini,000048,3,Cyclist,30.44033016,-2.00000000,41,0,0.00000000
kitti_mini,000048,0,Pedestrian,16.93728432,-1.00000000,108,87,80.55555556
kitti_mini,000048,1,Pedestrian,17.21136253,-1.00000000,125,94,75.20000000
kitti_mini,000048,2,Pedestrian,16.62745020,-1.00000000,96,86,89.58333333
kitti_mini,000048,3,Cyclist,30.44033016,-1.00000000,41,11,26.82926829
kitti_mini,000048,0,Pedestrian,16.93728432,-0.50000000,108,97,89.81481481
kitti_mini,000048,1,Pedestrian,17.21136253,-0.50000000,125,124,99.20000000
kitti_mini,000048,2,Pedestrian,16.62745020,-0.50000000,96,96,100.00000000
kitti_mini,000048,3,Cyclist,30.44033016,-0.50000000,41,31,75.60975610
kitti_mini,000048,0,Pedestrian,16.93728432,0.00000000,108,108,100.00000000
kitti_mini,000048,1,Pedestrian,17.21136253,0.00000000,125,125,100.00000000
kitti_mini,000048,2,Pedestrian,16.62745020,0.00000000,96,96,100.00000000
kitti_mini,000048,3,Cyclist,30.44033016,0.00000000,41,41,100.00000000
kitti_mini,000048,0,Pedestrian,16.93728432,0.50000000,108,83,76.85185185
kitti_mini,000048,1,Pedestrian,17.21136253,0.50000000,125,105,84.00000000
kitti_mini,000048,2,Pedestrian,16.62745020,0.50000000,96,61,63.54166667
kitti_mini,000048,3,Cyclist,30.44033016,0.50000000,41,37,90.24390244
kitti_mini,000048,0,Pedestrian,16.93728432,1.00000000,108,36,33.33333333
kitti_mini,000048,1,Pedestrian,17.21136253,1.00000000,125,69,55.20000000
kitti_mini,000048,2,Pedestrian,16.62745020,1.00000000,96,19,19.79166667
kitti_mini,000048,3,Cyclist,30.44033016,1.00000000,41,18,43.90243902
kitti_mini,000048,0,Pedestrian,16.93728432,2.00000000,108,2,1.85185185
kitti_mini,000048,1,Pedestrian,17.21136253,2.00000000,125,0,0.00000000
kitti_mini,000048,2,Pedestrian,16.62745020,2.00000000,96,0,0.00000000
kitti_mini,000048,3,Cyclist,30.44033016,2.00000000,41,0,0.00000000
kitti_mini,000048,0,Pedestrian,16.93728432,3.00000000,108,0,0.00000000
kitti_mini,000048,1,Pedestrian,17.21136253,3.00000000,125,0,0.00000000
kitti_mini,000048,2,Pedestrian,16.62745020,3.00000000,96,0,0.00000000
kitti_mini,000048,3,Cyclist,30.44033016,3.00000000,41,0,0.00000000
kitti_mini,000049,0,Car,21.60752415,-3.00000000,206,81,39.32038835
kitti_mini,000049,1,Car,14.43173586,-3.00000000,930,779,83.76344086
kitti_mini,000049,2,Car,22.34527467,-3.00000000,140,37,26.42857143
kitti_mini,000049,3,Car,25.24471034,-3.00000000,79,12,15.18987342
kitti_mini,000049,4,Car,32.80861625,-3.00000000,18,0,0.00000000
kitti_mini,000049,5,Van,45.87890583,-3.00000000,79,17,21.51898734
kitti_mini,000049,6,Pedestrian,5.70784548,-3.00000000,690,537,77.82608696
kitti_mini,000049,7,Car,10.53005698,-3.00000000,571,568,99.47460595
kitti_mini,000049,8,Car,15.53099160,-3.00000000,432,378,87.50000000
kitti_mini,000049,9,Car,20.71094397,-3.00000000,198,179,90.40404040
kitti_mini,000049,10,Pedestrian,32.83098689,-3.00000000,37,0,0.00000000
kitti_mini,000049,11,Car,33.28710561,-3.00000000,74,34,45.94594595
kitti_mini,000049,12,Car,14.50226189,-3.00000000,437,394,90.16018307
kitti_mini,000049,13,Car,19.08105081,-3.00000000,312,227,72.75641026
kitti_mini,000049,15,Car,23.25483391,-3.00000000,8,2,25.00000000
kitti_mini,000049,16,Van,35.61556121,-3.00000000,261,194,74.32950192
kitti_mini,000049,17,Car,22.43159602,-3.00000000,49,36,73.46938776
kitti_mini,000049,0,Car,21.60752415,-2.00000000,206,126,61.16504854
kitti_mini,000049,1,Car,14.43173586,-2.00000000,930,853,91.72043011
kitti_mini,000049,2,Car,22.34527467,-2.00000000,140,74,52.85714286
kitti_mini,000049,3,Car,25.24471034,-2.00000000,79,29,36.70886076
kitti_mini,000049,4,Car,32.80861625,-2.00000000,18,2,11.11111111
kitti_mini,000049,5,Van,45.87890583,-2.00000000,79,28,35.44303797
kitti_mini,000049,6,Pedestrian,5.70784548,-2.00000000,690,618,89.56521739
kitti_mini,000049,7,Car,10.53005698,-2.00000000,571,569,99.64973730
kitti_mini,000049,8,Car,15.53099160,-2.00000000,432,417,96.52777778
kitti_mini,000049,9,Car,20.71094397,-2.00000000,198,185,93.43434343
kitti_mini,000049,10,Pedestrian,32.83098689,-2.00000000,37,0,0.00000000
kitti_mini,000049,11,Car,33.28710561,-2.00000000,74,53,71.62162162
kitti_mini,000049,12,Car,14.50226189,-2.00000000,437,394,90.16018307
kitti_mini,000049,13,Car,19.08105081,-2.00000000,312,273,87.50000000
kitti_mini,000049,15,Car,23.25483391,-2.00000000,8,4,50.00000000
kitti_mini,000049,16,Van,35.61556121,-2.00000000,261,233,89.27203065
kitti_mini,000049,17,Car,22.43159602,-2.00000000,49,44,89.79591837
kitti_mini,000049,0,Car,21.60752415,-1.00000000,206,167,81.06796117
kitti_mini,000049,1,Car,14.43173586,-1.00000000,930,922,99.13978495
kitti_mini,000049,2,Car,22.34527467,-1.00000000,140,118,84.28571429
kitti_mini,000049,3,Car,25.24471034,-1.00000000,79,66,83.54430380
kitti_mini,000049,4,Car,32.80861625,-1.00000000,18,11,61.11111111
kitti_mini,000049,5,Van,45.87890583,-1.00000000,79,61,77.21518987
kitti_mini,000049,6,Pedestrian,5.70784548,-1.00000000,690,684,99.13043478
kitti_mini,000049,7,Car,10.53005698,-1.00000000,571,570,99.82486865
kitti_mini,000049,8,Car,15.53099160,-1.00000000,432,432,100.00000000
kitti_mini,000049,9,Car,20.71094397,-1.00000000,198,190,95.95959596
kitti_mini,000049,10,Pedestrian,32.83098689,-1.00000000,37,6,16.21621622
kitti_mini,000049,11,Car,33.28710561,-1.00000000,74,74,100.00000000
kitti_mini,000049,12,Car,14.50226189,-1.00000000,437,436,99.77116705
kitti_mini,000049,13,Car,19.08105081,-1.00000000,312,299,95.83333333
kitti_mini,000049,15,Car,23.25483391,-1.00000000,8,8,100.00000000
kitti_mini,000049,16,Van,35.61556121,-1.00000000,261,250,95.78544061
kitti_mini,000049,17,Car,22.43159602,-1.00000000,49,48,97.95918367
kitti_mini,000049,0,Car,21.60752415,-0.50000000,206,190,92.23300971
kitti_mini,000049,1,Car,14.43173586,-0.50000000,930,930,100.00000000
kitti_mini,000049,2,Car,22.34527467,-0.50000000,140,136,97.14285714
kitti_mini,000049,3,Car,25.24471034,-0.50000000,79,79,100.00000000
kitti_mini,000049,4,Car,32.80861625,-0.50000000,18,15,83.33333333
kitti_mini,000049,5,Van,45.87890583,-0.50000000,79,75,94.93670886
kitti_mini,000049,6,Pedestrian,5.70784548,-0.50000000,690,686,99.42028986
kitti_mini,000049,7,Car,10.53005698,-0.50000000,571,571,100.00000000
kitti_mini,000049,8,Car,15.53099160,-0.50000000,432,432,100.00000000
kitti_mini,000049,9,Car,20.71094397,-0.50000000,198,196,98.98989899
kitti_mini,000049,10,Pedestrian,32.83098689,-0.50000000,37,26,70.27027027
kitti_mini,000049,11,Car,33.28710561,-0.50000000,74,74,100.00000000
kitti_mini,000049,12,Car,14.50226189,-0.50000000,437,437,100.00000000
kitti_mini,000049,13,Car,19.08105081,-0.50000000,312,310,99.35897436
kitti_mini,000049,15,Car,23.25483391,-0.50000000,8,8,100.00000000
kitti_mini,000049,16,Van,35.61556121,-0.50000000,261,261,100.00000000
kitti_mini,000049,17,Car,22.43159602,-0.50000000,49,49,100.00000000
kitti_mini,000049,0,Car,21.60752415,0.00000000,206,206,100.00000000
kitti_mini,000049,1,Car,14.43173586,0.00000000,930,930,100.00000000
kitti_mini,000049,2,Car,22.34527467,0.00000000,140,140,100.00000000
kitti_mini,000049,3,Car,25.24471034,0.00000000,79,79,100.00000000
kitti_mini,000049,4,Car,32.80861625,0.00000000,18,18,100.00000000
kitti_mini,000049,5,Van,45.87890583,0.00000000,79,79,100.00000000
kitti_mini,000049,6,Pedestrian,5.70784548,0.00000000,690,690,100.00000000
kitti_mini,000049,7,Car,10.53005698,0.00000000,571,571,100.00000000
kitti_mini,000049,8,Car,15.53099160,0.00000000,432,432,100.00000000
kitti_mini,000049,9,Car,20.71094397,0.00000000,198,198,100.00000000
kitti_mini,000049,10,Pedestrian,32.83098689,0.00000000,37,37,100.00000000
kitti_mini,000049,11,Car,33.28710561,0.00000000,74,74,100.00000000
kitti_mini,000049,12,Car,14.50226189,0.00000000,437,437,100.00000000
kitti_mini,000049,13,Car,19.08105081,0.00000000,312,312,100.00000000
kitti_mini,000049,15,Car,23.25483391,0.00000000,8,8,100.00000000
kitti_mini,000049,16,Van,35.61556121,0.00000000,261,261,100.00000000
kitti_mini,000049,17,Car,22.43159602,0.00000000,49,49,100.00000000
kitti_mini,000049,0,Car,21.60752415,0.50000000,206,190,92.23300971
kitti_mini,000049,1,Car,14.43173586,0.50000000,930,925,99.46236559
kitti_mini,000049,2,Car,22.34527467,0.50000000,140,140,100.00000000
kitti_mini,000049,3,Car,25.24471034,0.50000000,79,79,100.00000000
kitti_mini,000049,4,Car,32.80861625,0.50000000,18,18,100.00000000
kitti_mini,000049,5,Van,45.87890583,0.50000000,79,79,100.00000000
kitti_mini,000049,6,Pedestrian,5.70784548,0.50000000,690,668,96.81159420
kitti_mini,000049,7,Car,10.53005698,0.50000000,571,565,98.94921191
kitti_mini,000049,8,Car,15.53099160,0.50000000,432,426,98.61111111
kitti_mini,000049,9,Car,20.71094397,0.50000000,198,195,98.48484848
kitti_mini,000049,10,Pedestrian,32.83098689,0.50000000,37,24,64.86486486
kitti_mini,000049,11,Car,33.28710561,0.50000000,74,74,100.00000000
kitti_mini,000049,12,Car,14.50226189,0.50000000,437,437,100.00000000
kitti_mini,000049,13,Car,19.08105081,0.50000000,312,312,100.00000000
kitti_mini,000049,15,Car,23.25483391,0.50000000,8,8,100.00000000
kitti_mini,000049,16,Van,35.61556121,0.50000000,261,250,95.78544061
kitti_mini,000049,17,Car,22.43159602,0.50000000,49,48,97.95918367
kitti_mini,000049,0,Car,21.60752415,1.00000000,206,165,80.09708738
kitti_mini,000049,1,Car,14.43173586,1.00000000,930,903,97.09677419
kitti_mini,000049,2,Car,22.34527467,1.00000000,140,140,100.00000000
kitti_mini,000049,3,Car,25.24471034,1.00000000,79,79,100.00000000
kitti_mini,000049,4,Car,32.80861625,1.00000000,18,18,100.00000000
kitti_mini,000049,5,Van,45.87890583,1.00000000,79,76,96.20253165
kitti_mini,000049,6,Pedestrian,5.70784548,1.00000000,690,644,93.33333333
kitti_mini,000049,7,Car,10.53005698,1.00000000,571,543,95.09632224
kitti_mini,000049,8,Car,15.53099160,1.00000000,432,406,93.98148148
kitti_mini,000049,9,Car,20.71094397,1.00000000,198,167,84.34343434
kitti_mini,000049,10,Pedestrian,32.83098689,1.00000000,37,2,5.40540541
kitti_mini,000049,11,Car,33.28710561,1.00000000,74,74,100.00000000
kitti_mini,000049,12,Car,14.50226189,1.00000000,437,437,100.00000000
kitti_mini,000049,13,Car,19.08105081,1.00000000,312,312,100.00000000
kitti_mini,000049,15,Car,23.25483391,1.00000000,8,8,100.00000000
kitti_mini,000049,16,Van,35.61556121,1.00000000,261,235,90.03831418
kitti_mini,000049,17,Car,22.43159602,1.00000000,49,41,83.67346939
kitti_mini,000049,0,Car,21.60752415,2.00000000,206,116,56.31067961
kitti_mini,000049,1,Car,14.43173586,2.00000000,930,854,91.82795699
kitti_mini,000049,2,Car,22.34527467,2.00000000,140,140,100.00000000
kitti_mini,000049,3,Car,25.24471034,2.00000000,79,79,100.00000000
kitti_mini,000049,4,Car,32.80861625,2.00000000,18,18,100.00000000
kitti_mini,000049,5,Van,45.87890583,2.00000000,79,69,87.34177215
kitti_mini,000049,6,Pedestrian,5.70784548,2.00000000,690,554,80.28985507
kitti_mini,000049,7,Car,10.53005698,2.00000000,571,495,86.69001751
kitti_mini,000049,8,Car,15.53099160,2.00000000,432,359,83.10185185
kitti_mini,000049,9,Car,20.71094397,2.00000000,198,102,51.51515152
kitti_mini,000049,10,Pedestrian,32.83098689,2.00000000,37,0,0.00000000
kitti_mini,000049,11,Car,33.28710561,2.00000000,74,73,98.64864865
kitti_mini,000049,12,Car,14.50226189,2.00000000,437,421,96.33867277
kitti_mini,000049,13,Car,19.08105081,2.00000000,312,311,99.67948718
kitti_mini,000049,15,Car,23.25483391,2.00000000,8,8,100.00000000
kitti_mini,000049,16,Van,35.61556121,2.00000000,261,199,76.24521073
kitti_mini,000049,17,Car,22.43159602,2.00000000,49,20,40.81632653
kitti_mini,000049,0,Car,21.60752415,3.00000000,206,74,35.92233010
kitti_mini,000049,1,Car,14.43173586,3.00000000,930,797,85.69892473
kitti_mini,000049,2,Car,22.34527467,3.00000000,140,138,98.57142857
kitti_mini,000049,3,Car,25.24471034,3.00000000,79,76,96.20253165
kitti_mini,000049,4,Car,32.80861625,3.00000000,18,18,100.00000000
kitti_mini,000049,5,Van,45.87890583,3.00000000,79,59,74.68354430
kitti_mini,000049,6,Pedestrian,5.70784548,3.00000000,690,429,62.17391304
kitti_mini,000049,7,Car,10.53005698,3.00000000,571,464,81.26094571
kitti_mini,000049,8,Car,15.53099160,3.00000000,432,298,68.98148148
kitti_mini,000049,9,Car,20.71094397,3.00000000,198,38,19.19191919
kitti_mini,000049,10,Pedestrian,32.83098689,3.00000000,37,0,0.00000000
kitti_mini,000049,11,Car,33.28710561,3.00000000,74,62,83.78378378
kitti_mini,000049,12,Car,14.50226189,3.00000000,437,385,88.10068650
kitti_mini,000049,13,Car,19.08105081,3.00000000,312,292,93.58974359
kitti_mini,000049,15,Car,23.25483391,3.00000000,8,7,87.50000000
kitti_mini,000049,16,Van,35.61556121,3.00000000,261,168,64.36781609
kitti_mini,000049,17,Car,22.43159602,3.00000000,49,10,20.40816327
kitti_mini,000061,0,Van,18.85887059,-3.00000000,989,649,65.62184024
kitti_mini,000061,1,Car,14.80597515,-3.00000000,108,0,0.00000000
kitti_mini,000061,2,Car,41.06383689,-3.00000000,6,0,0.00000000
kitti_mini,000061,3,Car,21.30569407,-3.00000000,145,10,6.89655172
kitti_mini,000061,4,Misc,37.18469309,-3.00000000,86,10,11.62790698
kitti_mini,000061,5,Van,43.67330764,-3.00000000,14,0,0.00000000
kitti_mini,000061,0,Van,18.85887059,-2.00000000,989,761,76.94641052
kitti_mini,000061,1,Car,14.80597515,-2.00000000,108,0,0.00000000
kitti_mini,000061,2,Car,41.06383689,-2.00000000,6,0,0.00000000
kitti_mini,000061,3,Car,21.30569407,-2.00000000,145,55,37.93103448
kitti_mini,000061,4,Misc,37.18469309,-2.00000000,86,35,40.69767442
kitti_mini,000061,5,Van,43.67330764,-2.00000000,14,4,28.57142857
kitti_mini,000061,0,Van,18.85887059,-1.00000000,989,892,90.19211325
kitti_mini,000061,1,Car,14.80597515,-1.00000000,108,68,62.96296296
kitti_mini,000061,2,Car,41.06383689,-1.00000000,6,3,50.00000000
kitti_mini,000061,3,Car,21.30569407,-1.00000000,145,117,80.68965517
kitti_mini,000061,4,Misc,37.18469309,-1.00000000,86,57,66.27906977
kitti_mini,000061,5,Van,43.67330764,-1.00000000,14,8,57.14285714
kitti_mini,000061,0,Van,18.85887059,-0.50000000,989,950,96.05662285
kitti_mini,000061,1,Car,14.80597515,-0.50000000,108,102,94.44444444
kitti_mini,000061,2,Car,41.06383689,-0.50000000,6,6,100.00000000
kitti_mini,000061,3,Car,21.30569407,-0.50000000,145,145,100.00000000
kitti_mini,000061,4,Misc,37.18469309,-0.50000000,86,73,84.88372093
kitti_mini,000061,5,Van,43.67330764,-0.50000000,14,11,78.57142857
kitti_mini,000061,0,Van,18.85887059,0.00000000,989,989,100.00000000
kitti_mini,000061,1,Car,14.80597515,0.00000000,108,108,100.00000000
kitti_mini,000061,2,Car,41.06383689,0.00000000,6,6,100.00000000
kitti_mini,000061,3,Car,21.30569407,0.00000000,145,145,100.00000000
kitti_mini,000061,4,Misc,37.18469309,0.00000000,86,86,100.00000000
kitti_mini,000061,5,Van,43.67330764,0.00000000,14,14,100.00000000
kitti_mini,000061,0,Van,18.85887059,0.50000000,989,987,99.79777553
kitti_mini,000061,1,Car,14.80597515,0.50000000,108,73,67.59259259
kitti_mini,000061,2,Car,41.06383689,0.50000000,6,6,100.00000000
kitti_mini,000061,3,Car,21.30569407,0.50000000,145,145,100.00000000
kitti_mini,000061,4,Misc,37.18469309,0.50000000,86,77,89.53488372
kitti_mini,000061,5,Van,43.67330764,0.50000000,14,11,78.57142857
kitti_mini,000061,0,Van,18.85887059,1.00000000,989,959,96.96663296
kitti_mini,000061,1,Car,14.80597515,1.00000000,108,34,31.48148148
kitti_mini,000061,2,Car,41.06383689,1.00000000,6,4,66.66666667
kitti_mini,000061,3,Car,21.30569407,1.00000000,145,144,99.31034483
kitti_mini,000061,4,Misc,37.18469309,1.00000000,86,63,73.25581395
kitti_mini,000061,5,Van,43.67330764,1.00000000,14,9,64.28571429
kitti_mini,000061,0,Van,18.85887059,2.00000000,989,855,86.45096057
kitti_mini,000061,1,Car,14.80597515,2.00000000,108,0,0.00000000
kitti_mini,000061,2,Car,41.06383689,2.00000000,6,0,0.00000000
kitti_mini,000061,3,Car,21.30569407,2.00000000,145,121,83.44827586
kitti_mini,000061,4,Misc,37.18469309,2.00000000,86,41,47.67441860
kitti_mini,000061,5,Van,43.67330764,2.00000000,14,5,35.71428571
kitti_mini,000061,0,Van,18.85887059,3.00000000,989,739,74.72194135
kitti_mini,000061,1,Car,14.80597515,3.00000000,108,0,0.00000000
kitti_mini,000061,2,Car,41.06383689,3.00000000,6,0,0.00000000
kitti_mini,000061,3,Car,21.30569407,3.00000000,145,65,44.82758621
kitti_mini,000061,4,Misc,37.18469309,3.00000000,86,14,16.27906977
kitti_mini,000061,5,Van,43.67330764,3.00000000,14,0,0.00000000
nuscenes_mini_subset,scene-0103_000,1,Pedestrian,18.63030418,-3.00000000,8,0,0.00000000
nuscenes_mini_subset,scene-0103_000,2,Pedestrian,31.06060153,-3.00000000,5,0,0.00000000
nuscenes_mini_subset,scene-0103_000,4,Pedestrian,20.97713815,-3.00000000,9,0,0.00000000
nuscenes_mini_subset,scene-0103_000,5,Pedestrian,28.77270413,-3.00000000,5,0,0.00000000
nuscenes_mini_subset,scene-0103_000,1,Pedestrian,18.63030418,-2.00000000,8,0,0.00000000
nuscenes_mini_subset,scene-0103_000,2,Pedestrian,31.06060153,-2.00000000,5,0,0.00000000
nuscenes_mini_subset,scene-0103_000,4,Pedestrian,20.97713815,-2.00000000,9,0,0.00000000
nuscenes_mini_subset,scene-0103_000,5,Pedestrian,28.77270413,-2.00000000,5,0,0.00000000
nuscenes_mini_subset,scene-0103_000,1,Pedestrian,18.63030418,-1.00000000,8,3,37.50000000
nuscenes_mini_subset,scene-0103_000,2,Pedestrian,31.06060153,-1.00000000,5,2,40.00000000
nuscenes_mini_subset,scene-0103_000,4,Pedestrian,20.97713815,-1.00000000,9,4,44.44444444
nuscenes_mini_subset,scene-0103_000,5,Pedestrian,28.77270413,-1.00000000,5,2,40.00000000
nuscenes_mini_subset,scene-0103_000,1,Pedestrian,18.63030418,-0.50000000,8,7,87.50000000
nuscenes_mini_subset,scene-0103_000,2,Pedestrian,31.06060153,-0.50000000,5,4,80.00000000
nuscenes_mini_subset,scene-0103_000,4,Pedestrian,20.97713815,-0.50000000,9,9,100.00000000
nuscenes_mini_subset,scene-0103_000,5,Pedestrian,28.77270413,-0.50000000,5,4,80.00000000
nuscenes_mini_subset,scene-0103_000,1,Pedestrian,18.63030418,0.00000000,8,8,100.00000000
nuscenes_mini_subset,scene-0103_000,2,Pedestrian,31.06060153,0.00000000,5,5,100.00000000
nuscenes_mini_subset,scene-0103_000,4,Pedestrian,20.97713815,0.00000000,9,9,100.00000000
nuscenes_mini_subset,scene-0103_000,5,Pedestrian,28.77270413,0.00000000,5,5,100.00000000
nuscenes_mini_subset,scene-0103_000,1,Pedestrian,18.63030418,0.50000000,8,8,100.00000000
nuscenes_mini_subset,scene-0103_000,2,Pedestrian,31.06060153,0.50000000,5,5,100.00000000
nuscenes_mini_subset,scene-0103_000,4,Pedestrian,20.97713815,0.50000000,9,9,100.00000000
nuscenes_mini_subset,scene-0103_000,5,Pedestrian,28.77270413,0.50000000,5,4,80.00000000
nuscenes_mini_subset,scene-0103_000,1,Pedestrian,18.63030418,1.00000000,8,7,87.50000000
nuscenes_mini_subset,scene-0103_000,2,Pedestrian,31.06060153,1.00000000,5,1,20.00000000
nuscenes_mini_subset,scene-0103_000,4,Pedestrian,20.97713815,1.00000000,9,7,77.77777778
nuscenes_mini_subset,scene-0103_000,5,Pedestrian,28.77270413,1.00000000,5,1,20.00000000
nuscenes_mini_subset,scene-0103_000,1,Pedestrian,18.63030418,2.00000000,8,1,12.50000000
nuscenes_mini_subset,scene-0103_000,2,Pedestrian,31.06060153,2.00000000,5,0,0.00000000
nuscenes_mini_subset,scene-0103_000,4,Pedestrian,20.97713815,2.00000000,9,0,0.00000000
nuscenes_mini_subset,scene-0103_000,5,Pedestrian,28.77270413,2.00000000,5,0,0.00000000
nuscenes_mini_subset,scene-0103_000,1,Pedestrian,18.63030418,3.00000000,8,0,0.00000000
nuscenes_mini_subset,scene-0103_000,2,Pedestrian,31.06060153,3.00000000,5,0,0.00000000
nuscenes_mini_subset,scene-0103_000,4,Pedestrian,20.97713815,3.00000000,9,0,0.00000000
nuscenes_mini_subset,scene-0103_000,5,Pedestrian,28.77270413,3.00000000,5,0,0.00000000
nuscenes_mini_subset,scene-0103_001,1,Pedestrian,14.08475356,-3.00000000,20,0,0.00000000
nuscenes_mini_subset,scene-0103_001,2,Pedestrian,26.10698477,-3.00000000,5,0,0.00000000
nuscenes_mini_subset,scene-0103_001,9,Pedestrian,27.69716985,-3.00000000,5,0,0.00000000
nuscenes_mini_subset,scene-0103_001,16,Pedestrian,26.84790163,-3.00000000,5,0,0.00000000
nuscenes_mini_subset,scene-0103_001,18,Pedestrian,27.50883778,-3.00000000,6,0,0.00000000
nuscenes_mini_subset,scene-0103_001,1,Pedestrian,14.08475356,-2.00000000,20,0,0.00000000
nuscenes_mini_subset,scene-0103_001,2,Pedestrian,26.10698477,-2.00000000,5,0,0.00000000
nuscenes_mini_subset,scene-0103_001,9,Pedestrian,27.69716985,-2.00000000,5,0,0.00000000
nuscenes_mini_subset,scene-0103_001,16,Pedestrian,26.84790163,-2.00000000,5,0,0.00000000
nuscenes_mini_subset,scene-0103_001,18,Pedestrian,27.50883778,-2.00000000,6,0,0.00000000
nuscenes_mini_subset,scene-0103_001,1,Pedestrian,14.08475356,-1.00000000,20,7,35.00000000
nuscenes_mini_subset,scene-0103_001,2,Pedestrian,26.10698477,-1.00000000,5,4,80.00000000
nuscenes_mini_subset,scene-0103_001,9,Pedestrian,27.69716985,-1.00000000,5,1,20.00000000
nuscenes_mini_subset,scene-0103_001,16,Pedestrian,26.84790163,-1.00000000,5,4,80.00000000
nuscenes_mini_subset,scene-0103_001,18,Pedestrian,27.50883778,-1.00000000,6,1,16.66666667
nuscenes_mini_subset,scene-0103_001,1,Pedestrian,14.08475356,-0.50000000,20,16,80.00000000
nuscenes_mini_subset,scene-0103_001,2,Pedestrian,26.10698477,-0.50000000,5,5,100.00000000
nuscenes_mini_subset,scene-0103_001,9,Pedestrian,27.69716985,-0.50000000,5,5,100.00000000
nuscenes_mini_subset,scene-0103_001,16,Pedestrian,26.84790163,-0.50000000,5,5,100.00000000
nuscenes_mini_subset,scene-0103_001,18,Pedestrian,27.50883778,-0.50000000,6,5,83.33333333
nuscenes_mini_subset,scene-0103_001,1,Pedestrian,14.08475356,0.00000000,20,20,100.00000000
nuscenes_mini_subset,scene-0103_001,2,Pedestrian,26.10698477,0.00000000,5,5,100.00000000
nuscenes_mini_subset,scene-0103_001,9,Pedestrian,27.69716985,0.00000000,5,5,100.00000000
nuscenes_mini_subset,scene-0103_001,16,Pedestrian,26.84790163,0.00000000,5,5,100.00000000
nuscenes_mini_subset,scene-0103_001,18,Pedestrian,27.50883778,0.00000000,6,6,100.00000000
nuscenes_mini_subset,scene-0103_001,1,Pedestrian,14.08475356,0.50000000,20,20,100.00000000
nuscenes_mini_subset,scene-0103_001,2,Pedestrian,26.10698477,0.50000000,5,4,80.00000000
nuscenes_mini_subset,scene-0103_001,9,Pedestrian,27.69716985,0.50000000,5,5,100.00000000
nuscenes_mini_subset,scene-0103_001,16,Pedestrian,26.84790163,0.50000000,5,4,80.00000000
nuscenes_mini_subset,scene-0103_001,18,Pedestrian,27.50883778,0.50000000,6,5,83.33333333
nuscenes_mini_subset,scene-0103_001,1,Pedestrian,14.08475356,1.00000000,20,20,100.00000000
nuscenes_mini_subset,scene-0103_001,2,Pedestrian,26.10698477,1.00000000,5,3,60.00000000
nuscenes_mini_subset,scene-0103_001,9,Pedestrian,27.69716985,1.00000000,5,2,40.00000000
nuscenes_mini_subset,scene-0103_001,16,Pedestrian,26.84790163,1.00000000,5,3,60.00000000
nuscenes_mini_subset,scene-0103_001,18,Pedestrian,27.50883778,1.00000000,6,1,16.66666667
nuscenes_mini_subset,scene-0103_001,1,Pedestrian,14.08475356,2.00000000,20,13,65.00000000
nuscenes_mini_subset,scene-0103_001,2,Pedestrian,26.10698477,2.00000000,5,0,0.00000000
nuscenes_mini_subset,scene-0103_001,9,Pedestrian,27.69716985,2.00000000,5,0,0.00000000
nuscenes_mini_subset,scene-0103_001,16,Pedestrian,26.84790163,2.00000000,5,0,0.00000000
nuscenes_mini_subset,scene-0103_001,18,Pedestrian,27.50883778,2.00000000,6,0,0.00000000
nuscenes_mini_subset,scene-0103_001,1,Pedestrian,14.08475356,3.00000000,20,0,0.00000000
nuscenes_mini_subset,scene-0103_001,2,Pedestrian,26.10698477,3.00000000,5,0,0.00000000
nuscenes_mini_subset,scene-0103_001,9,Pedestrian,27.69716985,3.00000000,5,0,0.00000000
nuscenes_mini_subset,scene-0103_001,16,Pedestrian,26.84790163,3.00000000,5,0,0.00000000
nuscenes_mini_subset,scene-0103_001,18,Pedestrian,27.50883778,3.00000000,6,0,0.00000000
nuscenes_mini_subset,scene-0103_002,1,Pedestrian,21.42176986,-3.00000000,11,0,0.00000000
nuscenes_mini_subset,scene-0103_002,2,Pedestrian,29.17918788,-3.00000000,5,0,0.00000000
nuscenes_mini_subset,scene-0103_002,5,Pedestrian,22.39780680,-3.00000000,8,0,0.00000000
nuscenes_mini_subset,scene-0103_002,8,Pedestrian,23.40659887,-3.00000000,5,0,0.00000000
nuscenes_mini_subset,scene-0103_002,1,Pedestrian,21.42176986,-2.00000000,11,3,27.27272727
nuscenes_mini_subset,scene-0103_002,2,Pedestrian,29.17918788,-2.00000000,5,0,0.00000000
nuscenes_mini_subset,scene-0103_002,5,Pedestrian,22.39780680,-2.00000000,8,0,0.00000000
nuscenes_mini_subset,scene-0103_002,8,Pedestrian,23.40659887,-2.00000000,5,0,0.00000000
nuscenes_mini_subset,scene-0103_002,1,Pedestrian,21.42176986,-1.00000000,11,9,81.81818182
nuscenes_mini_subset,scene-0103_002,2,Pedestrian,29.17918788,-1.00000000,5,0,0.00000000
nuscenes_mini_subset,scene-0103_002,5,Pedestrian,22.39780680,-1.00000000,8,5,62.50000000
nuscenes_mini_subset,scene-0103_002,8,Pedestrian,23.40659887,-1.00000000,5,4,80.00000000
nuscenes_mini_subset,scene-0103_002,1,Pedestrian,21.42176986,-0.50000000,11,11,100.00000000
nuscenes_mini_subset,scene-0103_002,2,Pedestrian,29.17918788,-0.50000000,5,4,80.00000000
nuscenes_mini_subset,scene-0103_002,5,Pedestrian,22.39780680,-0.50000000,8,7,87.50000000
nuscenes_mini_subset,scene-0103_002,8,Pedestrian,23.40659887,-0.50000000,5,5,100.00000000
nuscenes_mini_subset,scene-0103_002,1,Pedestrian,21.42176986,0.00000000,11,11,100.00000000
nuscenes_mini_subset,scene-0103_002,2,Pedestrian,29.17918788,0.00000000,5,5,100.00000000
nuscenes_mini_subset,scene-0103_002,5,Pedestrian,22.39780680,0.00000000,8,8,100.00000000
nuscenes_mini_subset,scene-0103_002,8,Pedestrian,23.40659887,0.00000000,5,5,100.00000000
nuscenes_mini_subset,scene-0103_002,1,Pedestrian,21.42176986,0.50000000,11,8,72.72727273
nuscenes_mini_subset,scene-0103_002,2,Pedestrian,29.17918788,0.50000000,5,3,60.00000000
nuscenes_mini_subset,scene-0103_002,5,Pedestrian,22.39780680,0.50000000,8,7,87.50000000
nuscenes_mini_subset,scene-0103_002,8,Pedestrian,23.40659887,0.50000000,5,5,100.00000000
nuscenes_mini_subset,scene-0103_002,1,Pedestrian,21.42176986,1.00000000,11,7,63.63636364
nuscenes_mini_subset,scene-0103_002,2,Pedestrian,29.17918788,1.00000000,5,0,0.00000000
nuscenes_mini_subset,scene-0103_002,5,Pedestrian,22.39780680,1.00000000,8,6,75.00000000
nuscenes_mini_subset,scene-0103_002,8,Pedestrian,23.40659887,1.00000000,5,1,20.00000000
nuscenes_mini_subset,scene-0103_002,1,Pedestrian,21.42176986,2.00000000,11,1,9.09090909
nuscenes_mini_subset,scene-0103_002,2,Pedestrian,29.17918788,2.00000000,5,0,0.00000000
nuscenes_mini_subset,scene-0103_002,5,Pedestrian,22.39780680,2.00000000,8,0,0.00000000
nuscenes_mini_subset,scene-0103_002,8,Pedestrian,23.40659887,2.00000000,5,0,0.00000000
nuscenes_mini_subset,scene-0103_002,1,Pedestrian,21.42176986,3.00000000,11,0,0.00000000
nuscenes_mini_subset,scene-0103_002,2,Pedestrian,29.17918788,3.00000000,5,0,0.00000000
nuscenes_mini_subset,scene-0103_002,5,Pedestrian,22.39780680,3.00000000,8,0,0.00000000
nuscenes_mini_subset,scene-0103_002,8,Pedestrian,23.40659887,3.00000000,5,0,0.00000000
nuscenes_mini_subset,scene-0103_003,0,Pedestrian,23.97317244,-3.00000000,5,0,0.00000000
nuscenes_mini_subset,scene-0103_003,1,Pedestrian,16.81506976,-3.00000000,15,0,0.00000000
nuscenes_mini_subset,scene-0103_003,3,Car,40.23975253,-3.00000000,7,0,0.00000000
nuscenes_mini_subset,scene-0103_003,8,Pedestrian,19.37622582,-3.00000000,8,0,0.00000000
nuscenes_mini_subset,scene-0103_003,14,Car,22.94534346,-3.00000000,12,10,83.33333333
nuscenes_mini_subset,scene-0103_003,0,Pedestrian,23.97317244,-2.00000000,5,0,0.00000000
nuscenes_mini_subset,scene-0103_003,1,Pedestrian,16.81506976,-2.00000000,15,9,60.00000000
nuscenes_mini_subset,scene-0103_003,3,Car,40.23975253,-2.00000000,7,2,28.57142857
nuscenes_mini_subset,scene-0103_003,8,Pedestrian,19.37622582,-2.00000000,8,0,0.00000000
nuscenes_mini_subset,scene-0103_003,14,Car,22.94534346,-2.00000000,12,10,83.33333333
nuscenes_mini_subset,scene-0103_003,0,Pedestrian,23.97317244,-1.00000000,5,2,40.00000000
nuscenes_mini_subset,scene-0103_003,1,Pedestrian,16.81506976,-1.00000000,15,15,100.00000000
nuscenes_mini_subset,scene-0103_003,3,Car,40.23975253,-1.00000000,7,5,71.42857143
nuscenes_mini_subset,scene-0103_003,8,Pedestrian,19.37622582,-1.00000000,8,7,87.50000000
nuscenes_mini_subset,scene-0103_003,14,Car,22.94534346,-1.00000000,12,12,100.00000000
nuscenes_mini_subset,scene-0103_003,0,Pedestrian,23.97317244,-0.50000000,5,5,100.00000000
nuscenes_mini_subset,scene-0103_003,1,Pedestrian,16.81506976,-0.50000000,15,15,100.00000000
nuscenes_mini_subset,scene-0103_003,3,Car,40.23975253,-0.50000000,7,7,100.00000000
nuscenes_mini_subset,scene-0103_003,8,Pedestrian,19.37622582,-0.50000000,8,8,100.00000000
nuscenes_mini_subset,scene-0103_003,14,Car,22.94534346,-0.50000000,12,12,100.00000000
nuscenes_mini_subset,scene-0103_003,0,Pedestrian,23.97317244,0.00000000,5,5,100.00000000
nuscenes_mini_subset,scene-0103_003,1,Pedestrian,16.81506976,0.00000000,15,15,100.00000000
nuscenes_mini_subset,scene-0103_003,3,Car,40.23975253,0.00000000,7,7,100.00000000
nuscenes_mini_subset,scene-0103_003,8,Pedestrian,19.37622582,0.00000000,8,8,100.00000000
nuscenes_mini_subset,scene-0103_003,14,Car,22.94534346,0.00000000,12,12,100.00000000
nuscenes_mini_subset,scene-0103_003,0,Pedestrian,23.97317244,0.50000000,5,5,100.00000000
nuscenes_mini_subset,scene-0103_003,1,Pedestrian,16.81506976,0.50000000,15,15,100.00000000
nuscenes_mini_subset,scene-0103_003,3,Car,40.23975253,0.50000000,7,6,85.71428571
nuscenes_mini_subset,scene-0103_003,8,Pedestrian,19.37622582,0.50000000,8,8,100.00000000
nuscenes_mini_subset,scene-0103_003,14,Car,22.94534346,0.50000000,12,12,100.00000000
nuscenes_mini_subset,scene-0103_003,0,Pedestrian,23.97317244,1.00000000,5,3,60.00000000
nuscenes_mini_subset,scene-0103_003,1,Pedestrian,16.81506976,1.00000000,15,12,80.00000000
nuscenes_mini_subset,scene-0103_003,3,Car,40.23975253,1.00000000,7,5,71.42857143
nuscenes_mini_subset,scene-0103_003,8,Pedestrian,19.37622582,1.00000000,8,5,62.50000000
nuscenes_mini_subset,scene-0103_003,14,Car,22.94534346,1.00000000,12,12,100.00000000
nuscenes_mini_subset,scene-0103_003,0,Pedestrian,23.97317244,2.00000000,5,0,0.00000000
nuscenes_mini_subset,scene-0103_003,1,Pedestrian,16.81506976,2.00000000,15,3,20.00000000
nuscenes_mini_subset,scene-0103_003,3,Car,40.23975253,2.00000000,7,2,28.57142857
nuscenes_mini_subset,scene-0103_003,8,Pedestrian,19.37622582,2.00000000,8,0,0.00000000
nuscenes_mini_subset,scene-0103_003,14,Car,22.94534346,2.00000000,12,11,91.66666667
nuscenes_mini_subset,scene-0103_003,0,Pedestrian,23.97317244,3.00000000,5,0,0.00000000
nuscenes_mini_subset,scene-0103_003,1,Pedestrian,16.81506976,3.00000000,15,0,0.00000000
nuscenes_mini_subset,scene-0103_003,3,Car,40.23975253,3.00000000,7,0,0.00000000
nuscenes_mini_subset,scene-0103_003,8,Pedestrian,19.37622582,3.00000000,8,0,0.00000000
nuscenes_mini_subset,scene-0103_003,14,Car,22.94534346,3.00000000,12,6,50.00000000
nuscenes_mini_subset,scene-0103_004,0,Pedestrian,19.90174027,-3.00000000,10,0,0.00000000
nuscenes_mini_subset,scene-0103_004,1,Pedestrian,20.50572567,-3.00000000,6,0,0.00000000
nuscenes_mini_subset,scene-0103_004,6,Pedestrian,21.34598512,-3.00000000,7,0,0.00000000
nuscenes_mini_subset,scene-0103_004,8,Pedestrian,15.71720725,-3.00000000,16,0,0.00000000
nuscenes_mini_subset,scene-0103_004,12,Pedestrian,17.83193138,-3.00000000,9,0,0.00000000
nuscenes_mini_subset,scene-0103_004,16,Car,14.42618872,-3.00000000,53,46,86.79245283
nuscenes_mini_subset,scene-0103_004,17,Car,49.15109898,-3.00000000,5,0,0.00000000
nuscenes_mini_subset,scene-0103_004,22,Pedestrian,18.15708337,-3.00000000,6,0,0.00000000
nuscenes_mini_subset,scene-0103_004,0,Pedestrian,19.90174027,-2.00000000,10,0,0.00000000
nuscenes_mini_subset,scene-0103_004,1,Pedestrian,20.50572567,-2.00000000,6,0,0.00000000
nuscenes_mini_subset,scene-0103_004,6,Pedestrian,21.34598512,-2.00000000,7,0,0.00000000
nuscenes_mini_subset,scene-0103_004,8,Pedestrian,15.71720725,-2.00000000,16,2,12.50000000
nuscenes_mini_subset,scene-0103_004,12,Pedestrian,17.83193138,-2.00000000,9,0,0.00000000
nuscenes_mini_subset,scene-0103_004,16,Car,14.42618872,-2.00000000,53,47,88.67924528
nuscenes_mini_subset,scene-0103_004,17,Car,49.15109898,-2.00000000,5,0,0.00000000
nuscenes_mini_subset,scene-0103_004,22,Pedestrian,18.15708337,-2.00000000,6,0,0.00000000
nuscenes_mini_subset,scene-0103_004,0,Pedestrian,19.90174027,-1.00000000,10,7,70.00000000
nuscenes_mini_subset,scene-0103_004,1,Pedestrian,20.50572567,-1.00000000,6,2,33.33333333
nuscenes_mini_subset,scene-0103_004,6,Pedestrian,21.34598512,-1.00000000,7,1,14.28571429
nuscenes_mini_subset,scene-0103_004,8,Pedestrian,15.71720725,-1.00000000,16,12,75.00000000
nuscenes_mini_subset,scene-0103_004,12,Pedestrian,17.83193138,-1.00000000,9,7,77.77777778
nuscenes_mini_subset,scene-0103_004,16,Car,14.42618872,-1.00000000,53,51,96.22641509
nuscenes_mini_subset,scene-0103_004,17,Car,49.15109898,-1.00000000,5,3,60.00000000
nuscenes_mini_subset,scene-0103_004,22,Pedestrian,18.15708337,-1.00000000,6,2,33.33333333
nuscenes_mini_subset,scene-0103_004,0,Pedestrian,19.90174027,-0.50000000,10,10,100.00000000
nuscenes_mini_subset,scene-0103_004,1,Pedestrian,20.50572567,-0.50000000,6,6,100.00000000
nuscenes_mini_subset,scene-0103_004,6,Pedestrian,21.34598512,-0.50000000,7,5,71.42857143
nuscenes_mini_subset,scene-0103_004,8,Pedestrian,15.71720725,-0.50000000,16,16,100.00000000
nuscenes_mini_subset,scene-0103_004,12,Pedestrian,17.83193138,-0.50000000,9,9,100.00000000
nuscenes_mini_subset,scene-0103_004,16,Car,14.42618872,-0.50000000,53,53,100.00000000
nuscenes_mini_subset,scene-0103_004,17,Car,49.15109898,-0.50000000,5,5,100.00000000
nuscenes_mini_subset,scene-0103_004,22,Pedestrian,18.15708337,-0.50000000,6,2,33.33333333
nuscenes_mini_subset,scene-0103_004,0,Pedestrian,19.90174027,0.00000000,10,10,100.00000000
nuscenes_mini_subset,scene-0103_004,1,Pedestrian,20.50572567,0.00000000,6,6,100.00000000
nuscenes_mini_subset,scene-0103_004,6,Pedestrian,21.34598512,0.00000000,7,7,100.00000000
nuscenes_mini_subset,scene-0103_004,8,Pedestrian,15.71720725,0.00000000,16,16,100.00000000
nuscenes_mini_subset,scene-0103_004,12,Pedestrian,17.83193138,0.00000000,9,9,100.00000000
nuscenes_mini_subset,scene-0103_004,16,Car,14.42618872,0.00000000,53,53,100.00000000
nuscenes_mini_subset,scene-0103_004,17,Car,49.15109898,0.00000000,5,5,100.00000000
nuscenes_mini_subset,scene-0103_004,22,Pedestrian,18.15708337,0.00000000,6,6,100.00000000
nuscenes_mini_subset,scene-0103_004,0,Pedestrian,19.90174027,0.50000000,10,3,30.00000000
nuscenes_mini_subset,scene-0103_004,1,Pedestrian,20.50572567,0.50000000,6,4,66.66666667
nuscenes_mini_subset,scene-0103_004,6,Pedestrian,21.34598512,0.50000000,7,7,100.00000000
nuscenes_mini_subset,scene-0103_004,8,Pedestrian,15.71720725,0.50000000,16,16,100.00000000
nuscenes_mini_subset,scene-0103_004,12,Pedestrian,17.83193138,0.50000000,9,9,100.00000000
nuscenes_mini_subset,scene-0103_004,16,Car,14.42618872,0.50000000,53,53,100.00000000
nuscenes_mini_subset,scene-0103_004,17,Car,49.15109898,0.50000000,5,5,100.00000000
nuscenes_mini_subset,scene-0103_004,22,Pedestrian,18.15708337,0.50000000,6,5,83.33333333
nuscenes_mini_subset,scene-0103_004,0,Pedestrian,19.90174027,1.00000000,10,0,0.00000000
nuscenes_mini_subset,scene-0103_004,1,Pedestrian,20.50572567,1.00000000,6,4,66.66666667
nuscenes_mini_subset,scene-0103_004,6,Pedestrian,21.34598512,1.00000000,7,2,28.57142857
nuscenes_mini_subset,scene-0103_004,8,Pedestrian,15.71720725,1.00000000,16,15,93.75000000
nuscenes_mini_subset,scene-0103_004,12,Pedestrian,17.83193138,1.00000000,9,7,77.77777778
nuscenes_mini_subset,scene-0103_004,16,Car,14.42618872,1.00000000,53,53,100.00000000
nuscenes_mini_subset,scene-0103_004,17,Car,49.15109898,1.00000000,5,4,80.00000000
nuscenes_mini_subset,scene-0103_004,22,Pedestrian,18.15708337,1.00000000,6,4,66.66666667
nuscenes_mini_subset,scene-0103_004,0,Pedestrian,19.90174027,2.00000000,10,0,0.00000000
nuscenes_mini_subset,scene-0103_004,1,Pedestrian,20.50572567,2.00000000,6,0,0.00000000
nuscenes_mini_subset,scene-0103_004,6,Pedestrian,21.34598512,2.00000000,7,0,0.00000000
nuscenes_mini_subset,scene-0103_004,8,Pedestrian,15.71720725,2.00000000,16,7,43.75000000
nuscenes_mini_subset,scene-0103_004,12,Pedestrian,17.83193138,2.00000000,9,0,0.00000000
nuscenes_mini_subset,scene-0103_004,16,Car,14.42618872,2.00000000,53,51,96.22641509
nuscenes_mini_subset,scene-0103_004,17,Car,49.15109898,2.00000000,5,1,20.00000000
nuscenes_mini_subset,scene-0103_004,22,Pedestrian,18.15708337,2.00000000,6,0,0.00000000
nuscenes_mini_subset,scene-0103_004,0,Pedestrian,19.90174027,3.00000000,10,0,0.00000000
nuscenes_mini_subset,scene-0103_004,1,Pedestrian,20.50572567,3.00000000,6,0,0.00000000
nuscenes_mini_subset,scene-0103_004,6,Pedestrian,21.34598512,3.00000000,7,0,0.00000000
nuscenes_mini_subset,scene-0103_004,8,Pedestrian,15.71720725,3.00000000,16,0,0.00000000
nuscenes_mini_subset,scene-0103_004,12,Pedestrian,17.83193138,3.00000000,9,0,0.00000000
nuscenes_mini_subset,scene-0103_004,16,Car,14.42618872,3.00000000,53,47,88.67924528
nuscenes_mini_subset,scene-0103_004,17,Car,49.15109898,3.00000000,5,0,0.00000000
nuscenes_mini_subset,scene-0103_004,22,Pedestrian,18.15708337,3.00000000,6,0,0.00000000
nuscenes_mini_subset,scene-0103_005,0,Pedestrian,16.22103627,-3.00000000,13,0,0.00000000
nuscenes_mini_subset,scene-0103_005,4,Pedestrian,17.02112896,-3.00000000,9,0,0.00000000
nuscenes_mini_subset,scene-0103_005,5,Car,46.43914265,-3.00000000,6,0,0.00000000
nuscenes_mini_subset,scene-0103_005,7,Car,30.44963850,-3.00000000,5,1,20.00000000
nuscenes_mini_subset,scene-0103_005,9,Pedestrian,18.71111144,-3.00000000,7,0,0.00000000
nuscenes_mini_subset,scene-0103_005,12,Car,6.57292481,-3.00000000,79,79,100.00000000
nuscenes_mini_subset,scene-0103_005,0,Pedestrian,16.22103627,-2.00000000,13,0,0.00000000
nuscenes_mini_subset,scene-0103_005,4,Pedestrian,17.02112896,-2.00000000,9,0,0.00000000
nuscenes_mini_subset,scene-0103_005,5,Car,46.43914265,-2.00000000,6,3,50.00000000
nuscenes_mini_subset,scene-0103_005,7,Car,30.44963850,-2.00000000,5,3,60.00000000
nuscenes_mini_subset,scene-0103_005,9,Pedestrian,18.71111144,-2.00000000,7,0,0.00000000
nuscenes_mini_subset,scene-0103_005,12,Car,6.57292481,-2.00000000,79,79,100.00000000
nuscenes_mini_subset,scene-0103_005,0,Pedestrian,16.22103627,-1.00000000,13,7,53.84615385
nuscenes_mini_subset,scene-0103_005,4,Pedestrian,17.02112896,-1.00000000,9,5,55.55555556
nuscenes_mini_subset,scene-0103_005,5,Car,46.43914265,-1.00000000,6,5,83.33333333
nuscenes_mini_subset,scene-0103_005,7,Car,30.44963850,-1.00000000,5,5,100.00000000
nuscenes_mini_subset,scene-0103_005,9,Pedestrian,18.71111144,-1.00000000,7,1,14.28571429
nuscenes_mini_subset,scene-0103_005,12,Car,6.57292481,-1.00000000,79,79,100.00000000
nuscenes_mini_subset,scene-0103_005,0,Pedestrian,16.22103627,-0.50000000,13,11,84.61538462
nuscenes_mini_subset,scene-0103_005,4,Pedestrian,17.02112896,-0.50000000,9,6,66.66666667
nuscenes_mini_subset,scene-0103_005,5,Car,46.43914265,-0.50000000,6,6,100.00000000
nuscenes_mini_subset,scene-0103_005,7,Car,30.44963850,-0.50000000,5,5,100.00000000
nuscenes_mini_subset,scene-0103_005,9,Pedestrian,18.71111144,-0.50000000,7,6,85.71428571
nuscenes_mini_subset,scene-0103_005,12,Car,6.57292481,-0.50000000,79,79,100.00000000
nuscenes_mini_subset,scene-0103_005,0,Pedestrian,16.22103627,0.00000000,13,13,100.00000000
nuscenes_mini_subset,scene-0103_005,4,Pedestrian,17.02112896,0.00000000,9,9,100.00000000
nuscenes_mini_subset,scene-0103_005,5,Car,46.43914265,0.00000000,6,6,100.00000000
nuscenes_mini_subset,scene-0103_005,7,Car,30.44963850,0.00000000,5,5,100.00000000
nuscenes_mini_subset,scene-0103_005,9,Pedestrian,18.71111144,0.00000000,7,7,100.00000000
nuscenes_mini_subset,scene-0103_005,12,Car,6.57292481,0.00000000,79,79,100.00000000
nuscenes_mini_subset,scene-0103_005,0,Pedestrian,16.22103627,0.50000000,13,13,100.00000000
nuscenes_mini_subset,scene-0103_005,4,Pedestrian,17.02112896,0.50000000,9,9,100.00000000
nuscenes_mini_subset,scene-0103_005,5,Car,46.43914265,0.50000000,6,6,100.00000000
nuscenes_mini_subset,scene-0103_005,7,Car,30.44963850,0.50000000,5,5,100.00000000
nuscenes_mini_subset,scene-0103_005,9,Pedestrian,18.71111144,0.50000000,7,7,100.00000000
nuscenes_mini_subset,scene-0103_005,12,Car,6.57292481,0.50000000,79,76,96.20253165
nuscenes_mini_subset,scene-0103_005,0,Pedestrian,16.22103627,1.00000000,13,12,92.30769231
nuscenes_mini_subset,scene-0103_005,4,Pedestrian,17.02112896,1.00000000,9,4,44.44444444
nuscenes_mini_subset,scene-0103_005,5,Car,46.43914265,1.00000000,6,6,100.00000000
nuscenes_mini_subset,scene-0103_005,7,Car,30.44963850,1.00000000,5,5,100.00000000
nuscenes_mini_subset,scene-0103_005,9,Pedestrian,18.71111144,1.00000000,7,5,71.42857143
nuscenes_mini_subset,scene-0103_005,12,Car,6.57292481,1.00000000,79,71,89.87341772
nuscenes_mini_subset,scene-0103_005,0,Pedestrian,16.22103627,2.00000000,13,2,15.38461538
nuscenes_mini_subset,scene-0103_005,4,Pedestrian,17.02112896,2.00000000,9,0,0.00000000
nuscenes_mini_subset,scene-0103_005,5,Car,46.43914265,2.00000000,6,6,100.00000000
nuscenes_mini_subset,scene-0103_005,7,Car,30.44963850,2.00000000,5,5,100.00000000
nuscenes_mini_subset,scene-0103_005,9,Pedestrian,18.71111144,2.00000000,7,0,0.00000000
nuscenes_mini_subset,scene-0103_005,12,Car,6.57292481,2.00000000,79,63,79.74683544
nuscenes_mini_subset,scene-0103_005,0,Pedestrian,16.22103627,3.00000000,13,0,0.00000000
nuscenes_mini_subset,scene-0103_005,4,Pedestrian,17.02112896,3.00000000,9,0,0.00000000
nuscenes_mini_subset,scene-0103_005,5,Car,46.43914265,3.00000000,6,4,66.66666667
nuscenes_mini_subset,scene-0103_005,7,Car,30.44963850,3.00000000,5,3,60.00000000
nuscenes_mini_subset,scene-0103_005,9,Pedestrian,18.71111144,3.00000000,7,0,0.00000000
nuscenes_mini_subset,scene-0103_005,12,Car,6.57292481,3.00000000,79,54,68.35443038
nuscenes_mini_subset,scene-0103_006,0,Car,40.29398358,-3.00000000,6,0,0.00000000
nuscenes_mini_subset,scene-0103_006,3,Car,42.30987763,-3.00000000,7,2,28.57142857
nuscenes_mini_subset,scene-0103_006,4,Car,22.40219728,-3.00000000,19,11,57.89473684
nuscenes_mini_subset,scene-0103_006,5,Car,26.12729181,-3.00000000,14,9,64.28571429
nuscenes_mini_subset,scene-0103_006,0,Car,40.29398358,-2.00000000,6,2,33.33333333
nuscenes_mini_subset,scene-0103_006,3,Car,42.30987763,-2.00000000,7,5,71.42857143
nuscenes_mini_subset,scene-0103_006,4,Car,22.40219728,-2.00000000,19,15,78.94736842
nuscenes_mini_subset,scene-0103_006,5,Car,26.12729181,-2.00000000,14,13,92.85714286
nuscenes_mini_subset,scene-0103_006,0,Car,40.29398358,-1.00000000,6,5,83.33333333
nuscenes_mini_subset,scene-0103_006,3,Car,42.30987763,-1.00000000,7,7,100.00000000
nuscenes_mini_subset,scene-0103_006,4,Car,22.40219728,-1.00000000,19,18,94.73684211
nuscenes_mini_subset,scene-0103_006,5,Car,26.12729181,-1.00000000,14,13,92.85714286
nuscenes_mini_subset,scene-0103_006,0,Car,40.29398358,-0.50000000,6,6,100.00000000
nuscenes_mini_subset,scene-0103_006,3,Car,42.30987763,-0.50000000,7,7,100.00000000
nuscenes_mini_subset,scene-0103_006,4,Car,22.40219728,-0.50000000,19,19,100.00000000
nuscenes_mini_subset,scene-0103_006,5,Car,26.12729181,-0.50000000,14,14,100.00000000
nuscenes_mini_subset,scene-0103_006,0,Car,40.29398358,0.00000000,6,6,100.00000000
nuscenes_mini_subset,scene-0103_006,3,Car,42.30987763,0.00000000,7,7,100.00000000
nuscenes_mini_subset,scene-0103_006,4,Car,22.40219728,0.00000000,19,19,100.00000000
nuscenes_mini_subset,scene-0103_006,5,Car,26.12729181,0.00000000,14,14,100.00000000
nuscenes_mini_subset,scene-0103_006,0,Car,40.29398358,0.50000000,6,6,100.00000000
nuscenes_mini_subset,scene-0103_006,3,Car,42.30987763,0.50000000,7,7,100.00000000
nuscenes_mini_subset,scene-0103_006,4,Car,22.40219728,0.50000000,19,18,94.73684211
nuscenes_mini_subset,scene-0103_006,5,Car,26.12729181,0.50000000,14,14,100.00000000
nuscenes_mini_subset,scene-0103_006,0,Car,40.29398358,1.00000000,6,4,66.66666667
nuscenes_mini_subset,scene-0103_006,3,Car,42.30987763,1.00000000,7,7,100.00000000
nuscenes_mini_subset,scene-0103_006,4,Car,22.40219728,1.00000000,19,17,89.47368421
nuscenes_mini_subset,scene-0103_006,5,Car,26.12729181,1.00000000,14,14,100.00000000
nuscenes_mini_subset,scene-0103_006,0,Car,40.29398358,2.00000000,6,1,16.66666667
nuscenes_mini_subset,scene-0103_006,3,Car,42.30987763,2.00000000,7,7,100.00000000
nuscenes_mini_subset,scene-0103_006,4,Car,22.40219728,2.00000000,19,14,73.68421053
nuscenes_mini_subset,scene-0103_006,5,Car,26.12729181,2.00000000,14,11,78.57142857
nuscenes_mini_subset,scene-0103_006,0,Car,40.29398358,3.00000000,6,0,0.00000000
nuscenes_mini_subset,scene-0103_006,3,Car,42.30987763,3.00000000,7,6,85.71428571
nuscenes_mini_subset,scene-0103_006,4,Car,22.40219728,3.00000000,19,11,57.89473684
nuscenes_mini_subset,scene-0103_006,5,Car,26.12729181,3.00000000,14,8,57.14285714
nuscenes_mini_subset,scene-0103_007,2,Car,37.76728528,-3.00000000,7,5,71.42857143
nuscenes_mini_subset,scene-0103_007,4,Car,13.17164553,-3.00000000,101,81,80.19801980
nuscenes_mini_subset,scene-0103_007,5,Car,21.90092629,-3.00000000,11,11,100.00000000
nuscenes_mini_subset,scene-0103_007,11,Car,36.32391175,-3.00000000,8,0,0.00000000
nuscenes_mini_subset,scene-0103_007,12,Pedestrian,31.38168585,-3.00000000,5,0,0.00000000
nuscenes_mini_subset,scene-0103_007,2,Car,37.76728528,-2.00000000,7,7,100.00000000
nuscenes_mini_subset,scene-0103_007,4,Car,13.17164553,-2.00000000,101,89,88.11881188
nuscenes_mini_subset,scene-0103_007,5,Car,21.90092629,-2.00000000,11,11,100.00000000
nuscenes_mini_subset,scene-0103_007,11,Car,36.32391175,-2.00000000,8,3,37.50000000
nuscenes_mini_subset,scene-0103_007,12,Pedestrian,31.38168585,-2.00000000,5,0,0.00000000
nuscenes_mini_subset,scene-0103_007,2,Car,37.76728528,-1.00000000,7,7,100.00000000
nuscenes_mini_subset,scene-0103_007,4,Car,13.17164553,-1.00000000,101,99,98.01980198
nuscenes_mini_subset,scene-0103_007,5,Car,21.90092629,-1.00000000,11,11,100.00000000
nuscenes_mini_subset,scene-0103_007,11,Car,36.32391175,-1.00000000,8,6,75.00000000
nuscenes_mini_subset,scene-0103_007,12,Pedestrian,31.38168585,-1.00000000,5,1,20.00000000
nuscenes_mini_subset,scene-0103_007,2,Car,37.76728528,-0.50000000,7,7,100.00000000
nuscenes_mini_subset,scene-0103_007,4,Car,13.17164553,-0.50000000,101,101,100.00000000
nuscenes_mini_subset,scene-0103_007,5,Car,21.90092629,-0.50000000,11,11,100.00000000
nuscenes_mini_subset,scene-0103_007,11,Car,36.32391175,-0.50000000,8,7,87.50000000
nuscenes_mini_subset,scene-0103_007,12,Pedestrian,31.38168585,-0.50000000,5,3,60.00000000
nuscenes_mini_subset,scene-0103_007,2,Car,37.76728528,0.00000000,7,7,100.00000000
nuscenes_mini_subset,scene-0103_007,4,Car,13.17164553,0.00000000,101,101,100.00000000
nuscenes_mini_subset,scene-0103_007,5,Car,21.90092629,0.00000000,11,11,100.00000000
nuscenes_mini_subset,scene-0103_007,11,Car,36.32391175,0.00000000,8,8,100.00000000
nuscenes_mini_subset,scene-0103_007,12,Pedestrian,31.38168585,0.00000000,5,5,100.00000000
nuscenes_mini_subset,scene-0103_007,2,Car,37.76728528,0.50000000,7,7,100.00000000
nuscenes_mini_subset,scene-0103_007,4,Car,13.17164553,0.50000000,101,101,100.00000000
nuscenes_mini_subset,scene-0103_007,5,Car,21.90092629,0.50000000,11,11,100.00000000
nuscenes_mini_subset,scene-0103_007,11,Car,36.32391175,0.50000000,8,8,100.00000000
nuscenes_mini_subset,scene-0103_007,12,Pedestrian,31.38168585,0.50000000,5,5,100.00000000
nuscenes_mini_subset,scene-0103_007,2,Car,37.76728528,1.00000000,7,7,100.00000000
nuscenes_mini_subset,scene-0103_007,4,Car,13.17164553,1.00000000,101,100,99.00990099
nuscenes_mini_subset,scene-0103_007,5,Car,21.90092629,1.00000000,11,10,90.90909091
nuscenes_mini_subset,scene-0103_007,11,Car,36.32391175,1.00000000,8,8,100.00000000
nuscenes_mini_subset,scene-0103_007,12,Pedestrian,31.38168585,1.00000000,5,3,60.00000000
nuscenes_mini_subset,scene-0103_007,2,Car,37.76728528,2.00000000,7,6,85.71428571
nuscenes_mini_subset,scene-0103_007,4,Car,13.17164553,2.00000000,101,96,95.04950495
nuscenes_mini_subset,scene-0103_007,5,Car,21.90092629,2.00000000,11,8,72.72727273
nuscenes_mini_subset,scene-0103_007,11,Car,36.32391175,2.00000000,8,5,62.50000000
nuscenes_mini_subset,scene-0103_007,12,Pedestrian,31.38168585,2.00000000,5,0,0.00000000
nuscenes_mini_subset,scene-0103_007,2,Car,37.76728528,3.00000000,7,6,85.71428571
nuscenes_mini_subset,scene-0103_007,4,Car,13.17164553,3.00000000,101,91,90.09900990
nuscenes_mini_subset,scene-0103_007,5,Car,21.90092629,3.00000000,11,8,72.72727273
nuscenes_mini_subset,scene-0103_007,11,Car,36.32391175,3.00000000,8,2,25.00000000
nuscenes_mini_subset,scene-0103_007,12,Pedestrian,31.38168585,3.00000000,5,0,0.00000000
nuscenes_mini_subset,scene-0103_008,2,Car,33.45774006,-3.00000000,5,3,60.00000000
nuscenes_mini_subset,scene-0103_008,4,Car,5.12785540,-3.00000000,61,46,75.40983607
nuscenes_mini_subset,scene-0103_008,5,Car,17.80717365,-3.00000000,48,44,91.66666667
nuscenes_mini_subset,scene-0103_008,11,Car,31.91325522,-3.00000000,7,1,14.28571429
nuscenes_mini_subset,scene-0103_008,12,Pedestrian,27.79660372,-3.00000000,5,0,0.00000000
nuscenes_mini_subset,scene-0103_008,2,Car,33.45774006,-2.00000000,5,4,80.00000000
nuscenes_mini_subset,scene-0103_008,4,Car,5.12785540,-2.00000000,61,56,91.80327869
nuscenes_mini_subset,scene-0103_008,5,Car,17.80717365,-2.00000000,48,44,91.66666667
nuscenes_mini_subset,scene-0103_008,11,Car,31.91325522,-2.00000000,7,3,42.85714286
nuscenes_mini_subset,scene-0103_008,12,Pedestrian,27.79660372,-2.00000000,5,0,0.00000000
nuscenes_mini_subset,scene-0103_008,2,Car,33.45774006,-1.00000000,5,5,100.00000000
nuscenes_mini_subset,scene-0103_008,4,Car,5.12785540,-1.00000000,61,59,96.72131148
nuscenes_mini_subset,scene-0103_008,5,Car,17.80717365,-1.00000000,48,47,97.91666667
nuscenes_mini_subset,scene-0103_008,11,Car,31.91325522,-1.00000000,7,5,71.42857143
nuscenes_mini_subset,scene-0103_008,12,Pedestrian,27.79660372,-1.00000000,5,1,20.00000000
nuscenes_mini_subset,scene-0103_008,2,Car,33.45774006,-0.50000000,5,5,100.00000000
nuscenes_mini_subset,scene-0103_008,4,Car,5.12785540,-0.50000000,61,61,100.00000000
nuscenes_mini_subset,scene-0103_008,5,Car,17.80717365,-0.50000000,48,48,100.00000000
nuscenes_mini_subset,scene-0103_008,11,Car,31.91325522,-0.50000000,7,6,85.71428571
nuscenes_mini_subset,scene-0103_008,12,Pedestrian,27.79660372,-0.50000000,5,5,100.00000000
nuscenes_mini_subset,scene-0103_008,2,Car,33.45774006,0.00000000,5,5,100.00000000
nuscenes_mini_subset,scene-0103_008,4,Car,5.12785540,0.00000000,61,61,100.00000000
nuscenes_mini_subset,scene-0103_008,5,Car,17.80717365,0.00000000,48,48,100.00000000
nuscenes_mini_subset,scene-0103_008,11,Car,31.91325522,0.00000000,7,7,100.00000000
nuscenes_mini_subset,scene-0103_008,12,Pedestrian,27.79660372,0.00000000,5,5,100.00000000
nuscenes_mini_subset,scene-0103_008,2,Car,33.45774006,0.50000000,5,5,100.00000000
nuscenes_mini_subset,scene-0103_008,4,Car,5.12785540,0.50000000,61,52,85.24590164
nuscenes_mini_subset,scene-0103_008,5,Car,17.80717365,0.50000000,48,48,100.00000000
nuscenes_mini_subset,scene-0103_008,11,Car,31.91325522,0.50000000,7,7,100.00000000
nuscenes_mini_subset,scene-0103_008,12,Pedestrian,27.79660372,0.50000000,5,5,100.00000000
nuscenes_mini_subset,scene-0103_008,2,Car,33.45774006,1.00000000,5,5,100.00000000
nuscenes_mini_subset,scene-0103_008,4,Car,5.12785540,1.00000000,61,42,68.85245902
nuscenes_mini_subset,scene-0103_008,5,Car,17.80717365,1.00000000,48,48,100.00000000
nuscenes_mini_subset,scene-0103_008,11,Car,31.91325522,1.00000000,7,7,100.00000000
nuscenes_mini_subset,scene-0103_008,12,Pedestrian,27.79660372,1.00000000,5,4,80.00000000
nuscenes_mini_subset,scene-0103_008,2,Car,33.45774006,2.00000000,5,4,80.00000000
nuscenes_mini_subset,scene-0103_008,4,Car,5.12785540,2.00000000,61,26,42.62295082
nuscenes_mini_subset,scene-0103_008,5,Car,17.80717365,2.00000000,48,43,89.58333333
nuscenes_mini_subset,scene-0103_008,11,Car,31.91325522,2.00000000,7,5,71.42857143
nuscenes_mini_subset,scene-0103_008,12,Pedestrian,27.79660372,2.00000000,5,0,0.00000000
nuscenes_mini_subset,scene-0103_008,2,Car,33.45774006,3.00000000,5,2,40.00000000
nuscenes_mini_subset,scene-0103_008,4,Car,5.12785540,3.00000000,61,9,14.75409836
nuscenes_mini_subset,scene-0103_008,5,Car,17.80717365,3.00000000,48,38,79.16666667
nuscenes_mini_subset,scene-0103_008,11,Car,31.91325522,3.00000000,7,4,57.14285714
nuscenes_mini_subset,scene-0103_008,12,Pedestrian,27.79660372,3.00000000,5,0,0.00000000
nuscenes_mini_subset,scene-0103_009,2,Car,29.16330586,-3.00000000,10,10,100.00000000
nuscenes_mini_subset,scene-0103_009,4,Car,30.16310119,-3.00000000,7,5,71.42857143
nuscenes_mini_subset,scene-0103_009,5,Car,13.90173099,-3.00000000,58,49,84.48275862
nuscenes_mini_subset,scene-0103_009,11,Car,27.47465914,-3.00000000,19,6,31.57894737
nuscenes_mini_subset,scene-0103_009,12,Pedestrian,24.22251070,-3.00000000,9,0,0.00000000
nuscenes_mini_subset,scene-0103_009,2,Car,29.16330586,-2.00000000,10,10,100.00000000
nuscenes_mini_subset,scene-0103_009,4,Car,30.16310119,-2.00000000,7,5,71.42857143
nuscenes_mini_subset,scene-0103_009,5,Car,13.90173099,-2.00000000,58,54,93.10344828
nuscenes_mini_subset,scene-0103_009,11,Car,27.47465914,-2.00000000,19,12,63.15789474
nuscenes_mini_subset,scene-0103_009,12,Pedestrian,24.22251070,-2.00000000,9,0,0.00000000
nuscenes_mini_subset,scene-0103_009,2,Car,29.16330586,-1.00000000,10,10,100.00000000
nuscenes_mini_subset,scene-0103_009,4,Car,30.16310119,-1.00000000,7,7,100.00000000
nuscenes_mini_subset,scene-0103_009,5,Car,13.90173099,-1.00000000,58,58,100.00000000
nuscenes_mini_subset,scene-0103_009,11,Car,27.47465914,-1.00000000,19,17,89.47368421
nuscenes_mini_subset,scene-0103_009,12,Pedestrian,24.22251070,-1.00000000,9,5,55.55555556
nuscenes_mini_subset,scene-0103_009,2,Car,29.16330586,-0.50000000,10,10,100.00000000
nuscenes_mini_subset,scene-0103_009,4,Car,30.16310119,-0.50000000,7,7,100.00000000
nuscenes_mini_subset,scene-0103_009,5,Car,13.90173099,-0.50000000,58,58,100.00000000
nuscenes_mini_subset,scene-0103_009,11,Car,27.47465914,-0.50000000,19,19,100.00000000
nuscenes_mini_subset,scene-0103_009,12,Pedestrian,24.22251070,-0.50000000,9,8,88.88888889
nuscenes_mini_subset,scene-0103_009,2,Car,29.16330586,0.00000000,10,10,100.00000000
nuscenes_mini_subset,scene-0103_009,4,Car,30.16310119,0.00000000,7,7,100.00000000
nuscenes_mini_subset,scene-0103_009,5,Car,13.90173099,0.00000000,58,58,100.00000000
nuscenes_mini_subset,scene-0103_009,11,Car,27.47465914,0.00000000,19,19,100.00000000
nuscenes_mini_subset,scene-0103_009,12,Pedestrian,24.22251070,0.00000000,9,9,100.00000000
nuscenes_mini_subset,scene-0103_009,2,Car,29.16330586,0.50000000,10,10,100.00000000
nuscenes_mini_subset,scene-0103_009,4,Car,30.16310119,0.50000000,7,7,100.00000000
nuscenes_mini_subset,scene-0103_009,5,Car,13.90173099,0.50000000,58,53,91.37931034
nuscenes_mini_subset,scene-0103_009,11,Car,27.47465914,0.50000000,19,19,100.00000000
nuscenes_mini_subset,scene-0103_009,12,Pedestrian,24.22251070,0.50000000,9,9,100.00000000
nuscenes_mini_subset,scene-0103_009,2,Car,29.16330586,1.00000000,10,10,100.00000000
nuscenes_mini_subset,scene-0103_009,4,Car,30.16310119,1.00000000,7,7,100.00000000
nuscenes_mini_subset,scene-0103_009,5,Car,13.90173099,1.00000000,58,49,84.48275862
nuscenes_mini_subset,scene-0103_009,11,Car,27.47465914,1.00000000,19,18,94.73684211
nuscenes_mini_subset,scene-0103_009,12,Pedestrian,24.22251070,1.00000000,9,7,77.77777778
nuscenes_mini_subset,scene-0103_009,2,Car,29.16330586,2.00000000,10,9,90.00000000
nuscenes_mini_subset,scene-0103_009,4,Car,30.16310119,2.00000000,7,6,85.71428571
nuscenes_mini_subset,scene-0103_009,5,Car,13.90173099,2.00000000,58,40,68.96551724
nuscenes_mini_subset,scene-0103_009,11,Car,27.47465914,2.00000000,19,16,84.21052632
nuscenes_mini_subset,scene-0103_009,12,Pedestrian,24.22251070,2.00000000,9,0,0.00000000
nuscenes_mini_subset,scene-0103_009,2,Car,29.16330586,3.00000000,10,9,90.00000000
nuscenes_mini_subset,scene-0103_009,4,Car,30.16310119,3.00000000,7,6,85.71428571
nuscenes_mini_subset,scene-0103_009,5,Car,13.90173099,3.00000000,58,30,51.72413793
nuscenes_mini_subset,scene-0103_009,11,Car,27.47465914,3.00000000,19,11,57.89473684
nuscenes_mini_subset,scene-0103_009,12,Pedestrian,24.22251070,3.00000000,9,0,0.00000000
nuscenes_mini_subset,scene-0103_010,0,Car,41.57126049,-3.00000000,7,0,0.00000000
nuscenes_mini_subset,scene-0103_010,1,Car,24.96941318,-3.00000000,38,35,92.10526316
nuscenes_mini_subset,scene-0103_010,3,Car,26.51550140,-3.00000000,15,9,60.00000000
nuscenes_mini_subset,scene-0103_010,8,bicycle_rack,55.74976479,-3.00000000,5,0,0.00000000
nuscenes_mini_subset,scene-0103_010,9,Car,23.11394214,-3.00000000,25,12,48.00000000
nuscenes_mini_subset,scene-0103_010,10,Pedestrian,20.77437906,-3.00000000,9,0,0.00000000
nuscenes_mini_subset,scene-0103_010,0,Car,41.57126049,-2.00000000,7,2,28.57142857
nuscenes_mini_subset,scene-0103_010,1,Car,24.96941318,-2.00000000,38,38,100.00000000
nuscenes_mini_subset,scene-0103_010,3,Car,26.51550140,-2.00000000,15,12,80.00000000
nuscenes_mini_subset,scene-0103_010,8,bicycle_rack,55.74976479,-2.00000000,5,3,60.00000000
nuscenes_mini_subset,scene-0103_010,9,Car,23.11394214,-2.00000000,25,18,72.00000000
nuscenes_mini_subset,scene-0103_010,10,Pedestrian,20.77437906,-2.00000000,9,2,22.22222222
nuscenes_mini_subset,scene-0103_010,0,Car,41.57126049,-1.00000000,7,5,71.42857143
nuscenes_mini_subset,scene-0103_010,1,Car,24.96941318,-1.00000000,38,38,100.00000000
nuscenes_mini_subset,scene-0103_010,3,Car,26.51550140,-1.00000000,15,15,100.00000000
nuscenes_mini_subset,scene-0103_010,8,bicycle_rack,55.74976479,-1.00000000,5,5,100.00000000
nuscenes_mini_subset,scene-0103_010,9,Car,23.11394214,-1.00000000,25,24,96.00000000
nuscenes_mini_subset,scene-0103_010,10,Pedestrian,20.77437906,-1.00000000,9,8,88.88888889
nuscenes_mini_subset,scene-0103_010,0,Car,41.57126049,-0.50000000,7,7,100.00000000
nuscenes_mini_subset,scene-0103_010,1,Car,24.96941318,-0.50000000,38,38,100.00000000
nuscenes_mini_subset,scene-0103_010,3,Car,26.51550140,-0.50000000,15,15,100.00000000
nuscenes_mini_subset,scene-0103_010,8,bicycle_rack,55.74976479,-0.50000000,5,5,100.00000000
nuscenes_mini_subset,scene-0103_010,9,Car,23.11394214,-0.50000000,25,25,100.00000000
nuscenes_mini_subset,scene-0103_010,10,Pedestrian,20.77437906,-0.50000000,9,9,100.00000000
nuscenes_mini_subset,scene-0103_010,0,Car,41.57126049,0.00000000,7,7,100.00000000
nuscenes_mini_subset,scene-0103_010,1,Car,24.96941318,0.00000000,38,38,100.00000000
nuscenes_mini_subset,scene-0103_010,3,Car,26.51550140,0.00000000,15,15,100.00000000
nuscenes_mini_subset,scene-0103_010,8,bicycle_rack,55.74976479,0.00000000,5,5,100.00000000
nuscenes_mini_subset,scene-0103_010,9,Car,23.11394214,0.00000000,25,25,100.00000000
nuscenes_mini_subset,scene-0103_010,10,Pedestrian,20.77437906,0.00000000,9,9,100.00000000
nuscenes_mini_subset,scene-0103_010,0,Car,41.57126049,0.50000000,7,6,85.71428571
nuscenes_mini_subset,scene-0103_010,1,Car,24.96941318,0.50000000,38,38,100.00000000
nuscenes_mini_subset,scene-0103_010,3,Car,26.51550140,0.50000000,15,14,93.33333333
nuscenes_mini_subset,scene-0103_010,8,bicycle_rack,55.74976479,0.50000000,5,5,100.00000000
nuscenes_mini_subset,scene-0103_010,9,Car,23.11394214,0.50000000,25,25,100.00000000
nuscenes_mini_subset,scene-0103_010,10,Pedestrian,20.77437906,0.50000000,9,8,88.88888889
nuscenes_mini_subset,scene-0103_010,0,Car,41.57126049,1.00000000,7,4,57.14285714
nuscenes_mini_subset,scene-0103_010,1,Car,24.96941318,1.00000000,38,38,100.00000000
nuscenes_mini_subset,scene-0103_010,3,Car,26.51550140,1.00000000,15,12,80.00000000
nuscenes_mini_subset,scene-0103_010,8,bicycle_rack,55.74976479,1.00000000,5,5,100.00000000
nuscenes_mini_subset,scene-0103_010,9,Car,23.11394214,1.00000000,25,24,96.00000000
nuscenes_mini_subset,scene-0103_010,10,Pedestrian,20.77437906,1.00000000,9,7,77.77777778
nuscenes_mini_subset,scene-0103_010,0,Car,41.57126049,2.00000000,7,1,14.28571429
nuscenes_mini_subset,scene-0103_010,1,Car,24.96941318,2.00000000,38,37,97.36842105
nuscenes_mini_subset,scene-0103_010,3,Car,26.51550140,2.00000000,15,7,46.66666667
nuscenes_mini_subset,scene-0103_010,8,bicycle_rack,55.74976479,2.00000000,5,2,40.00000000
nuscenes_mini_subset,scene-0103_010,9,Car,23.11394214,2.00000000,25,22,88.00000000
nuscenes_mini_subset,scene-0103_010,10,Pedestrian,20.77437906,2.00000000,9,1,11.11111111
nuscenes_mini_subset,scene-0103_010,0,Car,41.57126049,3.00000000,7,0,0.00000000
nuscenes_mini_subset,scene-0103_010,1,Car,24.96941318,3.00000000,38,34,89.47368421
nuscenes_mini_subset,scene-0103_010,3,Car,26.51550140,3.00000000,15,4,26.66666667
nuscenes_mini_subset,scene-0103_010,8,bicycle_rack,55.74976479,3.00000000,5,0,0.00000000
nuscenes_mini_subset,scene-0103_010,9,Car,23.11394214,3.00000000,25,19,76.00000000
nuscenes_mini_subset,scene-0103_010,10,Pedestrian,20.77437906,3.00000000,9,0,0.00000000
nuscenes_mini_subset,scene-0103_011,1,Car,21.22255419,-3.00000000,45,40,88.88888889
nuscenes_mini_subset,scene-0103_011,8,Car,19.29802253,-3.00000000,34,22,64.70588235
nuscenes_mini_subset,scene-0103_011,9,Pedestrian,17.86255905,-3.00000000,12,0,0.00000000
nuscenes_mini_subset,scene-0103_011,1,Car,21.22255419,-2.00000000,45,45,100.00000000
nuscenes_mini_subset,scene-0103_011,8,Car,19.29802253,-2.00000000,34,27,79.41176471
nuscenes_mini_subset,scene-0103_011,9,Pedestrian,17.86255905,-2.00000000,12,0,0.00000000
nuscenes_mini_subset,scene-0103_011,1,Car,21.22255419,-1.00000000,45,45,100.00000000
nuscenes_mini_subset,scene-0103_011,8,Car,19.29802253,-1.00000000,34,33,97.05882353
nuscenes_mini_subset,scene-0103_011,9,Pedestrian,17.86255905,-1.00000000,12,4,33.33333333
nuscenes_mini_subset,scene-0103_011,1,Car,21.22255419,-0.50000000,45,45,100.00000000
nuscenes_mini_subset,scene-0103_011,8,Car,19.29802253,-0.50000000,34,34,100.00000000
nuscenes_mini_subset,scene-0103_011,9,Pedestrian,17.86255905,-0.50000000,12,8,66.66666667
nuscenes_mini_subset,scene-0103_011,1,Car,21.22255419,0.00000000,45,45,100.00000000
nuscenes_mini_subset,scene-0103_011,8,Car,19.29802253,0.00000000,34,34,100.00000000
nuscenes_mini_subset,scene-0103_011,9,Pedestrian,17.86255905,0.00000000,12,12,100.00000000
nuscenes_mini_subset,scene-0103_011,1,Car,21.22255419,0.50000000,45,45,100.00000000
nuscenes_mini_subset,scene-0103_011,8,Car,19.29802253,0.50000000,34,34,100.00000000
nuscenes_mini_subset,scene-0103_011,9,Pedestrian,17.86255905,0.50000000,12,12,100.00000000
nuscenes_mini_subset,scene-0103_011,1,Car,21.22255419,1.00000000,45,45,100.00000000
nuscenes_mini_subset,scene-0103_011,8,Car,19.29802253,1.00000000,34,34,100.00000000
nuscenes_mini_subset,scene-0103_011,9,Pedestrian,17.86255905,1.00000000,12,8,66.66666667
nuscenes_mini_subset,scene-0103_011,1,Car,21.22255419,2.00000000,45,45,100.00000000
nuscenes_mini_subset,scene-0103_011,8,Car,19.29802253,2.00000000,34,30,88.23529412
nuscenes_mini_subset,scene-0103_011,9,Pedestrian,17.86255905,2.00000000,12,1,8.33333333
nuscenes_mini_subset,scene-0103_011,1,Car,21.22255419,3.00000000,45,42,93.33333333
nuscenes_mini_subset,scene-0103_011,8,Car,19.29802253,3.00000000,34,24,70.58823529
nuscenes_mini_subset,scene-0103_011,9,Pedestrian,17.86255905,3.00000000,12,0,0.00000000
nuscenes_mini_subset,scene-0103_012,0,Car,18.19678310,-3.00000000,47,38,80.85106383
nuscenes_mini_subset,scene-0103_012,7,Car,16.15206496,-3.00000000,61,49,80.32786885
nuscenes_mini_subset,scene-0103_012,10,Car,27.07337541,-3.00000000,11,4,36.36363636
nuscenes_mini_subset,scene-0103_012,12,Pedestrian,23.26526271,-3.00000000,6,0,0.00000000
nuscenes_mini_subset,scene-0103_012,0,Car,18.19678310,-2.00000000,47,43,91.48936170
nuscenes_mini_subset,scene-0103_012,7,Car,16.15206496,-2.00000000,61,55,90.16393443
nuscenes_mini_subset,scene-0103_012,10,Car,27.07337541,-2.00000000,11,7,63.63636364
nuscenes_mini_subset,scene-0103_012,12,Pedestrian,23.26526271,-2.00000000,6,0,0.00000000
nuscenes_mini_subset,scene-0103_012,0,Car,18.19678310,-1.00000000,47,47,100.00000000
nuscenes_mini_subset,scene-0103_012,7,Car,16.15206496,-1.00000000,61,61,100.00000000
nuscenes_mini_subset,scene-0103_012,10,Car,27.07337541,-1.00000000,11,11,100.00000000
nuscenes_mini_subset,scene-0103_012,12,Pedestrian,23.26526271,-1.00000000,6,2,33.33333333
nuscenes_mini_subset,scene-0103_012,0,Car,18.19678310,-0.50000000,47,47,100.00000000
nuscenes_mini_subset,scene-0103_012,7,Car,16.15206496,-0.50000000,61,61,100.00000000
nuscenes_mini_subset,scene-0103_012,10,Car,27.07337541,-0.50000000,11,11,100.00000000
nuscenes_mini_subset,scene-0103_012,12,Pedestrian,23.26526271,-0.50000000,6,3,50.00000000
nuscenes_mini_subset,scene-0103_012,0,Car,18.19678310,0.00000000,47,47,100.00000000
nuscenes_mini_subset,scene-0103_012,7,Car,16.15206496,0.00000000,61,61,100.00000000
nuscenes_mini_subset,scene-0103_012,10,Car,27.07337541,0.00000000,11,11,100.00000000
nuscenes_mini_subset,scene-0103_012,12,Pedestrian,23.26526271,0.00000000,6,6,100.00000000
nuscenes_mini_subset,scene-0103_012,0,Car,18.19678310,0.50000000,47,47,100.00000000
nuscenes_mini_subset,scene-0103_012,7,Car,16.15206496,0.50000000,61,61,100.00000000
nuscenes_mini_subset,scene-0103_012,10,Car,27.07337541,0.50000000,11,11,100.00000000
nuscenes_mini_subset,scene-0103_012,12,Pedestrian,23.26526271,0.50000000,6,6,100.00000000
nuscenes_mini_subset,scene-0103_012,0,Car,18.19678310,1.00000000,47,47,100.00000000
nuscenes_mini_subset,scene-0103_012,7,Car,16.15206496,1.00000000,61,60,98.36065574
nuscenes_mini_subset,scene-0103_012,10,Car,27.07337541,1.00000000,11,9,81.81818182
nuscenes_mini_subset,scene-0103_012,12,Pedestrian,23.26526271,1.00000000,6,6,100.00000000
nuscenes_mini_subset,scene-0103_012,0,Car,18.19678310,2.00000000,47,47,100.00000000
nuscenes_mini_subset,scene-0103_012,7,Car,16.15206496,2.00000000,61,54,88.52459016
nuscenes_mini_subset,scene-0103_012,10,Car,27.07337541,2.00000000,11,8,72.72727273
nuscenes_mini_subset,scene-0103_012,12,Pedestrian,23.26526271,2.00000000,6,0,0.00000000
nuscenes_mini_subset,scene-0103_012,0,Car,18.19678310,3.00000000,47,45,95.74468085
nuscenes_mini_subset,scene-0103_012,7,Car,16.15206496,3.00000000,61,48,78.68852459
nuscenes_mini_subset,scene-0103_012,10,Car,27.07337541,3.00000000,11,5,45.45454545
nuscenes_mini_subset,scene-0103_012,12,Pedestrian,23.26526271,3.00000000,6,0,0.00000000
nuscenes_mini_subset,scene-0103_013,1,Car,16.29598737,-3.00000000,71,69,97.18309859
nuscenes_mini_subset,scene-0103_013,8,Car,14.16650918,-3.00000000,89,73,82.02247191
nuscenes_mini_subset,scene-0103_013,12,Car,24.99052988,-3.00000000,16,9,56.25000000
nuscenes_mini_subset,scene-0103_013,14,Pedestrian,20.67939421,-3.00000000,6,0,0.00000000
nuscenes_mini_subset,scene-0103_013,1,Car,16.29598737,-2.00000000,71,71,100.00000000
nuscenes_mini_subset,scene-0103_013,8,Car,14.16650918,-2.00000000,89,82,92.13483146
nuscenes_mini_subset,scene-0103_013,12,Car,24.99052988,-2.00000000,16,11,68.75000000
nuscenes_mini_subset,scene-0103_013,14,Pedestrian,20.67939421,-2.00000000,6,0,0.00000000
nuscenes_mini_subset,scene-0103_013,1,Car,16.29598737,-1.00000000,71,71,100.00000000
nuscenes_mini_subset,scene-0103_013,8,Car,14.16650918,-1.00000000,89,89,100.00000000
nuscenes_mini_subset,scene-0103_013,12,Car,24.99052988,-1.00000000,16,15,93.75000000
nuscenes_mini_subset,scene-0103_013,14,Pedestrian,20.67939421,-1.00000000,6,3,50.00000000
nuscenes_mini_subset,scene-0103_013,1,Car,16.29598737,-0.50000000,71,71,100.00000000
nuscenes_mini_subset,scene-0103_013,8,Car,14.16650918,-0.50000000,89,89,100.00000000
nuscenes_mini_subset,scene-0103_013,12,Car,24.99052988,-0.50000000,16,15,93.75000000
nuscenes_mini_subset,scene-0103_013,14,Pedestrian,20.67939421,-0.50000000,6,5,83.33333333
nuscenes_mini_subset,scene-0103_013,1,Car,16.29598737,0.00000000,71,71,100.00000000
nuscenes_mini_subset,scene-0103_013,8,Car,14.16650918,0.00000000,89,89,100.00000000
nuscenes_mini_subset,scene-0103_013,12,Car,24.99052988,0.00000000,16,16,100.00000000
nuscenes_mini_subset,scene-0103_013,14,Pedestrian,20.67939421,0.00000000,6,6,100.00000000
nuscenes_mini_subset,scene-0103_013,1,Car,16.29598737,0.50000000,71,71,100.00000000
nuscenes_mini_subset,scene-0103_013,8,Car,14.16650918,0.50000000,89,89,100.00000000
nuscenes_mini_subset,scene-0103_013,12,Car,24.99052988,0.50000000,16,16,100.00000000
nuscenes_mini_subset,scene-0103_013,14,Pedestrian,20.67939421,0.50000000,6,6,100.00000000
nuscenes_mini_subset,scene-0103_013,1,Car,16.29598737,1.00000000,71,71,100.00000000
nuscenes_mini_subset,scene-0103_013,8,Car,14.16650918,1.00000000,89,89,100.00000000
nuscenes_mini_subset,scene-0103_013,12,Car,24.99052988,1.00000000,16,15,93.75000000
nuscenes_mini_subset,scene-0103_013,14,Pedestrian,20.67939421,1.00000000,6,6,100.00000000
nuscenes_mini_subset,scene-0103_013,1,Car,16.29598737,2.00000000,71,70,98.59154930
nuscenes_mini_subset,scene-0103_013,8,Car,14.16650918,2.00000000,89,85,95.50561798
nuscenes_mini_subset,scene-0103_013,12,Car,24.99052988,2.00000000,16,12,75.00000000
nuscenes_mini_subset,scene-0103_013,14,Pedestrian,20.67939421,2.00000000,6,1,16.66666667
nuscenes_mini_subset,scene-0103_013,1,Car,16.29598737,3.00000000,71,68,95.77464789
nuscenes_mini_subset,scene-0103_013,8,Car,14.16650918,3.00000000,89,79,88.76404494
nuscenes_mini_subset,scene-0103_013,12,Car,24.99052988,3.00000000,16,8,50.00000000
nuscenes_mini_subset,scene-0103_013,14,Pedestrian,20.67939421,3.00000000,6,0,0.00000000
nuscenes_mini_subset,scene-0103_014,1,Car,14.43865297,-3.00000000,130,129,99.23076923
nuscenes_mini_subset,scene-0103_014,9,Car,12.26670691,-3.00000000,131,118,90.07633588
nuscenes_mini_subset,scene-0103_014,13,Car,22.97155191,-3.00000000,26,17,65.38461538
nuscenes_mini_subset,scene-0103_014,15,Pedestrian,18.21068563,-3.00000000,5,0,0.00000000
nuscenes_mini_subset,scene-0103_014,1,Car,14.43865297,-2.00000000,130,130,100.00000000
nuscenes_mini_subset,scene-0103_014,9,Car,12.26670691,-2.00000000,131,128,97.70992366
nuscenes_mini_subset,scene-0103_014,13,Car,22.97155191,-2.00000000,26,22,84.61538462
nuscenes_mini_subset,scene-0103_014,15,Pedestrian,18.21068563,-2.00000000,5,1,20.00000000
nuscenes_mini_subset,scene-0103_014,1,Car,14.43865297,-1.00000000,130,130,100.00000000
nuscenes_mini_subset,scene-0103_014,9,Car,12.26670691,-1.00000000,131,131,100.00000000
nuscenes_mini_subset,scene-0103_014,13,Car,22.97155191,-1.00000000,26,25,96.15384615
nuscenes_mini_subset,scene-0103_014,15,Pedestrian,18.21068563,-1.00000000,5,5,100.00000000
nuscenes_mini_subset,scene-0103_014,1,Car,14.43865297,-0.50000000,130,130,100.00000000
nuscenes_mini_subset,scene-0103_014,9,Car,12.26670691,-0.50000000,131,131,100.00000000
nuscenes_mini_subset,scene-0103_014,13,Car,22.97155191,-0.50000000,26,26,100.00000000
nuscenes_mini_subset,scene-0103_014,15,Pedestrian,18.21068563,-0.50000000,5,5,100.00000000
nuscenes_mini_subset,scene-0103_014,1,Car,14.43865297,0.00000000,130,130,100.00000000
nuscenes_mini_subset,scene-0103_014,9,Car,12.26670691,0.00000000,131,131,100.00000000
nuscenes_mini_subset,scene-0103_014,13,Car,22.97155191,0.00000000,26,26,100.00000000
nuscenes_mini_subset,scene-0103_014,15,Pedestrian,18.21068563,0.00000000,5,5,100.00000000
nuscenes_mini_subset,scene-0103_014,1,Car,14.43865297,0.50000000,130,130,100.00000000
nuscenes_mini_subset,scene-0103_014,9,Car,12.26670691,0.50000000,131,131,100.00000000
nuscenes_mini_subset,scene-0103_014,13,Car,22.97155191,0.50000000,26,26,100.00000000
nuscenes_mini_subset,scene-0103_014,15,Pedestrian,18.21068563,0.50000000,5,5,100.00000000
nuscenes_mini_subset,scene-0103_014,1,Car,14.43865297,1.00000000,130,128,98.46153846
nuscenes_mini_subset,scene-0103_014,9,Car,12.26670691,1.00000000,131,130,99.23664122
nuscenes_mini_subset,scene-0103_014,13,Car,22.97155191,1.00000000,26,24,92.30769231
nuscenes_mini_subset,scene-0103_014,15,Pedestrian,18.21068563,1.00000000,5,4,80.00000000
nuscenes_mini_subset,scene-0103_014,1,Car,14.43865297,2.00000000,130,124,95.38461538
nuscenes_mini_subset,scene-0103_014,9,Car,12.26670691,2.00000000,131,125,95.41984733
nuscenes_mini_subset,scene-0103_014,13,Car,22.97155191,2.00000000,26,18,69.23076923
nuscenes_mini_subset,scene-0103_014,15,Pedestrian,18.21068563,2.00000000,5,0,0.00000000
nuscenes_mini_subset,scene-0103_014,1,Car,14.43865297,3.00000000,130,121,93.07692308
nuscenes_mini_subset,scene-0103_014,9,Car,12.26670691,3.00000000,131,119,90.83969466
nuscenes_mini_subset,scene-0103_014,13,Car,22.97155191,3.00000000,26,12,46.15384615
nuscenes_mini_subset,scene-0103_014,15,Pedestrian,18.21068563,3.00000000,5,0,0.00000000
nuscenes_mini_subset,scene-0103_015,1,Car,13.17263788,-3.00000000,157,152,96.81528662
nuscenes_mini_subset,scene-0103_015,4,Pedestrian,22.23979342,-3.00000000,8,0,0.00000000
nuscenes_mini_subset,scene-0103_015,6,Car,41.92351230,-3.00000000,6,0,0.00000000
nuscenes_mini_subset,scene-0103_015,9,Car,10.91502601,-3.00000000,162,119,73.45679012
nuscenes_mini_subset,scene-0103_015,14,Car,21.55981671,-3.00000000,23,12,52.17391304
nuscenes_mini_subset,scene-0103_015,1,Car,13.17263788,-2.00000000,157,155,98.72611465
nuscenes_mini_subset,scene-0103_015,4,Pedestrian,22.23979342,-2.00000000,8,0,0.00000000
nuscenes_mini_subset,scene-0103_015,6,Car,41.92351230,-2.00000000,6,0,0.00000000
nuscenes_mini_subset,scene-0103_015,9,Car,10.91502601,-2.00000000,162,137,84.56790123
nuscenes_mini_subset,scene-0103_015,14,Car,21.55981671,-2.00000000,23,19,82.60869565
nuscenes_mini_subset,scene-0103_015,1,Car,13.17263788,-1.00000000,157,157,100.00000000
nuscenes_mini_subset,scene-0103_015,4,Pedestrian,22.23979342,-1.00000000,8,2,25.00000000
nuscenes_mini_subset,scene-0103_015,6,Car,41.92351230,-1.00000000,6,3,50.00000000
nuscenes_mini_subset,scene-0103_015,9,Car,10.91502601,-1.00000000,162,148,91.35802469
nuscenes_mini_subset,scene-0103_015,14,Car,21.55981671,-1.00000000,23,22,95.65217391
nuscenes_mini_subset,scene-0103_015,1,Car,13.17263788,-0.50000000,157,157,100.00000000
nuscenes_mini_subset,scene-0103_015,4,Pedestrian,22.23979342,-0.50000000,8,6,75.00000000
nuscenes_mini_subset,scene-0103_015,6,Car,41.92351230,-0.50000000,6,5,83.33333333
nuscenes_mini_subset,scene-0103_015,9,Car,10.91502601,-0.50000000,162,154,95.06172840
nuscenes_mini_subset,scene-0103_015,14,Car,21.55981671,-0.50000000,23,23,100.00000000
nuscenes_mini_subset,scene-0103_015,1,Car,13.17263788,0.00000000,157,157,100.00000000
nuscenes_mini_subset,scene-0103_015,4,Pedestrian,22.23979342,0.00000000,8,8,100.00000000
nuscenes_mini_subset,scene-0103_015,6,Car,41.92351230,0.00000000,6,6,100.00000000
nuscenes_mini_subset,scene-0103_015,9,Car,10.91502601,0.00000000,162,162,100.00000000
nuscenes_mini_subset,scene-0103_015,14,Car,21.55981671,0.00000000,23,23,100.00000000
nuscenes_mini_subset,scene-0103_015,1,Car,13.17263788,0.50000000,157,157,100.00000000
nuscenes_mini_subset,scene-0103_015,4,Pedestrian,22.23979342,0.50000000,8,8,100.00000000
nuscenes_mini_subset,scene-0103_015,6,Car,41.92351230,0.50000000,6,6,100.00000000
nuscenes_mini_subset,scene-0103_015,9,Car,10.91502601,0.50000000,162,162,100.00000000
nuscenes_mini_subset,scene-0103_015,14,Car,21.55981671,0.50000000,23,23,100.00000000
nuscenes_mini_subset,scene-0103_015,1,Car,13.17263788,1.00000000,157,157,100.00000000
nuscenes_mini_subset,scene-0103_015,4,Pedestrian,22.23979342,1.00000000,8,6,75.00000000
nuscenes_mini_subset,scene-0103_015,6,Car,41.92351230,1.00000000,6,4,66.66666667
nuscenes_mini_subset,scene-0103_015,9,Car,10.91502601,1.00000000,162,162,100.00000000
nuscenes_mini_subset,scene-0103_015,14,Car,21.55981671,1.00000000,23,23,100.00000000
nuscenes_mini_subset,scene-0103_015,1,Car,13.17263788,2.00000000,157,154,98.08917197
nuscenes_mini_subset,scene-0103_015,4,Pedestrian,22.23979342,2.00000000,8,0,0.00000000
nuscenes_mini_subset,scene-0103_015,6,Car,41.92351230,2.00000000,6,1,16.66666667
nuscenes_mini_subset,scene-0103_015,9,Car,10.91502601,2.00000000,162,156,96.29629630
nuscenes_mini_subset,scene-0103_015,14,Car,21.55981671,2.00000000,23,20,86.95652174
nuscenes_mini_subset,scene-0103_015,1,Car,13.17263788,3.00000000,157,149,94.90445860
nuscenes_mini_subset,scene-0103_015,4,Pedestrian,22.23979342,3.00000000,8,0,0.00000000
nuscenes_mini_subset,scene-0103_015,6,Car,41.92351230,3.00000000,6,0,0.00000000
nuscenes_mini_subset,scene-0103_015,9,Car,10.91502601,3.00000000,162,150,92.59259259
nuscenes_mini_subset,scene-0103_015,14,Car,21.55981671,3.00000000,23,17,73.91304348
nuscenes_mini_subset,scene-0103_016,1,Car,12.77425596,-3.00000000,146,146,100.00000000
nuscenes_mini_subset,scene-0103_016,9,Car,10.03221446,-3.00000000,160,120,75.00000000
nuscenes_mini_subset,scene-0103_016,12,Truck,57.28275865,-3.00000000,7,1,14.28571429
nuscenes_mini_subset,scene-0103_016,14,Car,20.59662594,-3.00000000,5,2,40.00000000
nuscenes_mini_subset,scene-0103_016,1,Car,12.77425596,-2.00000000,146,146,100.00000000
nuscenes_mini_subset,scene-0103_016,9,Car,10.03221446,-2.00000000,160,132,82.50000000
nuscenes_mini_subset,scene-0103_016,12,Truck,57.28275865,-2.00000000,7,4,57.14285714
nuscenes_mini_subset,scene-0103_016,14,Car,20.59662594,-2.00000000,5,3,60.00000000
nuscenes_mini_subset,scene-0103_016,1,Car,12.77425596,-1.00000000,146,146,100.00000000
nuscenes_mini_subset,scene-0103_016,9,Car,10.03221446,-1.00000000,160,146,91.25000000
nuscenes_mini_subset,scene-0103_016,12,Truck,57.28275865,-1.00000000,7,6,85.71428571
nuscenes_mini_subset,scene-0103_016,14,Car,20.59662594,-1.00000000,5,5,100.00000000
nuscenes_mini_subset,scene-0103_016,1,Car,12.77425596,-0.50000000,146,146,100.00000000
nuscenes_mini_subset,scene-0103_016,9,Car,10.03221446,-0.50000000,160,153,95.62500000
nuscenes_mini_subset,scene-0103_016,12,Truck,57.28275865,-0.50000000,7,7,100.00000000
nuscenes_mini_subset,scene-0103_016,14,Car,20.59662594,-0.50000000,5,5,100.00000000
nuscenes_mini_subset,scene-0103_016,1,Car,12.77425596,0.00000000,146,146,100.00000000
nuscenes_mini_subset,scene-0103_016,9,Car,10.03221446,0.00000000,160,160,100.00000000
nuscenes_mini_subset,scene-0103_016,12,Truck,57.28275865,0.00000000,7,7,100.00000000
nuscenes_mini_subset,scene-0103_016,14,Car,20.59662594,0.00000000,5,5,100.00000000
nuscenes_mini_subset,scene-0103_016,1,Car,12.77425596,0.50000000,146,145,99.31506849
nuscenes_mini_subset,scene-0103_016,9,Car,10.03221446,0.50000000,160,160,100.00000000
nuscenes_mini_subset,scene-0103_016,12,Truck,57.28275865,0.50000000,7,6,85.71428571
nuscenes_mini_subset,scene-0103_016,14,Car,20.59662594,0.50000000,5,5,100.00000000
nuscenes_mini_subset,scene-0103_016,1,Car,12.77425596,1.00000000,146,144,98.63013699
nuscenes_mini_subset,scene-0103_016,9,Car,10.03221446,1.00000000,160,160,100.00000000
nuscenes_mini_subset,scene-0103_016,12,Truck,57.28275865,1.00000000,7,5,71.42857143
nuscenes_mini_subset,scene-0103_016,14,Car,20.59662594,1.00000000,5,5,100.00000000
nuscenes_mini_subset,scene-0103_016,1,Car,12.77425596,2.00000000,146,140,95.89041096
nuscenes_mini_subset,scene-0103_016,9,Car,10.03221446,2.00000000,160,152,95.00000000
nuscenes_mini_subset,scene-0103_016,12,Truck,57.28275865,2.00000000,7,2,28.57142857
nuscenes_mini_subset,scene-0103_016,14,Car,20.59662594,2.00000000,5,4,80.00000000
nuscenes_mini_subset,scene-0103_016,1,Car,12.77425596,3.00000000,146,134,91.78082192
nuscenes_mini_subset,scene-0103_016,9,Car,10.03221446,3.00000000,160,143,89.37500000
nuscenes_mini_subset,scene-0103_016,12,Truck,57.28275865,3.00000000,7,0,0.00000000
nuscenes_mini_subset,scene-0103_016,14,Car,20.59662594,3.00000000,5,4,80.00000000
nuscenes_mini_subset,scene-0103_017,2,Car,12.99081752,-3.00000000,113,113,100.00000000
nuscenes_mini_subset,scene-0103_017,7,Car,40.26277524,-3.00000000,6,0,0.00000000
nuscenes_mini_subset,scene-0103_017,9,Car,23.89297839,-3.00000000,27,26,96.29629630
nuscenes_mini_subset,scene-0103_017,12,Car,9.32800035,-3.00000000,140,86,61.42857143
nuscenes_mini_subset,scene-0103_017,15,Truck,56.54685419,-3.00000000,9,1,11.11111111
nuscenes_mini_subset,scene-0103_017,16,Car,29.03106029,-3.00000000,9,3,33.33333333
nuscenes_mini_subset,scene-0103_017,2,Car,12.99081752,-2.00000000,113,113,100.00000000
nuscenes_mini_subset,scene-0103_017,7,Car,40.26277524,-2.00000000,6,1,16.66666667
nuscenes_mini_subset,scene-0103_017,9,Car,23.89297839,-2.00000000,27,27,100.00000000
nuscenes_mini_subset,scene-0103_017,12,Car,9.32800035,-2.00000000,140,103,73.57142857
nuscenes_mini_subset,scene-0103_017,15,Truck,56.54685419,-2.00000000,9,3,33.33333333
nuscenes_mini_subset,scene-0103_017,16,Car,29.03106029,-2.00000000,9,5,55.55555556
nuscenes_mini_subset,scene-0103_017,2,Car,12.99081752,-1.00000000,113,113,100.00000000
nuscenes_mini_subset,scene-0103_017,7,Car,40.26277524,-1.00000000,6,4,66.66666667
nuscenes_mini_subset,scene-0103_017,9,Car,23.89297839,-1.00000000,27,27,100.00000000
nuscenes_mini_subset,scene-0103_017,12,Car,9.32800035,-1.00000000,140,123,87.85714286
nuscenes_mini_subset,scene-0103_017,15,Truck,56.54685419,-1.00000000,9,8,88.88888889
nuscenes_mini_subset,scene-0103_017,16,Car,29.03106029,-1.00000000,9,8,88.88888889
nuscenes_mini_subset,scene-0103_017,2,Car,12.99081752,-0.50000000,113,113,100.00000000
nuscenes_mini_subset,scene-0103_017,7,Car,40.26277524,-0.50000000,6,5,83.33333333
nuscenes_mini_subset,scene-0103_017,9,Car,23.89297839,-0.50000000,27,27,100.00000000
nuscenes_mini_subset,scene-0103_017,12,Car,9.32800035,-0.50000000,140,129,92.14285714
nuscenes_mini_subset,scene-0103_017,15,Truck,56.54685419,-0.50000000,9,9,100.00000000
nuscenes_mini_subset,scene-0103_017,16,Car,29.03106029,-0.50000000,9,9,100.00000000
nuscenes_mini_subset,scene-0103_017,2,Car,12.99081752,0.00000000,113,113,100.00000000
nuscenes_mini_subset,scene-0103_017,7,Car,40.26277524,0.00000000,6,6,100.00000000
nuscenes_mini_subset,scene-0103_017,9,Car,23.89297839,0.00000000,27,27,100.00000000
nuscenes_mini_subset,scene-0103_017,12,Car,9.32800035,0.00000000,140,140,100.00000000
nuscenes_mini_subset,scene-0103_017,15,Truck,56.54685419,0.00000000,9,9,100.00000000
nuscenes_mini_subset,scene-0103_017,16,Car,29.03106029,0.00000000,9,9,100.00000000
nuscenes_mini_subset,scene-0103_017,2,Car,12.99081752,0.50000000,113,113,100.00000000
nuscenes_mini_subset,scene-0103_017,7,Car,40.26277524,0.50000000,6,6,100.00000000
nuscenes_mini_subset,scene-0103_017,9,Car,23.89297839,0.50000000,27,27,100.00000000
nuscenes_mini_subset,scene-0103_017,12,Car,9.32800035,0.50000000,140,140,100.00000000
nuscenes_mini_subset,scene-0103_017,15,Truck,56.54685419,0.50000000,9,8,88.88888889
nuscenes_mini_subset,scene-0103_017,16,Car,29.03106029,0.50000000,9,9,100.00000000
nuscenes_mini_subset,scene-0103_017,2,Car,12.99081752,1.00000000,113,113,100.00000000
nuscenes_mini_subset,scene-0103_017,7,Car,40.26277524,1.00000000,6,4,66.66666667
nuscenes_mini_subset,scene-0103_017,9,Car,23.89297839,1.00000000,27,26,96.29629630
nuscenes_mini_subset,scene-0103_017,12,Car,9.32800035,1.00000000,140,140,100.00000000
nuscenes_mini_subset,scene-0103_017,15,Truck,56.54685419,1.00000000,9,7,77.77777778
nuscenes_mini_subset,scene-0103_017,16,Car,29.03106029,1.00000000,9,7,77.77777778
nuscenes_mini_subset,scene-0103_017,2,Car,12.99081752,2.00000000,113,110,97.34513274
nuscenes_mini_subset,scene-0103_017,7,Car,40.26277524,2.00000000,6,1,16.66666667
nuscenes_mini_subset,scene-0103_017,9,Car,23.89297839,2.00000000,27,21,77.77777778
nuscenes_mini_subset,scene-0103_017,12,Car,9.32800035,2.00000000,140,134,95.71428571
nuscenes_mini_subset,scene-0103_017,15,Truck,56.54685419,2.00000000,9,4,44.44444444
nuscenes_mini_subset,scene-0103_017,16,Car,29.03106029,2.00000000,9,7,77.77777778
nuscenes_mini_subset,scene-0103_017,2,Car,12.99081752,3.00000000,113,108,95.57522124
nuscenes_mini_subset,scene-0103_017,7,Car,40.26277524,3.00000000,6,0,0.00000000
nuscenes_mini_subset,scene-0103_017,9,Car,23.89297839,3.00000000,27,15,55.55555556
nuscenes_mini_subset,scene-0103_017,12,Car,9.32800035,3.00000000,140,126,90.00000000
nuscenes_mini_subset,scene-0103_017,15,Truck,56.54685419,3.00000000,9,0,0.00000000
nuscenes_mini_subset,scene-0103_017,16,Car,29.03106029,3.00000000,9,6,66.66666667
nuscenes_mini_subset,scene-0103_018,2,Car,13.47825265,-3.00000000,102,99,97.05882353
nuscenes_mini_subset,scene-0103_018,9,Car,23.02637597,-3.00000000,38,24,63.15789474
nuscenes_mini_subset,scene-0103_018,12,Car,8.57375913,-3.00000000,143,81,56.64335664
nuscenes_mini_subset,scene-0103_018,16,Truck,55.71952677,-3.00000000,5,1,20.00000000
nuscenes_mini_subset,scene-0103_018,17,Car,28.10609103,-3.00000000,7,3,42.85714286
nuscenes_mini_subset,scene-0103_018,18,Car,18.02696805,-3.00000000,32,32,100.00000000
nuscenes_mini_subset,scene-0103_018,2,Car,13.47825265,-2.00000000,102,102,100.00000000
nuscenes_mini_subset,scene-0103_018,9,Car,23.02637597,-2.00000000,38,30,78.94736842
nuscenes_mini_subset,scene-0103_018,12,Car,8.57375913,-2.00000000,143,101,70.62937063
nuscenes_mini_subset,scene-0103_018,16,Truck,55.71952677,-2.00000000,5,2,40.00000000
nuscenes_mini_subset,scene-0103_018,17,Car,28.10609103,-2.00000000,7,4,57.14285714
nuscenes_mini_subset,scene-0103_018,18,Car,18.02696805,-2.00000000,32,32,100.00000000
nuscenes_mini_subset,scene-0103_018,2,Car,13.47825265,-1.00000000,102,102,100.00000000
nuscenes_mini_subset,scene-0103_018,9,Car,23.02637597,-1.00000000,38,37,97.36842105
nuscenes_mini_subset,scene-0103_018,12,Car,8.57375913,-1.00000000,143,121,84.61538462
nuscenes_mini_subset,scene-0103_018,16,Truck,55.71952677,-1.00000000,5,4,80.00000000
nuscenes_mini_subset,scene-0103_018,17,Car,28.10609103,-1.00000000,7,7,100.00000000
nuscenes_mini_subset,scene-0103_018,18,Car,18.02696805,-1.00000000,32,32,100.00000000
nuscenes_mini_subset,scene-0103_018,2,Car,13.47825265,-0.50000000,102,102,100.00000000
nuscenes_mini_subset,scene-0103_018,9,Car,23.02637597,-0.50000000,38,38,100.00000000
nuscenes_mini_subset,scene-0103_018,12,Car,8.57375913,-0.50000000,143,130,90.90909091
nuscenes_mini_subset,scene-0103_018,16,Truck,55.71952677,-0.50000000,5,5,100.00000000
nuscenes_mini_subset,scene-0103_018,17,Car,28.10609103,-0.50000000,7,7,100.00000000
nuscenes_mini_subset,scene-0103_018,18,Car,18.02696805,-0.50000000,32,32,100.00000000
nuscenes_mini_subset,scene-0103_018,2,Car,13.47825265,0.00000000,102,102,100.00000000
nuscenes_mini_subset,scene-0103_018,9,Car,23.02637597,0.00000000,38,38,100.00000000
nuscenes_mini_subset,scene-0103_018,12,Car,8.57375913,0.00000000,143,143,100.00000000
nuscenes_mini_subset,scene-0103_018,16,Truck,55.71952677,0.00000000,5,5,100.00000000
nuscenes_mini_subset,scene-0103_018,17,Car,28.10609103,0.00000000,7,7,100.00000000
nuscenes_mini_subset,scene-0103_018,18,Car,18.02696805,0.00000000,32,32,100.00000000
nuscenes_mini_subset,scene-0103_018,2,Car,13.47825265,0.50000000,102,102,100.00000000
nuscenes_mini_subset,scene-0103_018,9,Car,23.02637597,0.50000000,38,38,100.00000000
nuscenes_mini_subset,scene-0103_018,12,Car,8.57375913,0.50000000,143,143,100.00000000
nuscenes_mini_subset,scene-0103_018,16,Truck,55.71952677,0.50000000,5,5,100.00000000
nuscenes_mini_subset,scene-0103_018,17,Car,28.10609103,0.50000000,7,6,85.71428571
nuscenes_mini_subset,scene-0103_018,18,Car,18.02696805,0.50000000,32,32,100.00000000
nuscenes_mini_subset,scene-0103_018,2,Car,13.47825265,1.00000000,102,102,100.00000000
nuscenes_mini_subset,scene-0103_018,9,Car,23.02637597,1.00000000,38,37,97.36842105
nuscenes_mini_subset,scene-0103_018,12,Car,8.57375913,1.00000000,143,143,100.00000000
nuscenes_mini_subset,scene-0103_018,16,Truck,55.71952677,1.00000000,5,3,60.00000000
nuscenes_mini_subset,scene-0103_018,17,Car,28.10609103,1.00000000,7,5,71.42857143
nuscenes_mini_subset,scene-0103_018,18,Car,18.02696805,1.00000000,32,31,96.87500000
nuscenes_mini_subset,scene-0103_018,2,Car,13.47825265,2.00000000,102,98,96.07843137
nuscenes_mini_subset,scene-0103_018,9,Car,23.02637597,2.00000000,38,34,89.47368421
nuscenes_mini_subset,scene-0103_018,12,Car,8.57375913,2.00000000,143,135,94.40559441
nuscenes_mini_subset,scene-0103_018,16,Truck,55.71952677,2.00000000,5,3,60.00000000
nuscenes_mini_subset,scene-0103_018,17,Car,28.10609103,2.00000000,7,5,71.42857143
nuscenes_mini_subset,scene-0103_018,18,Car,18.02696805,2.00000000,32,26,81.25000000
nuscenes_mini_subset,scene-0103_018,2,Car,13.47825265,3.00000000,102,92,90.19607843
nuscenes_mini_subset,scene-0103_018,9,Car,23.02637597,3.00000000,38,30,78.94736842
nuscenes_mini_subset,scene-0103_018,12,Car,8.57375913,3.00000000,143,123,86.01398601
nuscenes_mini_subset,scene-0103_018,16,Truck,55.71952677,3.00000000,5,1,20.00000000
nuscenes_mini_subset,scene-0103_018,17,Car,28.10609103,3.00000000,7,4,57.14285714
nuscenes_mini_subset,scene-0103_018,18,Car,18.02696805,3.00000000,32,20,62.50000000
nuscenes_mini_subset,scene-0103_019,2,Car,15.41893329,-3.00000000,53,49,92.45283019
nuscenes_mini_subset,scene-0103_019,8,Car,38.34312546,-3.00000000,9,0,0.00000000
nuscenes_mini_subset,scene-0103_019,10,Car,22.22905576,-3.00000000,31,23,74.19354839
nuscenes_mini_subset,scene-0103_019,13,Car,7.80775372,-3.00000000,78,42,53.84615385
nuscenes_mini_subset,scene-0103_019,17,Truck,54.81947839,-3.00000000,5,0,0.00000000
nuscenes_mini_subset,scene-0103_019,18,Car,27.29202584,-3.00000000,7,3,42.85714286
nuscenes_mini_subset,scene-0103_019,19,Car,16.63100690,-3.00000000,73,60,82.19178082
nuscenes_mini_subset,scene-0103_019,2,Car,15.41893329,-2.00000000,53,53,100.00000000
nuscenes_mini_subset,scene-0103_019,8,Car,38.34312546,-2.00000000,9,2,22.22222222
nuscenes_mini_subset,scene-0103_019,10,Car,22.22905576,-2.00000000,31,28,90.32258065
nuscenes_mini_subset,scene-0103_019,13,Car,7.80775372,-2.00000000,78,54,69.23076923
nuscenes_mini_subset,scene-0103_019,17,Truck,54.81947839,-2.00000000,5,1,20.00000000
nuscenes_mini_subset,scene-0103_019,18,Car,27.29202584,-2.00000000,7,6,85.71428571
nuscenes_mini_subset,scene-0103_019,19,Car,16.63100690,-2.00000000,73,67,91.78082192
nuscenes_mini_subset,scene-0103_019,2,Car,15.41893329,-1.00000000,53,53,100.00000000
nuscenes_mini_subset,scene-0103_019,8,Car,38.34312546,-1.00000000,9,5,55.55555556
nuscenes_mini_subset,scene-0103_019,10,Car,22.22905576,-1.00000000,31,30,96.77419355
nuscenes_mini_subset,scene-0103_019,13,Car,7.80775372,-1.00000000,78,65,83.33333333
nuscenes_mini_subset,scene-0103_019,17,Truck,54.81947839,-1.00000000,5,4,80.00000000
nuscenes_mini_subset,scene-0103_019,18,Car,27.29202584,-1.00000000,7,6,85.71428571
nuscenes_mini_subset,scene-0103_019,19,Car,16.63100690,-1.00000000,73,71,97.26027397
nuscenes_mini_subset,scene-0103_019,2,Car,15.41893329,-0.50000000,53,53,100.00000000
nuscenes_mini_subset,scene-0103_019,8,Car,38.34312546,-0.50000000,9,8,88.88888889
nuscenes_mini_subset,scene-0103_019,10,Car,22.22905576,-0.50000000,31,31,100.00000000
nuscenes_mini_subset,scene-0103_019,13,Car,7.80775372,-0.50000000,78,69,88.46153846
nuscenes_mini_subset,scene-0103_019,17,Truck,54.81947839,-0.50000000,5,5,100.00000000
nuscenes_mini_subset,scene-0103_019,18,Car,27.29202584,-0.50000000,7,7,100.00000000
nuscenes_mini_subset,scene-0103_019,19,Car,16.63100690,-0.50000000,73,72,98.63013699
nuscenes_mini_subset,scene-0103_019,2,Car,15.41893329,0.00000000,53,53,100.00000000
nuscenes_mini_subset,scene-0103_019,8,Car,38.34312546,0.00000000,9,9,100.00000000
nuscenes_mini_subset,scene-0103_019,10,Car,22.22905576,0.00000000,31,31,100.00000000
nuscenes_mini_subset,scene-0103_019,13,Car,7.80775372,0.00000000,78,78,100.00000000
nuscenes_mini_subset,scene-0103_019,17,Truck,54.81947839,0.00000000,5,5,100.00000000
nuscenes_mini_subset,scene-0103_019,18,Car,27.29202584,0.00000000,7,7,100.00000000
nuscenes_mini_subset,scene-0103_019,19,Car,16.63100690,0.00000000,73,73,100.00000000
nuscenes_mini_subset,scene-0103_019,2,Car,15.41893329,0.50000000,53,53,100.00000000
nuscenes_mini_subset,scene-0103_019,8,Car,38.34312546,0.50000000,9,9,100.00000000
nuscenes_mini_subset,scene-0103_019,10,Car,22.22905576,0.50000000,31,31,100.00000000
nuscenes_mini_subset,scene-0103_019,13,Car,7.80775372,0.50000000,78,78,100.00000000
nuscenes_mini_subset,scene-0103_019,17,Truck,54.81947839,0.50000000,5,5,100.00000000
nuscenes_mini_subset,scene-0103_019,18,Car,27.29202584,0.50000000,7,7,100.00000000
nuscenes_mini_subset,scene-0103_019,19,Car,16.63100690,0.50000000,73,73,100.00000000
nuscenes_mini_subset,scene-0103_019,2,Car,15.41893329,1.00000000,53,52,98.11320755
nuscenes_mini_subset,scene-0103_019,8,Car,38.34312546,1.00000000,9,7,77.77777778
nuscenes_mini_subset,scene-0103_019,10,Car,22.22905576,1.00000000,31,30,96.77419355
nuscenes_mini_subset,scene-0103_019,13,Car,7.80775372,1.00000000,78,78,100.00000000
nuscenes_mini_subset,scene-0103_019,17,Truck,54.81947839,1.00000000,5,5,100.00000000
nuscenes_mini_subset,scene-0103_019,18,Car,27.29202584,1.00000000,7,5,71.42857143
nuscenes_mini_subset,scene-0103_019,19,Car,16.63100690,1.00000000,73,73,100.00000000
nuscenes_mini_subset,scene-0103_019,2,Car,15.41893329,2.00000000,53,50,94.33962264
nuscenes_mini_subset,scene-0103_019,8,Car,38.34312546,2.00000000,9,4,44.44444444
nuscenes_mini_subset,scene-0103_019,10,Car,22.22905576,2.00000000,31,26,83.87096774
nuscenes_mini_subset,scene-0103_019,13,Car,7.80775372,2.00000000,78,73,93.58974359
nuscenes_mini_subset,scene-0103_019,17,Truck,54.81947839,2.00000000,5,3,60.00000000
nuscenes_mini_subset,scene-0103_019,18,Car,27.29202584,2.00000000,7,5,71.42857143
nuscenes_mini_subset,scene-0103_019,19,Car,16.63100690,2.00000000,73,69,94.52054795
nuscenes_mini_subset,scene-0103_019,2,Car,15.41893329,3.00000000,53,48,90.56603774
nuscenes_mini_subset,scene-0103_019,8,Car,38.34312546,3.00000000,9,0,0.00000000
nuscenes_mini_subset,scene-0103_019,10,Car,22.22905576,3.00000000,31,26,83.87096774
nuscenes_mini_subset,scene-0103_019,13,Car,7.80775372,3.00000000,78,65,83.33333333
nuscenes_mini_subset,scene-0103_019,17,Truck,54.81947839,3.00000000,5,0,0.00000000
nuscenes_mini_subset,scene-0103_019,18,Car,27.29202584,3.00000000,7,4,57.14285714
nuscenes_mini_subset,scene-0103_019,19,Car,16.63100690,3.00000000,73,65,89.04109589
nuscenes_mini_subset,scene-0103_020,2,Car,17.47488907,-3.00000000,17,9,52.94117647
nuscenes_mini_subset,scene-0103_020,10,Car,37.32860726,-3.00000000,10,0,0.00000000
nuscenes_mini_subset,scene-0103_020,12,Car,21.33167742,-3.00000000,24,23,95.83333333
nuscenes_mini_subset,scene-0103_020,13,bicycle_rack,38.66933087,-3.00000000,8,2,25.00000000
nuscenes_mini_subset,scene-0103_020,15,Car,6.99012607,-3.00000000,54,19,35.18518519
nuscenes_mini_subset,scene-0103_020,19,Truck,53.80739807,-3.00000000,5,0,0.00000000
nuscenes_mini_subset,scene-0103_020,21,Car,15.19669532,-3.00000000,120,104,86.66666667
nuscenes_mini_subset,scene-0103_020,2,Car,17.47488907,-2.00000000,17,15,88.23529412
nuscenes_mini_subset,scene-0103_020,10,Car,37.32860726,-2.00000000,10,3,30.00000000
nuscenes_mini_subset,scene-0103_020,12,Car,21.33167742,-2.00000000,24,24,100.00000000
nuscenes_mini_subset,scene-0103_020,13,bicycle_rack,38.66933087,-2.00000000,8,5,62.50000000
nuscenes_mini_subset,scene-0103_020,15,Car,6.99012607,-2.00000000,54,30,55.55555556
nuscenes_mini_subset,scene-0103_020,19,Truck,53.80739807,-2.00000000,5,2,40.00000000
nuscenes_mini_subset,scene-0103_020,21,Car,15.19669532,-2.00000000,120,112,93.33333333
nuscenes_mini_subset,scene-0103_020,2,Car,17.47488907,-1.00000000,17,17,100.00000000
nuscenes_mini_subset,scene-0103_020,10,Car,37.32860726,-1.00000000,10,6,60.00000000
nuscenes_mini_subset,scene-0103_020,12,Car,21.33167742,-1.00000000,24,24,100.00000000
nuscenes_mini_subset,scene-0103_020,13,bicycle_rack,38.66933087,-1.00000000,8,6,75.00000000
nuscenes_mini_subset,scene-0103_020,15,Car,6.99012607,-1.00000000,54,41,75.92592593
nuscenes_mini_subset,scene-0103_020,19,Truck,53.80739807,-1.00000000,5,5,100.00000000
nuscenes_mini_subset,scene-0103_020,21,Car,15.19669532,-1.00000000,120,119,99.16666667
nuscenes_mini_subset,scene-0103_020,2,Car,17.47488907,-0.50000000,17,17,100.00000000
nuscenes_mini_subset,scene-0103_020,10,Car,37.32860726,-0.50000000,10,9,90.00000000
nuscenes_mini_subset,scene-0103_020,12,Car,21.33167742,-0.50000000,24,24,100.00000000
nuscenes_mini_subset,scene-0103_020,13,bicycle_rack,38.66933087,-0.50000000,8,8,100.00000000
nuscenes_mini_subset,scene-0103_020,15,Car,6.99012607,-0.50000000,54,48,88.88888889
nuscenes_mini_subset,scene-0103_020,19,Truck,53.80739807,-0.50000000,5,5,100.00000000
nuscenes_mini_subset,scene-0103_020,21,Car,15.19669532,-0.50000000,120,120,100.00000000
nuscenes_mini_subset,scene-0103_020,2,Car,17.47488907,0.00000000,17,17,100.00000000
nuscenes_mini_subset,scene-0103_020,10,Car,37.32860726,0.00000000,10,10,100.00000000
nuscenes_mini_subset,scene-0103_020,12,Car,21.33167742,0.00000000,24,24,100.00000000
nuscenes_mini_subset,scene-0103_020,13,bicycle_rack,38.66933087,0.00000000,8,8,100.00000000
nuscenes_mini_subset,scene-0103_020,15,Car,6.99012607,0.00000000,54,54,100.00000000
nuscenes_mini_subset,scene-0103_020,19,Truck,53.80739807,0.00000000,5,5,100.00000000
nuscenes_mini_subset,scene-0103_020,21,Car,15.19669532,0.00000000,120,120,100.00000000
nuscenes_mini_subset,scene-0103_020,2,Car,17.47488907,0.50000000,17,17,100.00000000
nuscenes_mini_subset,scene-0103_020,10,Car,37.32860726,0.50000000,10,9,90.00000000
nuscenes_mini_subset,scene-0103_020,12,Car,21.33167742,0.50000000,24,24,100.00000000
nuscenes_mini_subset,scene-0103_020,13,bicycle_rack,38.66933087,0.50000000,8,8,100.00000000
nuscenes_mini_subset,scene-0103_020,15,Car,6.99012607,0.50000000,54,54,100.00000000
nuscenes_mini_subset,scene-0103_020,19,Truck,53.80739807,0.50000000,5,5,100.00000000
nuscenes_mini_subset,scene-0103_020,21,Car,15.19669532,0.50000000,120,120,100.00000000
nuscenes_mini_subset,scene-0103_020,2,Car,17.47488907,1.00000000,17,17,100.00000000
nuscenes_mini_subset,scene-0103_020,10,Car,37.32860726,1.00000000,10,7,70.00000000
nuscenes_mini_subset,scene-0103_020,12,Car,21.33167742,1.00000000,24,23,95.83333333
nuscenes_mini_subset,scene-0103_020,13,bicycle_rack,38.66933087,1.00000000,8,8,100.00000000
nuscenes_mini_subset,scene-0103_020,15,Car,6.99012607,1.00000000,54,54,100.00000000
nuscenes_mini_subset,scene-0103_020,19,Truck,53.80739807,1.00000000,5,5,100.00000000
nuscenes_mini_subset,scene-0103_020,21,Car,15.19669532,1.00000000,120,120,100.00000000
nuscenes_mini_subset,scene-0103_020,2,Car,17.47488907,2.00000000,17,15,88.23529412
nuscenes_mini_subset,scene-0103_020,10,Car,37.32860726,2.00000000,10,4,40.00000000
nuscenes_mini_subset,scene-0103_020,12,Car,21.33167742,2.00000000,24,18,75.00000000
nuscenes_mini_subset,scene-0103_020,13,bicycle_rack,38.66933087,2.00000000,8,8,100.00000000
nuscenes_mini_subset,scene-0103_020,15,Car,6.99012607,2.00000000,54,49,90.74074074
nuscenes_mini_subset,scene-0103_020,19,Truck,53.80739807,2.00000000,5,3,60.00000000
nuscenes_mini_subset,scene-0103_020,21,Car,15.19669532,2.00000000,120,116,96.66666667
nuscenes_mini_subset,scene-0103_020,2,Car,17.47488907,3.00000000,17,15,88.23529412
nuscenes_mini_subset,scene-0103_020,10,Car,37.32860726,3.00000000,10,0,0.00000000
nuscenes_mini_subset,scene-0103_020,12,Car,21.33167742,3.00000000,24,15,62.50000000
nuscenes_mini_subset,scene-0103_020,13,bicycle_rack,38.66933087,3.00000000,8,7,87.50000000
nuscenes_mini_subset,scene-0103_020,15,Car,6.99012607,3.00000000,54,40,74.07407407
nuscenes_mini_subset,scene-0103_020,19,Truck,53.80739807,3.00000000,5,0,0.00000000
nuscenes_mini_subset,scene-0103_020,21,Car,15.19669532,3.00000000,120,107,89.16666667
nuscenes_mini_subset,scene-0103_021,2,Car,19.27339424,-3.00000000,24,10,41.66666667
nuscenes_mini_subset,scene-0103_021,10,Car,35.98523209,-3.00000000,10,0,0.00000000
nuscenes_mini_subset,scene-0103_021,12,Car,20.21630035,-3.00000000,14,9,64.28571429
nuscenes_mini_subset,scene-0103_021,13,bicycle_rack,37.34473225,-3.00000000,11,5,45.45454545
nuscenes_mini_subset,scene-0103_021,21,Truck,52.43771837,-3.00000000,6,0,0.00000000
nuscenes_mini_subset,scene-0103_021,23,Car,13.72152191,-3.00000000,154,140,90.90909091
nuscenes_mini_subset,scene-0103_021,2,Car,19.27339424,-2.00000000,24,13,54.16666667
nuscenes_mini_subset,scene-0103_021,10,Car,35.98523209,-2.00000000,10,3,30.00000000
nuscenes_mini_subset,scene-0103_021,12,Car,20.21630035,-2.00000000,14,12,85.71428571
nuscenes_mini_subset,scene-0103_021,13,bicycle_rack,37.34473225,-2.00000000,11,6,54.54545455
nuscenes_mini_subset,scene-0103_021,21,Truck,52.43771837,-2.00000000,6,2,33.33333333
nuscenes_mini_subset,scene-0103_021,23,Car,13.72152191,-2.00000000,154,151,98.05194805
nuscenes_mini_subset,scene-0103_021,2,Car,19.27339424,-1.00000000,24,20,83.33333333
nuscenes_mini_subset,scene-0103_021,10,Car,35.98523209,-1.00000000,10,6,60.00000000
nuscenes_mini_subset,scene-0103_021,12,Car,20.21630035,-1.00000000,14,14,100.00000000
nuscenes_mini_subset,scene-0103_021,13,bicycle_rack,37.34473225,-1.00000000,11,9,81.81818182
nuscenes_mini_subset,scene-0103_021,21,Truck,52.43771837,-1.00000000,6,5,83.33333333
nuscenes_mini_subset,scene-0103_021,23,Car,13.72152191,-1.00000000,154,154,100.00000000
nuscenes_mini_subset,scene-0103_021,2,Car,19.27339424,-0.50000000,24,23,95.83333333
nuscenes_mini_subset,scene-0103_021,10,Car,35.98523209,-0.50000000,10,9,90.00000000
nuscenes_mini_subset,scene-0103_021,12,Car,20.21630035,-0.50000000,14,14,100.00000000
nuscenes_mini_subset,scene-0103_021,13,bicycle_rack,37.34473225,-0.50000000,11,11,100.00000000
nuscenes_mini_subset,scene-0103_021,21,Truck,52.43771837,-0.50000000,6,5,83.33333333
nuscenes_mini_subset,scene-0103_021,23,Car,13.72152191,-0.50000000,154,154,100.00000000
nuscenes_mini_subset,scene-0103_021,2,Car,19.27339424,0.00000000,24,24,100.00000000
nuscenes_mini_subset,scene-0103_021,10,Car,35.98523209,0.00000000,10,10,100.00000000
nuscenes_mini_subset,scene-0103_021,12,Car,20.21630035,0.00000000,14,14,100.00000000
nuscenes_mini_subset,scene-0103_021,13,bicycle_rack,37.34473225,0.00000000,11,11,100.00000000
nuscenes_mini_subset,scene-0103_021,21,Truck,52.43771837,0.00000000,6,6,100.00000000
nuscenes_mini_subset,scene-0103_021,23,Car,13.72152191,0.00000000,154,154,100.00000000
nuscenes_mini_subset,scene-0103_021,2,Car,19.27339424,0.50000000,24,24,100.00000000
nuscenes_mini_subset,scene-0103_021,10,Car,35.98523209,0.50000000,10,9,90.00000000
nuscenes_mini_subset,scene-0103_021,12,Car,20.21630035,0.50000000,14,14,100.00000000
nuscenes_mini_subset,scene-0103_021,13,bicycle_rack,37.34473225,0.50000000,11,11,100.00000000
nuscenes_mini_subset,scene-0103_021,21,Truck,52.43771837,0.50000000,6,6,100.00000000
nuscenes_mini_subset,scene-0103_021,23,Car,13.72152191,0.50000000,154,154,100.00000000
nuscenes_mini_subset,scene-0103_021,2,Car,19.27339424,1.00000000,24,21,87.50000000
nuscenes_mini_subset,scene-0103_021,10,Car,35.98523209,1.00000000,10,7,70.00000000
nuscenes_mini_subset,scene-0103_021,12,Car,20.21630035,1.00000000,14,12,85.71428571
nuscenes_mini_subset,scene-0103_021,13,bicycle_rack,37.34473225,1.00000000,11,11,100.00000000
nuscenes_mini_subset,scene-0103_021,21,Truck,52.43771837,1.00000000,6,6,100.00000000
nuscenes_mini_subset,scene-0103_021,23,Car,13.72152191,1.00000000,154,153,99.35064935
nuscenes_mini_subset,scene-0103_021,2,Car,19.27339424,2.00000000,24,17,70.83333333
nuscenes_mini_subset,scene-0103_021,10,Car,35.98523209,2.00000000,10,4,40.00000000
nuscenes_mini_subset,scene-0103_021,12,Car,20.21630035,2.00000000,14,9,64.28571429
nuscenes_mini_subset,scene-0103_021,13,bicycle_rack,37.34473225,2.00000000,11,11,100.00000000
nuscenes_mini_subset,scene-0103_021,21,Truck,52.43771837,2.00000000,6,4,66.66666667
nuscenes_mini_subset,scene-0103_021,23,Car,13.72152191,2.00000000,154,150,97.40259740
nuscenes_mini_subset,scene-0103_021,2,Car,19.27339424,3.00000000,24,16,66.66666667
nuscenes_mini_subset,scene-0103_021,10,Car,35.98523209,3.00000000,10,0,0.00000000
nuscenes_mini_subset,scene-0103_021,12,Car,20.21630035,3.00000000,14,7,50.00000000
nuscenes_mini_subset,scene-0103_021,13,bicycle_rack,37.34473225,3.00000000,11,10,90.90909091
nuscenes_mini_subset,scene-0103_021,21,Truck,52.43771837,3.00000000,6,1,16.66666667
nuscenes_mini_subset,scene-0103_021,23,Car,13.72152191,3.00000000,154,146,94.80519481
nuscenes_mini_subset,scene-0103_022,2,Car,21.19279714,-3.00000000,7,2,28.57142857
nuscenes_mini_subset,scene-0103_022,10,Car,34.62107143,-3.00000000,10,0,0.00000000
nuscenes_mini_subset,scene-0103_022,13,bicycle_rack,36.00465079,-3.00000000,16,7,43.75000000
nuscenes_mini_subset,scene-0103_022,20,Truck,51.05557443,-3.00000000,7,0,0.00000000
nuscenes_mini_subset,scene-0103_022,22,Car,12.29454407,-3.00000000,163,156,95.70552147
nuscenes_mini_subset,scene-0103_022,2,Car,21.19279714,-2.00000000,7,4,57.14285714
nuscenes_mini_subset,scene-0103_022,10,Car,34.62107143,-2.00000000,10,4,40.00000000
nuscenes_mini_subset,scene-0103_022,13,bicycle_rack,36.00465079,-2.00000000,16,10,62.50000000
nuscenes_mini_subset,scene-0103_022,20,Truck,51.05557443,-2.00000000,7,2,28.57142857
nuscenes_mini_subset,scene-0103_022,22,Car,12.29454407,-2.00000000,163,162,99.38650307
nuscenes_mini_subset,scene-0103_022,2,Car,21.19279714,-1.00000000,7,5,71.42857143
nuscenes_mini_subset,scene-0103_022,10,Car,34.62107143,-1.00000000,10,7,70.00000000
nuscenes_mini_subset,scene-0103_022,13,bicycle_rack,36.00465079,-1.00000000,16,12,75.00000000
nuscenes_mini_subset,scene-0103_022,20,Truck,51.05557443,-1.00000000,7,6,85.71428571
nuscenes_mini_subset,scene-0103_022,22,Car,12.29454407,-1.00000000,163,163,100.00000000
nuscenes_mini_subset,scene-0103_022,2,Car,21.19279714,-0.50000000,7,6,85.71428571
nuscenes_mini_subset,scene-0103_022,10,Car,34.62107143,-0.50000000,10,9,90.00000000
nuscenes_mini_subset,scene-0103_022,13,bicycle_rack,36.00465079,-0.50000000,16,15,93.75000000
nuscenes_mini_subset,scene-0103_022,20,Truck,51.05557443,-0.50000000,7,7,100.00000000
nuscenes_mini_subset,scene-0103_022,22,Car,12.29454407,-0.50000000,163,163,100.00000000
nuscenes_mini_subset,scene-0103_022,2,Car,21.19279714,0.00000000,7,7,100.00000000
nuscenes_mini_subset,scene-0103_022,10,Car,34.62107143,0.00000000,10,10,100.00000000
nuscenes_mini_subset,scene-0103_022,13,bicycle_rack,36.00465079,0.00000000,16,16,100.00000000
nuscenes_mini_subset,scene-0103_022,20,Truck,51.05557443,0.00000000,7,7,100.00000000
nuscenes_mini_subset,scene-0103_022,22,Car,12.29454407,0.00000000,163,163,100.00000000
nuscenes_mini_subset,scene-0103_022,2,Car,21.19279714,0.50000000,7,7,100.00000000
nuscenes_mini_subset,scene-0103_022,10,Car,34.62107143,0.50000000,10,10,100.00000000
nuscenes_mini_subset,scene-0103_022,13,bicycle_rack,36.00465079,0.50000000,16,16,100.00000000
nuscenes_mini_subset,scene-0103_022,20,Truck,51.05557443,0.50000000,7,7,100.00000000
nuscenes_mini_subset,scene-0103_022,22,Car,12.29454407,0.50000000,163,159,97.54601227
nuscenes_mini_subset,scene-0103_022,2,Car,21.19279714,1.00000000,7,6,85.71428571
nuscenes_mini_subset,scene-0103_022,10,Car,34.62107143,1.00000000,10,7,70.00000000
nuscenes_mini_subset,scene-0103_022,13,bicycle_rack,36.00465079,1.00000000,16,16,100.00000000
nuscenes_mini_subset,scene-0103_022,20,Truck,51.05557443,1.00000000,7,7,100.00000000
nuscenes_mini_subset,scene-0103_022,22,Car,12.29454407,1.00000000,163,156,95.70552147
nuscenes_mini_subset,scene-0103_022,2,Car,21.19279714,2.00000000,7,6,85.71428571
nuscenes_mini_subset,scene-0103_022,10,Car,34.62107143,2.00000000,10,4,40.00000000
nuscenes_mini_subset,scene-0103_022,13,bicycle_rack,36.00465079,2.00000000,16,14,87.50000000
nuscenes_mini_subset,scene-0103_022,20,Truck,51.05557443,2.00000000,7,6,85.71428571
nuscenes_mini_subset,scene-0103_022,22,Car,12.29454407,2.00000000,163,148,90.79754601
nuscenes_mini_subset,scene-0103_022,2,Car,21.19279714,3.00000000,7,5,71.42857143
nuscenes_mini_subset,scene-0103_022,10,Car,34.62107143,3.00000000,10,0,0.00000000
nuscenes_mini_subset,scene-0103_022,13,bicycle_rack,36.00465079,3.00000000,16,11,68.75000000
nuscenes_mini_subset,scene-0103_022,20,Truck,51.05557443,3.00000000,7,2,28.57142857
nuscenes_mini_subset,scene-0103_022,22,Car,12.29454407,3.00000000,163,139,85.27607362
nuscenes_mini_subset,scene-0103_023,2,Car,23.75655394,-3.00000000,10,5,50.00000000
nuscenes_mini_subset,scene-0103_023,10,Car,32.99137001,-3.00000000,10,0,0.00000000
nuscenes_mini_subset,scene-0103_023,13,bicycle_rack,34.40138612,-3.00000000,12,4,33.33333333
nuscenes_mini_subset,scene-0103_023,19,Pedestrian,26.88003111,-3.00000000,6,0,0.00000000
nuscenes_mini_subset,scene-0103_023,20,Truck,49.42265812,-3.00000000,7,0,0.00000000
nuscenes_mini_subset,scene-0103_023,22,Car,10.72459228,-3.00000000,181,172,95.02762431
nuscenes_mini_subset,scene-0103_023,25,Car,23.39635085,-3.00000000,5,3,60.00000000
nuscenes_mini_subset,scene-0103_023,2,Car,23.75655394,-2.00000000,10,5,50.00000000
nuscenes_mini_subset,scene-0103_023,10,Car,32.99137001,-2.00000000,10,4,40.00000000
nuscenes_mini_subset,scene-0103_023,13,bicycle_rack,34.40138612,-2.00000000,12,6,50.00000000
nuscenes_mini_subset,scene-0103_023,19,Pedestrian,26.88003111,-2.00000000,6,0,0.00000000
nuscenes_mini_subset,scene-0103_023,20,Truck,49.42265812,-2.00000000,7,2,28.57142857
nuscenes_mini_subset,scene-0103_023,22,Car,10.72459228,-2.00000000,181,179,98.89502762
nuscenes_mini_subset,scene-0103_023,25,Car,23.39635085,-2.00000000,5,4,80.00000000
nuscenes_mini_subset,scene-0103_023,2,Car,23.75655394,-1.00000000,10,6,60.00000000
nuscenes_mini_subset,scene-0103_023,10,Car,32.99137001,-1.00000000,10,7,70.00000000
nuscenes_mini_subset,scene-0103_023,13,bicycle_rack,34.40138612,-1.00000000,12,8,66.66666667
nuscenes_mini_subset,scene-0103_023,19,Pedestrian,26.88003111,-1.00000000,6,2,33.33333333
nuscenes_mini_subset,scene-0103_023,20,Truck,49.42265812,-1.00000000,7,6,85.71428571
nuscenes_mini_subset,scene-0103_023,22,Car,10.72459228,-1.00000000,181,181,100.00000000
nuscenes_mini_subset,scene-0103_023,25,Car,23.39635085,-1.00000000,5,5,100.00000000
nuscenes_mini_subset,scene-0103_023,2,Car,23.75655394,-0.50000000,10,8,80.00000000
nuscenes_mini_subset,scene-0103_023,10,Car,32.99137001,-0.50000000,10,9,90.00000000
nuscenes_mini_subset,scene-0103_023,13,bicycle_rack,34.40138612,-0.50000000,12,11,91.66666667
nuscenes_mini_subset,scene-0103_023,19,Pedestrian,26.88003111,-0.50000000,6,4,66.66666667
nuscenes_mini_subset,scene-0103_023,20,Truck,49.42265812,-0.50000000,7,7,100.00000000
nuscenes_mini_subset,scene-0103_023,22,Car,10.72459228,-0.50000000,181,181,100.00000000
nuscenes_mini_subset,scene-0103_023,25,Car,23.39635085,-0.50000000,5,5,100.00000000
nuscenes_mini_subset,scene-0103_023,2,Car,23.75655394,0.00000000,10,10,100.00000000
nuscenes_mini_subset,scene-0103_023,10,Car,32.99137001,0.00000000,10,10,100.00000000
nuscenes_mini_subset,scene-0103_023,13,bicycle_rack,34.40138612,0.00000000,12,12,100.00000000
nuscenes_mini_subset,scene-0103_023,19,Pedestrian,26.88003111,0.00000000,6,6,100.00000000
nuscenes_mini_subset,scene-0103_023,20,Truck,49.42265812,0.00000000,7,7,100.00000000
nuscenes_mini_subset,scene-0103_023,22,Car,10.72459228,0.00000000,181,181,100.00000000
nuscenes_mini_subset,scene-0103_023,25,Car,23.39635085,0.00000000,5,5,100.00000000
nuscenes_mini_subset,scene-0103_023,2,Car,23.75655394,0.50000000,10,10,100.00000000
nuscenes_mini_subset,scene-0103_023,10,Car,32.99137001,0.50000000,10,10,100.00000000
nuscenes_mini_subset,scene-0103_023,13,bicycle_rack,34.40138612,0.50000000,12,12,100.00000000
nuscenes_mini_subset,scene-0103_023,19,Pedestrian,26.88003111,0.50000000,6,6,100.00000000
nuscenes_mini_subset,scene-0103_023,20,Truck,49.42265812,0.50000000,7,7,100.00000000
nuscenes_mini_subset,scene-0103_023,22,Car,10.72459228,0.50000000,181,171,94.47513812
nuscenes_mini_subset,scene-0103_023,25,Car,23.39635085,0.50000000,5,5,100.00000000
nuscenes_mini_subset,scene-0103_023,2,Car,23.75655394,1.00000000,10,9,90.00000000
nuscenes_mini_subset,scene-0103_023,10,Car,32.99137001,1.00000000,10,7,70.00000000
nuscenes_mini_subset,scene-0103_023,13,bicycle_rack,34.40138612,1.00000000,12,11,91.66666667
nuscenes_mini_subset,scene-0103_023,19,Pedestrian,26.88003111,1.00000000,6,2,33.33333333
nuscenes_mini_subset,scene-0103_023,20,Truck,49.42265812,1.00000000,7,7,100.00000000
nuscenes_mini_subset,scene-0103_023,22,Car,10.72459228,1.00000000,181,164,90.60773481
nuscenes_mini_subset,scene-0103_023,25,Car,23.39635085,1.00000000,5,5,100.00000000
nuscenes_mini_subset,scene-0103_023,2,Car,23.75655394,2.00000000,10,5,50.00000000
nuscenes_mini_subset,scene-0103_023,10,Car,32.99137001,2.00000000,10,4,40.00000000
nuscenes_mini_subset,scene-0103_023,13,bicycle_rack,34.40138612,2.00000000,12,11,91.66666667
nuscenes_mini_subset,scene-0103_023,19,Pedestrian,26.88003111,2.00000000,6,0,0.00000000
nuscenes_mini_subset,scene-0103_023,20,Truck,49.42265812,2.00000000,7,6,85.71428571
nuscenes_mini_subset,scene-0103_023,22,Car,10.72459228,2.00000000,181,145,80.11049724
nuscenes_mini_subset,scene-0103_023,25,Car,23.39635085,2.00000000,5,5,100.00000000
nuscenes_mini_subset,scene-0103_023,2,Car,23.75655394,3.00000000,10,5,50.00000000
nuscenes_mini_subset,scene-0103_023,10,Car,32.99137001,3.00000000,10,1,10.00000000
nuscenes_mini_subset,scene-0103_023,13,bicycle_rack,34.40138612,3.00000000,12,11,91.66666667
nuscenes_mini_subset,scene-0103_023,19,Pedestrian,26.88003111,3.00000000,6,0,0.00000000
nuscenes_mini_subset,scene-0103_023,20,Truck,49.42265812,3.00000000,7,3,42.85714286
nuscenes_mini_subset,scene-0103_023,22,Car,10.72459228,3.00000000,181,127,70.16574586
nuscenes_mini_subset,scene-0103_023,25,Car,23.39635085,3.00000000,5,3,60.00000000
nuscenes_mini_subset,scene-0103_024,3,Car,39.33004232,-3.00000000,5,0,0.00000000
nuscenes_mini_subset,scene-0103_024,10,Car,31.15508203,-3.00000000,10,0,0.00000000
nuscenes_mini_subset,scene-0103_024,12,Car,16.05369190,-3.00000000,10,7,70.00000000
nuscenes_mini_subset,scene-0103_024,13,bicycle_rack,32.60094028,-3.00000000,19,11,57.89473684
nuscenes_mini_subset,scene-0103_024,19,Pedestrian,25.87800952,-3.00000000,6,0,0.00000000
nuscenes_mini_subset,scene-0103_024,20,Truck,47.58598196,-3.00000000,10,0,0.00000000
nuscenes_mini_subset,scene-0103_024,21,Car,9.15861668,-3.00000000,110,90,81.81818182
nuscenes_mini_subset,scene-0103_024,24,Car,21.67379121,-3.00000000,18,15,83.33333333
nuscenes_mini_subset,scene-0103_024,3,Car,39.33004232,-2.00000000,5,1,20.00000000
nuscenes_mini_subset,scene-0103_024,10,Car,31.15508203,-2.00000000,10,4,40.00000000
nuscenes_mini_subset,scene-0103_024,12,Car,16.05369190,-2.00000000,10,7,70.00000000
nuscenes_mini_subset,scene-0103_024,13,bicycle_rack,32.60094028,-2.00000000,19,13,68.42105263
nuscenes_mini_subset,scene-0103_024,19,Pedestrian,25.87800952,-2.00000000,6,0,0.00000000
nuscenes_mini_subset,scene-0103_024,20,Truck,47.58598196,-2.00000000,10,3,30.00000000
nuscenes_mini_subset,scene-0103_024,21,Car,9.15861668,-2.00000000,110,102,92.72727273
nuscenes_mini_subset,scene-0103_024,24,Car,21.67379121,-2.00000000,18,16,88.88888889
nuscenes_mini_subset,scene-0103_024,3,Car,39.33004232,-1.00000000,5,4,80.00000000
nuscenes_mini_subset,scene-0103_024,10,Car,31.15508203,-1.00000000,10,7,70.00000000
nuscenes_mini_subset,scene-0103_024,12,Car,16.05369190,-1.00000000,10,9,90.00000000
nuscenes_mini_subset,scene-0103_024,13,bicycle_rack,32.60094028,-1.00000000,19,17,89.47368421
nuscenes_mini_subset,scene-0103_024,19,Pedestrian,25.87800952,-1.00000000,6,1,16.66666667
nuscenes_mini_subset,scene-0103_024,20,Truck,47.58598196,-1.00000000,10,9,90.00000000
nuscenes_mini_subset,scene-0103_024,21,Car,9.15861668,-1.00000000,110,110,100.00000000
nuscenes_mini_subset,scene-0103_024,24,Car,21.67379121,-1.00000000,18,18,100.00000000
nuscenes_mini_subset,scene-0103_024,3,Car,39.33004232,-0.50000000,5,5,100.00000000
nuscenes_mini_subset,scene-0103_024,10,Car,31.15508203,-0.50000000,10,9,90.00000000
nuscenes_mini_subset,scene-0103_024,12,Car,16.05369190,-0.50000000,10,10,100.00000000
nuscenes_mini_subset,scene-0103_024,13,bicycle_rack,32.60094028,-0.50000000,19,19,100.00000000
nuscenes_mini_subset,scene-0103_024,19,Pedestrian,25.87800952,-0.50000000,6,3,50.00000000
nuscenes_mini_subset,scene-0103_024,20,Truck,47.58598196,-0.50000000,10,9,90.00000000
nuscenes_mini_subset,scene-0103_024,21,Car,9.15861668,-0.50000000,110,110,100.00000000
nuscenes_mini_subset,scene-0103_024,24,Car,21.67379121,-0.50000000,18,18,100.00000000
nuscenes_mini_subset,scene-0103_024,3,Car,39.33004232,0.00000000,5,5,100.00000000
nuscenes_mini_subset,scene-0103_024,10,Car,31.15508203,0.00000000,10,10,100.00000000
nuscenes_mini_subset,scene-0103_024,12,Car,16.05369190,0.00000000,10,10,100.00000000
nuscenes_mini_subset,scene-0103_024,13,bicycle_rack,32.60094028,0.00000000,19,19,100.00000000
nuscenes_mini_subset,scene-0103_024,19,Pedestrian,25.87800952,0.00000000,6,6,100.00000000
nuscenes_mini_subset,scene-0103_024,20,Truck,47.58598196,0.00000000,10,10,100.00000000
nuscenes_mini_subset,scene-0103_024,21,Car,9.15861668,0.00000000,110,110,100.00000000
nuscenes_mini_subset,scene-0103_024,24,Car,21.67379121,0.00000000,18,18,100.00000000
nuscenes_mini_subset,scene-0103_024,3,Car,39.33004232,0.50000000,5,5,100.00000000
nuscenes_mini_subset,scene-0103_024,10,Car,31.15508203,0.50000000,10,10,100.00000000
nuscenes_mini_subset,scene-0103_024,12,Car,16.05369190,0.50000000,10,8,80.00000000
nuscenes_mini_subset,scene-0103_024,13,bicycle_rack,32.60094028,0.50000000,19,19,100.00000000
nuscenes_mini_subset,scene-0103_024,19,Pedestrian,25.87800952,0.50000000,6,6,100.00000000
nuscenes_mini_subset,scene-0103_024,20,Truck,47.58598196,0.50000000,10,10,100.00000000
nuscenes_mini_subset,scene-0103_024,21,Car,9.15861668,0.50000000,110,100,90.90909091
nuscenes_mini_subset,scene-0103_024,24,Car,21.67379121,0.50000000,18,18,100.00000000
nuscenes_mini_subset,scene-0103_024,3,Car,39.33004232,1.00000000,5,5,100.00000000
nuscenes_mini_subset,scene-0103_024,10,Car,31.15508203,1.00000000,10,9,90.00000000
nuscenes_mini_subset,scene-0103_024,12,Car,16.05369190,1.00000000,10,7,70.00000000
nuscenes_mini_subset,scene-0103_024,13,bicycle_rack,32.60094028,1.00000000,19,19,100.00000000
nuscenes_mini_subset,scene-0103_024,19,Pedestrian,25.87800952,1.00000000,6,3,50.00000000
nuscenes_mini_subset,scene-0103_024,20,Truck,47.58598196,1.00000000,10,10,100.00000000
nuscenes_mini_subset,scene-0103_024,21,Car,9.15861668,1.00000000,110,92,83.63636364
nuscenes_mini_subset,scene-0103_024,24,Car,21.67379121,1.00000000,18,18,100.00000000
nuscenes_mini_subset,scene-0103_024,3,Car,39.33004232,2.00000000,5,5,100.00000000
nuscenes_mini_subset,scene-0103_024,10,Car,31.15508203,2.00000000,10,5,50.00000000
nuscenes_mini_subset,scene-0103_024,12,Car,16.05369190,2.00000000,10,4,40.00000000
nuscenes_mini_subset,scene-0103_024,13,bicycle_rack,32.60094028,2.00000000,19,16,84.21052632
nuscenes_mini_subset,scene-0103_024,19,Pedestrian,25.87800952,2.00000000,6,0,0.00000000
nuscenes_mini_subset,scene-0103_024,20,Truck,47.58598196,2.00000000,10,9,90.00000000
nuscenes_mini_subset,scene-0103_024,21,Car,9.15861668,2.00000000,110,77,70.00000000
nuscenes_mini_subset,scene-0103_024,24,Car,21.67379121,2.00000000,18,18,100.00000000
nuscenes_mini_subset,scene-0103_024,3,Car,39.33004232,3.00000000,5,2,40.00000000
nuscenes_mini_subset,scene-0103_024,10,Car,31.15508203,3.00000000,10,2,20.00000000
nuscenes_mini_subset,scene-0103_024,12,Car,16.05369190,3.00000000,10,4,40.00000000
nuscenes_mini_subset,scene-0103_024,13,bicycle_rack,32.60094028,3.00000000,19,14,73.68421053
nuscenes_mini_subset,scene-0103_024,19,Pedestrian,25.87800952,3.00000000,6,0,0.00000000
nuscenes_mini_subset,scene-0103_024,20,Truck,47.58598196,3.00000000,10,6,60.00000000
nuscenes_mini_subset,scene-0103_024,21,Car,9.15861668,3.00000000,110,62,56.36363636
nuscenes_mini_subset,scene-0103_024,24,Car,21.67379121,3.00000000,18,15,83.33333333
nuscenes_mini_subset,scene-0103_025,10,Car,29.10530766,-3.00000000,15,2,13.33333333
nuscenes_mini_subset,scene-0103_025,12,Car,14.37952868,-3.00000000,13,0,0.00000000
nuscenes_mini_subset,scene-0103_025,13,bicycle_rack,30.59775463,-3.00000000,17,11,64.70588235
nuscenes_mini_subset,scene-0103_025,20,Truck,45.46867799,-3.00000000,10,0,0.00000000
nuscenes_mini_subset,scene-0103_025,25,Car,19.78444885,-3.00000000,30,26,86.66666667
nuscenes_mini_subset,scene-0103_025,10,Car,29.10530766,-2.00000000,15,7,46.66666667
nuscenes_mini_subset,scene-0103_025,12,Car,14.37952868,-2.00000000,13,4,30.76923077
nuscenes_mini_subset,scene-0103_025,13,bicycle_rack,30.59775463,-2.00000000,17,14,82.35294118
nuscenes_mini_subset,scene-0103_025,20,Truck,45.46867799,-2.00000000,10,2,20.00000000
nuscenes_mini_subset,scene-0103_025,25,Car,19.78444885,-2.00000000,30,26,86.66666667
nuscenes_mini_subset,scene-0103_025,10,Car,29.10530766,-1.00000000,15,11,73.33333333
nuscenes_mini_subset,scene-0103_025,12,Car,14.37952868,-1.00000000,13,12,92.30769231
nuscenes_mini_subset,scene-0103_025,13,bicycle_rack,30.59775463,-1.00000000,17,15,88.23529412
nuscenes_mini_subset,scene-0103_025,20,Truck,45.46867799,-1.00000000,10,8,80.00000000
nuscenes_mini_subset,scene-0103_025,25,Car,19.78444885,-1.00000000,30,29,96.66666667
nuscenes_mini_subset,scene-0103_025,10,Car,29.10530766,-0.50000000,15,14,93.33333333
nuscenes_mini_subset,scene-0103_025,12,Car,14.37952868,-0.50000000,13,13,100.00000000
nuscenes_mini_subset,scene-0103_025,13,bicycle_rack,30.59775463,-0.50000000,17,17,100.00000000
nuscenes_mini_subset,scene-0103_025,20,Truck,45.46867799,-0.50000000,10,8,80.00000000
nuscenes_mini_subset,scene-0103_025,25,Car,19.78444885,-0.50000000,30,30,100.00000000
nuscenes_mini_subset,scene-0103_025,10,Car,29.10530766,0.00000000,15,15,100.00000000
nuscenes_mini_subset,scene-0103_025,12,Car,14.37952868,0.00000000,13,13,100.00000000
nuscenes_mini_subset,scene-0103_025,13,bicycle_rack,30.59775463,0.00000000,17,17,100.00000000
nuscenes_mini_subset,scene-0103_025,20,Truck,45.46867799,0.00000000,10,10,100.00000000
nuscenes_mini_subset,scene-0103_025,25,Car,19.78444885,0.00000000,30,30,100.00000000
nuscenes_mini_subset,scene-0103_025,10,Car,29.10530766,0.50000000,15,15,100.00000000
nuscenes_mini_subset,scene-0103_025,12,Car,14.37952868,0.50000000,13,11,84.61538462
nuscenes_mini_subset,scene-0103_025,13,bicycle_rack,30.59775463,0.50000000,17,17,100.00000000
nuscenes_mini_subset,scene-0103_025,20,Truck,45.46867799,0.50000000,10,10,100.00000000
nuscenes_mini_subset,scene-0103_025,25,Car,19.78444885,0.50000000,30,30,100.00000000
nuscenes_mini_subset,scene-0103_025,10,Car,29.10530766,1.00000000,15,13,86.66666667
nuscenes_mini_subset,scene-0103_025,12,Car,14.37952868,1.00000000,13,6,46.15384615
nuscenes_mini_subset,scene-0103_025,13,bicycle_rack,30.59775463,1.00000000,17,16,94.11764706
nuscenes_mini_subset,scene-0103_025,20,Truck,45.46867799,1.00000000,10,10,100.00000000
nuscenes_mini_subset,scene-0103_025,25,Car,19.78444885,1.00000000,30,29,96.66666667
nuscenes_mini_subset,scene-0103_025,10,Car,29.10530766,2.00000000,15,8,53.33333333
nuscenes_mini_subset,scene-0103_025,12,Car,14.37952868,2.00000000,13,0,0.00000000
nuscenes_mini_subset,scene-0103_025,13,bicycle_rack,30.59775463,2.00000000,17,14,82.35294118
nuscenes_mini_subset,scene-0103_025,20,Truck,45.46867799,2.00000000,10,10,100.00000000
nuscenes_mini_subset,scene-0103_025,25,Car,19.78444885,2.00000000,30,24,80.00000000
nuscenes_mini_subset,scene-0103_025,10,Car,29.10530766,3.00000000,15,4,26.66666667
nuscenes_mini_subset,scene-0103_025,12,Car,14.37952868,3.00000000,13,0,0.00000000
nuscenes_mini_subset,scene-0103_025,13,bicycle_rack,30.59775463,3.00000000,17,11,64.70588235
nuscenes_mini_subset,scene-0103_025,20,Truck,45.46867799,3.00000000,10,8,80.00000000
nuscenes_mini_subset,scene-0103_025,25,Car,19.78444885,3.00000000,30,21,70.00000000
nuscenes_mini_subset,scene-0103_026,3,Car,35.31574099,-3.00000000,5,0,0.00000000
nuscenes_mini_subset,scene-0103_026,9,Car,26.79292342,-3.00000000,20,4,20.00000000
nuscenes_mini_subset,scene-0103_026,11,bicycle_rack,28.36483285,-3.00000000,28,24,85.71428571
nuscenes_mini_subset,scene-0103_026,17,Pedestrian,23.14882169,-3.00000000,5,0,0.00000000
nuscenes_mini_subset,scene-0103_026,18,Truck,43.10971994,-3.00000000,15,2,13.33333333
nuscenes_mini_subset,scene-0103_026,22,Car,17.75834923,-3.00000000,32,26,81.25000000
nuscenes_mini_subset,scene-0103_026,3,Car,35.31574099,-2.00000000,5,1,20.00000000
nuscenes_mini_subset,scene-0103_026,9,Car,26.79292342,-2.00000000,20,11,55.00000000
nuscenes_mini_subset,scene-0103_026,11,bicycle_rack,28.36483285,-2.00000000,28,25,89.28571429
nuscenes_mini_subset,scene-0103_026,17,Pedestrian,23.14882169,-2.00000000,5,0,0.00000000
nuscenes_mini_subset,scene-0103_026,18,Truck,43.10971994,-2.00000000,15,8,53.33333333
nuscenes_mini_subset,scene-0103_026,22,Car,17.75834923,-2.00000000,32,28,87.50000000
nuscenes_mini_subset,scene-0103_026,3,Car,35.31574099,-1.00000000,5,4,80.00000000
nuscenes_mini_subset,scene-0103_026,9,Car,26.79292342,-1.00000000,20,16,80.00000000
nuscenes_mini_subset,scene-0103_026,11,bicycle_rack,28.36483285,-1.00000000,28,27,96.42857143
nuscenes_mini_subset,scene-0103_026,17,Pedestrian,23.14882169,-1.00000000,5,1,20.00000000
nuscenes_mini_subset,scene-0103_026,18,Truck,43.10971994,-1.00000000,15,14,93.33333333
nuscenes_mini_subset,scene-0103_026,22,Car,17.75834923,-1.00000000,32,32,100.00000000
nuscenes_mini_subset,scene-0103_026,3,Car,35.31574099,-0.50000000,5,5,100.00000000
nuscenes_mini_subset,scene-0103_026,9,Car,26.79292342,-0.50000000,20,18,90.00000000
nuscenes_mini_subset,scene-0103_026,11,bicycle_rack,28.36483285,-0.50000000,28,28,100.00000000
nuscenes_mini_subset,scene-0103_026,17,Pedestrian,23.14882169,-0.50000000,5,4,80.00000000
nuscenes_mini_subset,scene-0103_026,18,Truck,43.10971994,-0.50000000,15,15,100.00000000
nuscenes_mini_subset,scene-0103_026,22,Car,17.75834923,-0.50000000,32,32,100.00000000
nuscenes_mini_subset,scene-0103_026,3,Car,35.31574099,0.00000000,5,5,100.00000000
nuscenes_mini_subset,scene-0103_026,9,Car,26.79292342,0.00000000,20,20,100.00000000
nuscenes_mini_subset,scene-0103_026,11,bicycle_rack,28.36483285,0.00000000,28,28,100.00000000
nuscenes_mini_subset,scene-0103_026,17,Pedestrian,23.14882169,0.00000000,5,5,100.00000000
nuscenes_mini_subset,scene-0103_026,18,Truck,43.10971994,0.00000000,15,15,100.00000000
nuscenes_mini_subset,scene-0103_026,22,Car,17.75834923,0.00000000,32,32,100.00000000
nuscenes_mini_subset,scene-0103_026,3,Car,35.31574099,0.50000000,5,5,100.00000000
nuscenes_mini_subset,scene-0103_026,9,Car,26.79292342,0.50000000,20,20,100.00000000
nuscenes_mini_subset,scene-0103_026,11,bicycle_rack,28.36483285,0.50000000,28,28,100.00000000
nuscenes_mini_subset,scene-0103_026,17,Pedestrian,23.14882169,0.50000000,5,5,100.00000000
nuscenes_mini_subset,scene-0103_026,18,Truck,43.10971994,0.50000000,15,15,100.00000000
nuscenes_mini_subset,scene-0103_026,22,Car,17.75834923,0.50000000,32,30,93.75000000
nuscenes_mini_subset,scene-0103_026,3,Car,35.31574099,1.00000000,5,5,100.00000000
nuscenes_mini_subset,scene-0103_026,9,Car,26.79292342,1.00000000,20,19,95.00000000
nuscenes_mini_subset,scene-0103_026,11,bicycle_rack,28.36483285,1.00000000,28,27,96.42857143
nuscenes_mini_subset,scene-0103_026,17,Pedestrian,23.14882169,1.00000000,5,4,80.00000000
nuscenes_mini_subset,scene-0103_026,18,Truck,43.10971994,1.00000000,15,15,100.00000000
nuscenes_mini_subset,scene-0103_026,22,Car,17.75834923,1.00000000,32,29,90.62500000
nuscenes_mini_subset,scene-0103_026,3,Car,35.31574099,2.00000000,5,5,100.00000000
nuscenes_mini_subset,scene-0103_026,9,Car,26.79292342,2.00000000,20,14,70.00000000
nuscenes_mini_subset,scene-0103_026,11,bicycle_rack,28.36483285,2.00000000,28,24,85.71428571
nuscenes_mini_subset,scene-0103_026,17,Pedestrian,23.14882169,2.00000000,5,0,0.00000000
nuscenes_mini_subset,scene-0103_026,18,Truck,43.10971994,2.00000000,15,14,93.33333333
nuscenes_mini_subset,scene-0103_026,22,Car,17.75834923,2.00000000,32,22,68.75000000
nuscenes_mini_subset,scene-0103_026,3,Car,35.31574099,3.00000000,5,4,80.00000000
nuscenes_mini_subset,scene-0103_026,9,Car,26.79292342,3.00000000,20,8,40.00000000
nuscenes_mini_subset,scene-0103_026,11,bicycle_rack,28.36483285,3.00000000,28,22,78.57142857
nuscenes_mini_subset,scene-0103_026,17,Pedestrian,23.14882169,3.00000000,5,0,0.00000000
nuscenes_mini_subset,scene-0103_026,18,Truck,43.10971994,3.00000000,15,9,60.00000000
nuscenes_mini_subset,scene-0103_026,22,Car,17.75834923,3.00000000,32,17,53.12500000
nuscenes_mini_subset,scene-0103_027,8,Car,24.26273938,-3.00000000,24,7,29.16666667
nuscenes_mini_subset,scene-0103_027,10,bicycle_rack,25.91319615,-3.00000000,50,42,84.00000000
nuscenes_mini_subset,scene-0103_027,16,Pedestrian,21.40031327,-3.00000000,6,0,0.00000000
nuscenes_mini_subset,scene-0103_027,17,Truck,40.59175490,-3.00000000,19,5,26.31578947
nuscenes_mini_subset,scene-0103_027,21,Car,15.61150598,-3.00000000,17,6,35.29411765
nuscenes_mini_subset,scene-0103_027,8,Car,24.26273938,-2.00000000,24,13,54.16666667
nuscenes_mini_subset,scene-0103_027,10,bicycle_rack,25.91319615,-2.00000000,50,45,90.00000000
nuscenes_mini_subset,scene-0103_027,16,Pedestrian,21.40031327,-2.00000000,6,0,0.00000000
nuscenes_mini_subset,scene-0103_027,17,Truck,40.59175490,-2.00000000,19,10,52.63157895
nuscenes_mini_subset,scene-0103_027,21,Car,15.61150598,-2.00000000,17,12,70.58823529
nuscenes_mini_subset,scene-0103_027,8,Car,24.26273938,-1.00000000,24,19,79.16666667
nuscenes_mini_subset,scene-0103_027,10,bicycle_rack,25.91319615,-1.00000000,50,48,96.00000000
nuscenes_mini_subset,scene-0103_027,16,Pedestrian,21.40031327,-1.00000000,6,4,66.66666667
nuscenes_mini_subset,scene-0103_027,17,Truck,40.59175490,-1.00000000,19,17,89.47368421
nuscenes_mini_subset,scene-0103_027,21,Car,15.61150598,-1.00000000,17,16,94.11764706
nuscenes_mini_subset,scene-0103_027,8,Car,24.26273938,-0.50000000,24,23,95.83333333
nuscenes_mini_subset,scene-0103_027,10,bicycle_rack,25.91319615,-0.50000000,50,50,100.00000000
nuscenes_mini_subset,scene-0103_027,16,Pedestrian,21.40031327,-0.50000000,6,6,100.00000000
nuscenes_mini_subset,scene-0103_027,17,Truck,40.59175490,-0.50000000,19,18,94.73684211
nuscenes_mini_subset,scene-0103_027,21,Car,15.61150598,-0.50000000,17,17,100.00000000
nuscenes_mini_subset,scene-0103_027,8,Car,24.26273938,0.00000000,24,24,100.00000000
nuscenes_mini_subset,scene-0103_027,10,bicycle_rack,25.91319615,0.00000000,50,50,100.00000000
nuscenes_mini_subset,scene-0103_027,16,Pedestrian,21.40031327,0.00000000,6,6,100.00000000
nuscenes_mini_subset,scene-0103_027,17,Truck,40.59175490,0.00000000,19,19,100.00000000
nuscenes_mini_subset,scene-0103_027,21,Car,15.61150598,0.00000000,17,17,100.00000000
nuscenes_mini_subset,scene-0103_027,8,Car,24.26273938,0.50000000,24,24,100.00000000
nuscenes_mini_subset,scene-0103_027,10,bicycle_rack,25.91319615,0.50000000,50,50,100.00000000
nuscenes_mini_subset,scene-0103_027,16,Pedestrian,21.40031327,0.50000000,6,5,83.33333333
nuscenes_mini_subset,scene-0103_027,17,Truck,40.59175490,0.50000000,19,19,100.00000000
nuscenes_mini_subset,scene-0103_027,21,Car,15.61150598,0.50000000,17,17,100.00000000
nuscenes_mini_subset,scene-0103_027,8,Car,24.26273938,1.00000000,24,22,91.66666667
nuscenes_mini_subset,scene-0103_027,10,bicycle_rack,25.91319615,1.00000000,50,49,98.00000000
nuscenes_mini_subset,scene-0103_027,16,Pedestrian,21.40031327,1.00000000,6,2,33.33333333
nuscenes_mini_subset,scene-0103_027,17,Truck,40.59175490,1.00000000,19,19,100.00000000
nuscenes_mini_subset,scene-0103_027,21,Car,15.61150598,1.00000000,17,17,100.00000000
nuscenes_mini_subset,scene-0103_027,8,Car,24.26273938,2.00000000,24,17,70.83333333
nuscenes_mini_subset,scene-0103_027,10,bicycle_rack,25.91319615,2.00000000,50,46,92.00000000
nuscenes_mini_subset,scene-0103_027,16,Pedestrian,21.40031327,2.00000000,6,0,0.00000000
nuscenes_mini_subset,scene-0103_027,17,Truck,40.59175490,2.00000000,19,18,94.73684211
nuscenes_mini_subset,scene-0103_027,21,Car,15.61150598,2.00000000,17,15,88.23529412
nuscenes_mini_subset,scene-0103_027,8,Car,24.26273938,3.00000000,24,11,45.83333333
nuscenes_mini_subset,scene-0103_027,10,bicycle_rack,25.91319615,3.00000000,50,43,86.00000000
nuscenes_mini_subset,scene-0103_027,16,Pedestrian,21.40031327,3.00000000,6,0,0.00000000
nuscenes_mini_subset,scene-0103_027,17,Truck,40.59175490,3.00000000,19,12,63.15789474
nuscenes_mini_subset,scene-0103_027,21,Car,15.61150598,3.00000000,17,14,82.35294118
nuscenes_mini_subset,scene-0103_028,8,Car,21.83145527,-3.00000000,27,12,44.44444444
nuscenes_mini_subset,scene-0103_028,10,bicycle_rack,23.56350243,-3.00000000,61,52,85.24590164
nuscenes_mini_subset,scene-0103_028,15,Car,32.38431152,-3.00000000,5,4,80.00000000
nuscenes_mini_subset,scene-0103_028,16,Pedestrian,19.74599936,-3.00000000,9,0,0.00000000
nuscenes_mini_subset,scene-0103_028,17,Truck,38.15984613,-3.00000000,23,8,34.78260870
nuscenes_mini_subset,scene-0103_028,22,Car,26.66113135,-3.00000000,14,12,85.71428571
nuscenes_mini_subset,scene-0103_028,8,Car,21.83145527,-2.00000000,27,17,62.96296296
nuscenes_mini_subset,scene-0103_028,10,bicycle_rack,23.56350243,-2.00000000,61,54,88.52459016
nuscenes_mini_subset,scene-0103_028,15,Car,32.38431152,-2.00000000,5,5,100.00000000
nuscenes_mini_subset,scene-0103_028,16,Pedestrian,19.74599936,-2.00000000,9,0,0.00000000
nuscenes_mini_subset,scene-0103_028,17,Truck,38.15984613,-2.00000000,23,13,56.52173913
nuscenes_mini_subset,scene-0103_028,22,Car,26.66113135,-2.00000000,14,14,100.00000000
nuscenes_mini_subset,scene-0103_028,8,Car,21.83145527,-1.00000000,27,23,85.18518519
nuscenes_mini_subset,scene-0103_028,10,bicycle_rack,23.56350243,-1.00000000,61,60,98.36065574
nuscenes_mini_subset,scene-0103_028,15,Car,32.38431152,-1.00000000,5,5,100.00000000
nuscenes_mini_subset,scene-0103_028,16,Pedestrian,19.74599936,-1.00000000,9,7,77.77777778
nuscenes_mini_subset,scene-0103_028,17,Truck,38.15984613,-1.00000000,23,19,82.60869565
nuscenes_mini_subset,scene-0103_028,22,Car,26.66113135,-1.00000000,14,14,100.00000000
nuscenes_mini_subset,scene-0103_028,8,Car,21.83145527,-0.50000000,27,27,100.00000000
nuscenes_mini_subset,scene-0103_028,10,bicycle_rack,23.56350243,-0.50000000,61,61,100.00000000
nuscenes_mini_subset,scene-0103_028,15,Car,32.38431152,-0.50000000,5,5,100.00000000
nuscenes_mini_subset,scene-0103_028,16,Pedestrian,19.74599936,-0.50000000,9,9,100.00000000
nuscenes_mini_subset,scene-0103_028,17,Truck,38.15984613,-0.50000000,23,22,95.65217391
nuscenes_mini_subset,scene-0103_028,22,Car,26.66113135,-0.50000000,14,14,100.00000000
nuscenes_mini_subset,scene-0103_028,8,Car,21.83145527,0.00000000,27,27,100.00000000
nuscenes_mini_subset,scene-0103_028,10,bicycle_rack,23.56350243,0.00000000,61,61,100.00000000
nuscenes_mini_subset,scene-0103_028,15,Car,32.38431152,0.00000000,5,5,100.00000000
nuscenes_mini_subset,scene-0103_028,16,Pedestrian,19.74599936,0.00000000,9,9,100.00000000
nuscenes_mini_subset,scene-0103_028,17,Truck,38.15984613,0.00000000,23,23,100.00000000
nuscenes_mini_subset,scene-0103_028,22,Car,26.66113135,0.00000000,14,14,100.00000000
nuscenes_mini_subset,scene-0103_028,8,Car,21.83145527,0.50000000,27,26,96.29629630
nuscenes_mini_subset,scene-0103_028,10,bicycle_rack,23.56350243,0.50000000,61,61,100.00000000
nuscenes_mini_subset,scene-0103_028,15,Car,32.38431152,0.50000000,5,4,80.00000000
nuscenes_mini_subset,scene-0103_028,16,Pedestrian,19.74599936,0.50000000,9,8,88.88888889
nuscenes_mini_subset,scene-0103_028,17,Truck,38.15984613,0.50000000,23,23,100.00000000
nuscenes_mini_subset,scene-0103_028,22,Car,26.66113135,0.50000000,14,14,100.00000000
nuscenes_mini_subset,scene-0103_028,8,Car,21.83145527,1.00000000,27,25,92.59259259
nuscenes_mini_subset,scene-0103_028,10,bicycle_rack,23.56350243,1.00000000,61,60,98.36065574
nuscenes_mini_subset,scene-0103_028,15,Car,32.38431152,1.00000000,5,3,60.00000000
nuscenes_mini_subset,scene-0103_028,16,Pedestrian,19.74599936,1.00000000,9,5,55.55555556
nuscenes_mini_subset,scene-0103_028,17,Truck,38.15984613,1.00000000,23,22,95.65217391
nuscenes_mini_subset,scene-0103_028,22,Car,26.66113135,1.00000000,14,13,92.85714286
nuscenes_mini_subset,scene-0103_028,8,Car,21.83145527,2.00000000,27,21,77.77777778
nuscenes_mini_subset,scene-0103_028,10,bicycle_rack,23.56350243,2.00000000,61,58,95.08196721
nuscenes_mini_subset,scene-0103_028,15,Car,32.38431152,2.00000000,5,0,0.00000000
nuscenes_mini_subset,scene-0103_028,16,Pedestrian,19.74599936,2.00000000,9,0,0.00000000
nuscenes_mini_subset,scene-0103_028,17,Truck,38.15984613,2.00000000,23,19,82.60869565
nuscenes_mini_subset,scene-0103_028,22,Car,26.66113135,2.00000000,14,12,85.71428571
nuscenes_mini_subset,scene-0103_028,8,Car,21.83145527,3.00000000,27,15,55.55555556
nuscenes_mini_subset,scene-0103_028,10,bicycle_rack,23.56350243,3.00000000,61,55,90.16393443
nuscenes_mini_subset,scene-0103_028,15,Car,32.38431152,3.00000000,5,0,0.00000000
nuscenes_mini_subset,scene-0103_028,16,Pedestrian,19.74599936,3.00000000,9,0,0.00000000
nuscenes_mini_subset,scene-0103_028,17,Truck,38.15984613,3.00000000,23,15,65.21739130
nuscenes_mini_subset,scene-0103_028,22,Car,26.66113135,3.00000000,14,6,42.85714286
nuscenes_mini_subset,scene-0103_029,8,Car,18.68982308,-3.00000000,41,24,58.53658537
nuscenes_mini_subset,scene-0103_029,10,bicycle_rack,20.57087804,-3.00000000,80,71,88.75000000
nuscenes_mini_subset,scene-0103_029,13,Motorcycle,20.30908108,-3.00000000,5,0,0.00000000
nuscenes_mini_subset,scene-0103_029,14,Bicycle,35.18309581,-3.00000000,5,0,0.00000000
nuscenes_mini_subset,scene-0103_029,16,Pedestrian,17.45827235,-3.00000000,5,0,0.00000000
nuscenes_mini_subset,scene-0103_029,17,Truck,34.97259580,-3.00000000,26,9,34.61538462
nuscenes_mini_subset,scene-0103_029,21,Car,23.46812677,-3.00000000,11,11,100.00000000
nuscenes_mini_subset,scene-0103_029,8,Car,18.68982308,-2.00000000,41,30,73.17073171
nuscenes_mini_subset,scene-0103_029,10,bicycle_rack,20.57087804,-2.00000000,80,74,92.50000000
nuscenes_mini_subset,scene-0103_029,13,Motorcycle,20.30908108,-2.00000000,5,0,0.00000000
nuscenes_mini_subset,scene-0103_029,14,Bicycle,35.18309581,-2.00000000,5,0,0.00000000
nuscenes_mini_subset,scene-0103_029,16,Pedestrian,17.45827235,-2.00000000,5,0,0.00000000
nuscenes_mini_subset,scene-0103_029,17,Truck,34.97259580,-2.00000000,26,13,50.00000000
nuscenes_mini_subset,scene-0103_029,21,Car,23.46812677,-2.00000000,11,11,100.00000000
nuscenes_mini_subset,scene-0103_029,8,Car,18.68982308,-1.00000000,41,38,92.68292683
nuscenes_mini_subset,scene-0103_029,10,bicycle_rack,20.57087804,-1.00000000,80,79,98.75000000
nuscenes_mini_subset,scene-0103_029,13,Motorcycle,20.30908108,-1.00000000,5,4,80.00000000
nuscenes_mini_subset,scene-0103_029,14,Bicycle,35.18309581,-1.00000000,5,2,40.00000000
nuscenes_mini_subset,scene-0103_029,16,Pedestrian,17.45827235,-1.00000000,5,5,100.00000000
nuscenes_mini_subset,scene-0103_029,17,Truck,34.97259580,-1.00000000,26,22,84.61538462
nuscenes_mini_subset,scene-0103_029,21,Car,23.46812677,-1.00000000,11,11,100.00000000
nuscenes_mini_subset,scene-0103_029,8,Car,18.68982308,-0.50000000,41,41,100.00000000
nuscenes_mini_subset,scene-0103_029,10,bicycle_rack,20.57087804,-0.50000000,80,80,100.00000000
nuscenes_mini_subset,scene-0103_029,13,Motorcycle,20.30908108,-0.50000000,5,5,100.00000000
nuscenes_mini_subset,scene-0103_029,14,Bicycle,35.18309581,-0.50000000,5,4,80.00000000
nuscenes_mini_subset,scene-0103_029,16,Pedestrian,17.45827235,-0.50000000,5,5,100.00000000
nuscenes_mini_subset,scene-0103_029,17,Truck,34.97259580,-0.50000000,26,26,100.00000000
nuscenes_mini_subset,scene-0103_029,21,Car,23.46812677,-0.50000000,11,11,100.00000000
nuscenes_mini_subset,scene-0103_029,8,Car,18.68982308,0.00000000,41,41,100.00000000
nuscenes_mini_subset,scene-0103_029,10,bicycle_rack,20.57087804,0.00000000,80,80,100.00000000
nuscenes_mini_subset,scene-0103_029,13,Motorcycle,20.30908108,0.00000000,5,5,100.00000000
nuscenes_mini_subset,scene-0103_029,14,Bicycle,35.18309581,0.00000000,5,5,100.00000000
nuscenes_mini_subset,scene-0103_029,16,Pedestrian,17.45827235,0.00000000,5,5,100.00000000
nuscenes_mini_subset,scene-0103_029,17,Truck,34.97259580,0.00000000,26,26,100.00000000
nuscenes_mini_subset,scene-0103_029,21,Car,23.46812677,0.00000000,11,11,100.00000000
nuscenes_mini_subset,scene-0103_029,8,Car,18.68982308,0.50000000,41,41,100.00000000
nuscenes_mini_subset,scene-0103_029,10,bicycle_rack,20.57087804,0.50000000,80,77,96.25000000
nuscenes_mini_subset,scene-0103_029,13,Motorcycle,20.30908108,0.50000000,5,5,100.00000000
nuscenes_mini_subset,scene-0103_029,14,Bicycle,35.18309581,0.50000000,5,3,60.00000000
nuscenes_mini_subset,scene-0103_029,16,Pedestrian,17.45827235,0.50000000,5,5,100.00000000
nuscenes_mini_subset,scene-0103_029,17,Truck,34.97259580,0.50000000,26,26,100.00000000
nuscenes_mini_subset,scene-0103_029,21,Car,23.46812677,0.50000000,11,11,100.00000000
nuscenes_mini_subset,scene-0103_029,8,Car,18.68982308,1.00000000,41,39,95.12195122
nuscenes_mini_subset,scene-0103_029,10,bicycle_rack,20.57087804,1.00000000,80,73,91.25000000
nuscenes_mini_subset,scene-0103_029,13,Motorcycle,20.30908108,1.00000000,5,4,80.00000000
nuscenes_mini_subset,scene-0103_029,14,Bicycle,35.18309581,1.00000000,5,1,20.00000000
nuscenes_mini_subset,scene-0103_029,16,Pedestrian,17.45827235,1.00000000,5,3,60.00000000
nuscenes_mini_subset,scene-0103_029,17,Truck,34.97259580,1.00000000,26,26,100.00000000
nuscenes_mini_subset,scene-0103_029,21,Car,23.46812677,1.00000000,11,10,90.90909091
nuscenes_mini_subset,scene-0103_029,8,Car,18.68982308,2.00000000,41,33,80.48780488
nuscenes_mini_subset,scene-0103_029,10,bicycle_rack,20.57087804,2.00000000,80,65,81.25000000
nuscenes_mini_subset,scene-0103_029,13,Motorcycle,20.30908108,2.00000000,5,1,20.00000000
nuscenes_mini_subset,scene-0103_029,14,Bicycle,35.18309581,2.00000000,5,0,0.00000000
nuscenes_mini_subset,scene-0103_029,16,Pedestrian,17.45827235,2.00000000,5,0,0.00000000
nuscenes_mini_subset,scene-0103_029,17,Truck,34.97259580,2.00000000,26,23,88.46153846
nuscenes_mini_subset,scene-0103_029,21,Car,23.46812677,2.00000000,11,10,90.90909091
nuscenes_mini_subset,scene-0103_029,8,Car,18.68982308,3.00000000,41,26,63.41463415
nuscenes_mini_subset,scene-0103_029,10,bicycle_rack,20.57087804,3.00000000,80,57,71.25000000
nuscenes_mini_subset,scene-0103_029,13,Motorcycle,20.30908108,3.00000000,5,0,0.00000000
nuscenes_mini_subset,scene-0103_029,14,Bicycle,35.18309581,3.00000000,5,0,0.00000000
nuscenes_mini_subset,scene-0103_029,16,Pedestrian,17.45827235,3.00000000,5,0,0.00000000
nuscenes_mini_subset,scene-0103_029,17,Truck,34.97259580,3.00000000,26,20,76.92307692
nuscenes_mini_subset,scene-0103_029,21,Car,23.46812677,3.00000000,11,5,45.45454545
nuscenes_mini_subset,scene-0103_030,4,Car,28.69807081,-3.00000000,6,4,66.66666667
nuscenes_mini_subset,scene-0103_030,7,Car,15.65870229,-3.00000000,66,43,65.15151515
nuscenes_mini_subset,scene-0103_030,9,bicycle_rack,17.76752965,-3.00000000,59,50,84.74576271
nuscenes_mini_subset,scene-0103_030,13,Bicycle,29.47568340,-3.00000000,7,0,0.00000000
nuscenes_mini_subset,scene-0103_030,14,Car,26.02788082,-3.00000000,20,16,80.00000000
nuscenes_mini_subset,scene-0103_030,15,Truck,31.88625436,-3.00000000,43,21,48.83720930
nuscenes_mini_subset,scene-0103_030,19,Car,20.36524858,-3.00000000,30,27,90.00000000
nuscenes_mini_subset,scene-0103_030,4,Car,28.69807081,-2.00000000,6,5,83.33333333
nuscenes_mini_subset,scene-0103_030,7,Car,15.65870229,-2.00000000,66,54,81.81818182
nuscenes_mini_subset,scene-0103_030,9,bicycle_rack,17.76752965,-2.00000000,59,53,89.83050847
nuscenes_mini_subset,scene-0103_030,13,Bicycle,29.47568340,-2.00000000,7,0,0.00000000
nuscenes_mini_subset,scene-0103_030,14,Car,26.02788082,-2.00000000,20,19,95.00000000
nuscenes_mini_subset,scene-0103_030,15,Truck,31.88625436,-2.00000000,43,30,69.76744186
nuscenes_mini_subset,scene-0103_030,19,Car,20.36524858,-2.00000000,30,30,100.00000000
nuscenes_mini_subset,scene-0103_030,4,Car,28.69807081,-1.00000000,6,5,83.33333333
nuscenes_mini_subset,scene-0103_030,7,Car,15.65870229,-1.00000000,66,63,95.45454545
nuscenes_mini_subset,scene-0103_030,9,bicycle_rack,17.76752965,-1.00000000,59,59,100.00000000
nuscenes_mini_subset,scene-0103_030,13,Bicycle,29.47568340,-1.00000000,7,4,57.14285714
nuscenes_mini_subset,scene-0103_030,14,Car,26.02788082,-1.00000000,20,20,100.00000000
nuscenes_mini_subset,scene-0103_030,15,Truck,31.88625436,-1.00000000,43,40,93.02325581
nuscenes_mini_subset,scene-0103_030,19,Car,20.36524858,-1.00000000,30,30,100.00000000
nuscenes_mini_subset,scene-0103_030,4,Car,28.69807081,-0.50000000,6,6,100.00000000
nuscenes_mini_subset,scene-0103_030,7,Car,15.65870229,-0.50000000,66,66,100.00000000
nuscenes_mini_subset,scene-0103_030,9,bicycle_rack,17.76752965,-0.50000000,59,59,100.00000000
nuscenes_mini_subset,scene-0103_030,13,Bicycle,29.47568340,-0.50000000,7,6,85.71428571
nuscenes_mini_subset,scene-0103_030,14,Car,26.02788082,-0.50000000,20,20,100.00000000
nuscenes_mini_subset,scene-0103_030,15,Truck,31.88625436,-0.50000000,43,42,97.67441860
nuscenes_mini_subset,scene-0103_030,19,Car,20.36524858,-0.50000000,30,30,100.00000000
nuscenes_mini_subset,scene-0103_030,4,Car,28.69807081,0.00000000,6,6,100.00000000
nuscenes_mini_subset,scene-0103_030,7,Car,15.65870229,0.00000000,66,66,100.00000000
nuscenes_mini_subset,scene-0103_030,9,bicycle_rack,17.76752965,0.00000000,59,59,100.00000000
nuscenes_mini_subset,scene-0103_030,13,Bicycle,29.47568340,0.00000000,7,7,100.00000000
nuscenes_mini_subset,scene-0103_030,14,Car,26.02788082,0.00000000,20,20,100.00000000
nuscenes_mini_subset,scene-0103_030,15,Truck,31.88625436,0.00000000,43,43,100.00000000
nuscenes_mini_subset,scene-0103_030,19,Car,20.36524858,0.00000000,30,30,100.00000000
nuscenes_mini_subset,scene-0103_030,4,Car,28.69807081,0.50000000,6,6,100.00000000
nuscenes_mini_subset,scene-0103_030,7,Car,15.65870229,0.50000000,66,66,100.00000000
nuscenes_mini_subset,scene-0103_030,9,bicycle_rack,17.76752965,0.50000000,59,54,91.52542373
nuscenes_mini_subset,scene-0103_030,13,Bicycle,29.47568340,0.50000000,7,7,100.00000000
nuscenes_mini_subset,scene-0103_030,14,Car,26.02788082,0.50000000,20,19,95.00000000
nuscenes_mini_subset,scene-0103_030,15,Truck,31.88625436,0.50000000,43,43,100.00000000
nuscenes_mini_subset,scene-0103_030,19,Car,20.36524858,0.50000000,30,30,100.00000000
nuscenes_mini_subset,scene-0103_030,4,Car,28.69807081,1.00000000,6,6,100.00000000
nuscenes_mini_subset,scene-0103_030,7,Car,15.65870229,1.00000000,66,64,96.96969697
nuscenes_mini_subset,scene-0103_030,9,bicycle_rack,17.76752965,1.00000000,59,52,88.13559322
nuscenes_mini_subset,scene-0103_030,13,Bicycle,29.47568340,1.00000000,7,3,42.85714286
nuscenes_mini_subset,scene-0103_030,14,Car,26.02788082,1.00000000,20,17,85.00000000
nuscenes_mini_subset,scene-0103_030,15,Truck,31.88625436,1.00000000,43,43,100.00000000
nuscenes_mini_subset,scene-0103_030,19,Car,20.36524858,1.00000000,30,28,93.33333333
nuscenes_mini_subset,scene-0103_030,4,Car,28.69807081,2.00000000,6,6,100.00000000
nuscenes_mini_subset,scene-0103_030,7,Car,15.65870229,2.00000000,66,58,87.87878788
nuscenes_mini_subset,scene-0103_030,9,bicycle_rack,17.76752965,2.00000000,59,47,79.66101695
nuscenes_mini_subset,scene-0103_030,13,Bicycle,29.47568340,2.00000000,7,0,0.00000000
nuscenes_mini_subset,scene-0103_030,14,Car,26.02788082,2.00000000,20,11,55.00000000
nuscenes_mini_subset,scene-0103_030,15,Truck,31.88625436,2.00000000,43,40,93.02325581
nuscenes_mini_subset,scene-0103_030,19,Car,20.36524858,2.00000000,30,28,93.33333333
nuscenes_mini_subset,scene-0103_030,4,Car,28.69807081,3.00000000,6,6,100.00000000
nuscenes_mini_subset,scene-0103_030,7,Car,15.65870229,3.00000000,66,51,77.27272727
nuscenes_mini_subset,scene-0103_030,9,bicycle_rack,17.76752965,3.00000000,59,42,71.18644068
nuscenes_mini_subset,scene-0103_030,13,Bicycle,29.47568340,3.00000000,7,0,0.00000000
nuscenes_mini_subset,scene-0103_030,14,Car,26.02788082,3.00000000,20,4,20.00000000
nuscenes_mini_subset,scene-0103_030,15,Truck,31.88625436,3.00000000,43,37,86.04651163
nuscenes_mini_subset,scene-0103_030,19,Car,20.36524858,3.00000000,30,26,86.66666667
nuscenes_mini_subset,scene-0103_031,3,Car,25.67263190,-3.00000000,8,1,12.50000000
nuscenes_mini_subset,scene-0103_031,6,Car,12.54207128,-3.00000000,133,92,69.17293233
nuscenes_mini_subset,scene-0103_031,7,Car,28.75150176,-3.00000000,12,5,41.66666667
nuscenes_mini_subset,scene-0103_031,8,bicycle_rack,14.96759526,-3.00000000,31,20,64.51612903
nuscenes_mini_subset,scene-0103_031,9,Car,36.71300796,-3.00000000,9,0,0.00000000
nuscenes_mini_subset,scene-0103_031,11,Bicycle,23.40761165,-3.00000000,8,0,0.00000000
nuscenes_mini_subset,scene-0103_031,12,Car,22.72389006,-3.00000000,19,18,94.73684211
nuscenes_mini_subset,scene-0103_031,13,Truck,28.62003958,-3.00000000,49,34,69.38775510
nuscenes_mini_subset,scene-0103_031,17,Car,17.14285530,-3.00000000,47,47,100.00000000
nuscenes_mini_subset,scene-0103_031,3,Car,25.67263190,-2.00000000,8,1,12.50000000
nuscenes_mini_subset,scene-0103_031,6,Car,12.54207128,-2.00000000,133,106,79.69924812
nuscenes_mini_subset,scene-0103_031,7,Car,28.75150176,-2.00000000,12,9,75.00000000
nuscenes_mini_subset,scene-0103_031,8,bicycle_rack,14.96759526,-2.00000000,31,27,87.09677419
nuscenes_mini_subset,scene-0103_031,9,Car,36.71300796,-2.00000000,9,3,33.33333333
nuscenes_mini_subset,scene-0103_031,11,Bicycle,23.40761165,-2.00000000,8,0,0.00000000
nuscenes_mini_subset,scene-0103_031,12,Car,22.72389006,-2.00000000,19,19,100.00000000
nuscenes_mini_subset,scene-0103_031,13,Truck,28.62003958,-2.00000000,49,43,87.75510204
nuscenes_mini_subset,scene-0103_031,17,Car,17.14285530,-2.00000000,47,47,100.00000000
nuscenes_mini_subset,scene-0103_031,3,Car,25.67263190,-1.00000000,8,3,37.50000000
nuscenes_mini_subset,scene-0103_031,6,Car,12.54207128,-1.00000000,133,121,90.97744361
nuscenes_mini_subset,scene-0103_031,7,Car,28.75150176,-1.00000000,12,12,100.00000000
nuscenes_mini_subset,scene-0103_031,8,bicycle_rack,14.96759526,-1.00000000,31,31,100.00000000
nuscenes_mini_subset,scene-0103_031,9,Car,36.71300796,-1.00000000,9,7,77.77777778
nuscenes_mini_subset,scene-0103_031,11,Bicycle,23.40761165,-1.00000000,8,5,62.50000000
nuscenes_mini_subset,scene-0103_031,12,Car,22.72389006,-1.00000000,19,19,100.00000000
nuscenes_mini_subset,scene-0103_031,13,Truck,28.62003958,-1.00000000,49,47,95.91836735
nuscenes_mini_subset,scene-0103_031,17,Car,17.14285530,-1.00000000,47,47,100.00000000
nuscenes_mini_subset,scene-0103_031,3,Car,25.67263190,-0.50000000,8,5,62.50000000
nuscenes_mini_subset,scene-0103_031,6,Car,12.54207128,-0.50000000,133,125,93.98496241
nuscenes_mini_subset,scene-0103_031,7,Car,28.75150176,-0.50000000,12,12,100.00000000
nuscenes_mini_subset,scene-0103_031,8,bicycle_rack,14.96759526,-0.50000000,31,31,100.00000000
nuscenes_mini_subset,scene-0103_031,9,Car,36.71300796,-0.50000000,9,8,88.88888889
nuscenes_mini_subset,scene-0103_031,11,Bicycle,23.40761165,-0.50000000,8,7,87.50000000
nuscenes_mini_subset,scene-0103_031,12,Car,22.72389006,-0.50000000,19,19,100.00000000
nuscenes_mini_subset,scene-0103_031,13,Truck,28.62003958,-0.50000000,49,49,100.00000000
nuscenes_mini_subset,scene-0103_031,17,Car,17.14285530,-0.50000000,47,47,100.00000000
nuscenes_mini_subset,scene-0103_031,3,Car,25.67263190,0.00000000,8,8,100.00000000
nuscenes_mini_subset,scene-0103_031,6,Car,12.54207128,0.00000000,133,133,100.00000000
nuscenes_mini_subset,scene-0103_031,7,Car,28.75150176,0.00000000,12,12,100.00000000
nuscenes_mini_subset,scene-0103_031,8,bicycle_rack,14.96759526,0.00000000,31,31,100.00000000
nuscenes_mini_subset,scene-0103_031,9,Car,36.71300796,0.00000000,9,9,100.00000000
nuscenes_mini_subset,scene-0103_031,11,Bicycle,23.40761165,0.00000000,8,8,100.00000000
nuscenes_mini_subset,scene-0103_031,12,Car,22.72389006,0.00000000,19,19,100.00000000
nuscenes_mini_subset,scene-0103_031,13,Truck,28.62003958,0.00000000,49,49,100.00000000
nuscenes_mini_subset,scene-0103_031,17,Car,17.14285530,0.00000000,47,47,100.00000000
nuscenes_mini_subset,scene-0103_031,3,Car,25.67263190,0.50000000,8,8,100.00000000
nuscenes_mini_subset,scene-0103_031,6,Car,12.54207128,0.50000000,133,133,100.00000000
nuscenes_mini_subset,scene-0103_031,7,Car,28.75150176,0.50000000,12,12,100.00000000
nuscenes_mini_subset,scene-0103_031,8,bicycle_rack,14.96759526,0.50000000,31,29,93.54838710
nuscenes_mini_subset,scene-0103_031,9,Car,36.71300796,0.50000000,9,9,100.00000000
nuscenes_mini_subset,scene-0103_031,11,Bicycle,23.40761165,0.50000000,8,8,100.00000000
nuscenes_mini_subset,scene-0103_031,12,Car,22.72389006,0.50000000,19,19,100.00000000
nuscenes_mini_subset,scene-0103_031,13,Truck,28.62003958,0.50000000,49,49,100.00000000
nuscenes_mini_subset,scene-0103_031,17,Car,17.14285530,0.50000000,47,47,100.00000000
nuscenes_mini_subset,scene-0103_031,3,Car,25.67263190,1.00000000,8,8,100.00000000
nuscenes_mini_subset,scene-0103_031,6,Car,12.54207128,1.00000000,133,131,98.49624060
nuscenes_mini_subset,scene-0103_031,7,Car,28.75150176,1.00000000,12,12,100.00000000
nuscenes_mini_subset,scene-0103_031,8,bicycle_rack,14.96759526,1.00000000,31,28,90.32258065
nuscenes_mini_subset,scene-0103_031,9,Car,36.71300796,1.00000000,9,9,100.00000000
nuscenes_mini_subset,scene-0103_031,11,Bicycle,23.40761165,1.00000000,8,7,87.50000000
nuscenes_mini_subset,scene-0103_031,12,Car,22.72389006,1.00000000,19,17,89.47368421
nuscenes_mini_subset,scene-0103_031,13,Truck,28.62003958,1.00000000,49,49,100.00000000
nuscenes_mini_subset,scene-0103_031,17,Car,17.14285530,1.00000000,47,46,97.87234043
nuscenes_mini_subset,scene-0103_031,3,Car,25.67263190,2.00000000,8,7,87.50000000
nuscenes_mini_subset,scene-0103_031,6,Car,12.54207128,2.00000000,133,124,93.23308271
nuscenes_mini_subset,scene-0103_031,7,Car,28.75150176,2.00000000,12,10,83.33333333
nuscenes_mini_subset,scene-0103_031,8,bicycle_rack,14.96759526,2.00000000,31,25,80.64516129
nuscenes_mini_subset,scene-0103_031,9,Car,36.71300796,2.00000000,9,9,100.00000000
nuscenes_mini_subset,scene-0103_031,11,Bicycle,23.40761165,2.00000000,8,2,25.00000000
nuscenes_mini_subset,scene-0103_031,12,Car,22.72389006,2.00000000,19,11,57.89473684
nuscenes_mini_subset,scene-0103_031,13,Truck,28.62003958,2.00000000,49,47,95.91836735
nuscenes_mini_subset,scene-0103_031,17,Car,17.14285530,2.00000000,47,41,87.23404255
nuscenes_mini_subset,scene-0103_031,3,Car,25.67263190,3.00000000,8,7,87.50000000
nuscenes_mini_subset,scene-0103_031,6,Car,12.54207128,3.00000000,133,113,84.96240602
nuscenes_mini_subset,scene-0103_031,7,Car,28.75150176,3.00000000,12,4,33.33333333
nuscenes_mini_subset,scene-0103_031,8,bicycle_rack,14.96759526,3.00000000,31,21,67.74193548
nuscenes_mini_subset,scene-0103_031,9,Car,36.71300796,3.00000000,9,6,66.66666667
nuscenes_mini_subset,scene-0103_031,11,Bicycle,23.40761165,3.00000000,8,0,0.00000000
nuscenes_mini_subset,scene-0103_031,12,Car,22.72389006,3.00000000,19,4,21.05263158
nuscenes_mini_subset,scene-0103_031,13,Truck,28.62003958,3.00000000,49,43,87.75510204
nuscenes_mini_subset,scene-0103_031,17,Car,17.14285530,3.00000000,47,35,74.46808511
nuscenes_mini_subset,scene-0103_032,1,Car,45.90640065,-3.00000000,5,0,0.00000000
nuscenes_mini_subset,scene-0103_032,5,Car,9.52644917,-3.00000000,30,7,23.33333333
nuscenes_mini_subset,scene-0103_032,6,Car,25.30526680,-3.00000000,22,17,77.27272727
nuscenes_mini_subset,scene-0103_032,7,bicycle_rack,12.34327546,-3.00000000,23,17,73.91304348
nuscenes_mini_subset,scene-0103_032,8,Car,33.28941924,-3.00000000,10,1,10.00000000
nuscenes_mini_subset,scene-0103_032,10,Bicycle,17.35855193,-3.00000000,16,1,6.25000000
nuscenes_mini_subset,scene-0103_032,11,Car,19.30166224,-3.00000000,25,24,96.00000000
nuscenes_mini_subset,scene-0103_032,12,Truck,25.26192509,-3.00000000,70,47,67.14285714
nuscenes_mini_subset,scene-0103_032,16,Car,13.86320603,-3.00000000,123,113,91.86991870
nuscenes_mini_subset,scene-0103_032,1,Car,45.90640065,-2.00000000,5,2,40.00000000
nuscenes_mini_subset,scene-0103_032,5,Car,9.52644917,-2.00000000,30,14,46.66666667
nuscenes_mini_subset,scene-0103_032,6,Car,25.30526680,-2.00000000,22,20,90.90909091
nuscenes_mini_subset,scene-0103_032,7,bicycle_rack,12.34327546,-2.00000000,23,21,91.30434783
nuscenes_mini_subset,scene-0103_032,8,Car,33.28941924,-2.00000000,10,5,50.00000000
nuscenes_mini_subset,scene-0103_032,10,Bicycle,17.35855193,-2.00000000,16,8,50.00000000
nuscenes_mini_subset,scene-0103_032,11,Car,19.30166224,-2.00000000,25,25,100.00000000
nuscenes_mini_subset,scene-0103_032,12,Truck,25.26192509,-2.00000000,70,58,82.85714286
nuscenes_mini_subset,scene-0103_032,16,Car,13.86320603,-2.00000000,123,116,94.30894309
nuscenes_mini_subset,scene-0103_032,1,Car,45.90640065,-1.00000000,5,5,100.00000000
nuscenes_mini_subset,scene-0103_032,5,Car,9.52644917,-1.00000000,30,22,73.33333333
nuscenes_mini_subset,scene-0103_032,6,Car,25.30526680,-1.00000000,22,22,100.00000000
nuscenes_mini_subset,scene-0103_032,7,bicycle_rack,12.34327546,-1.00000000,23,23,100.00000000
nuscenes_mini_subset,scene-0103_032,8,Car,33.28941924,-1.00000000,10,8,80.00000000
nuscenes_mini_subset,scene-0103_032,10,Bicycle,17.35855193,-1.00000000,16,16,100.00000000
nuscenes_mini_subset,scene-0103_032,11,Car,19.30166224,-1.00000000,25,25,100.00000000
nuscenes_mini_subset,scene-0103_032,12,Truck,25.26192509,-1.00000000,70,67,95.71428571
nuscenes_mini_subset,scene-0103_032,16,Car,13.86320603,-1.00000000,123,122,99.18699187
nuscenes_mini_subset,scene-0103_032,1,Car,45.90640065,-0.50000000,5,5,100.00000000
nuscenes_mini_subset,scene-0103_032,5,Car,9.52644917,-0.50000000,30,27,90.00000000
nuscenes_mini_subset,scene-0103_032,6,Car,25.30526680,-0.50000000,22,22,100.00000000
nuscenes_mini_subset,scene-0103_032,7,bicycle_rack,12.34327546,-0.50000000,23,23,100.00000000
nuscenes_mini_subset,scene-0103_032,8,Car,33.28941924,-0.50000000,10,10,100.00000000
nuscenes_mini_subset,scene-0103_032,10,Bicycle,17.35855193,-0.50000000,16,16,100.00000000
nuscenes_mini_subset,scene-0103_032,11,Car,19.30166224,-0.50000000,25,25,100.00000000
nuscenes_mini_subset,scene-0103_032,12,Truck,25.26192509,-0.50000000,70,70,100.00000000
nuscenes_mini_subset,scene-0103_032,16,Car,13.86320603,-0.50000000,123,123,100.00000000
nuscenes_mini_subset,scene-0103_032,1,Car,45.90640065,0.00000000,5,5,100.00000000
nuscenes_mini_subset,scene-0103_032,5,Car,9.52644917,0.00000000,30,30,100.00000000
nuscenes_mini_subset,scene-0103_032,6,Car,25.30526680,0.00000000,22,22,100.00000000
nuscenes_mini_subset,scene-0103_032,7,bicycle_rack,12.34327546,0.00000000,23,23,100.00000000
nuscenes_mini_subset,scene-0103_032,8,Car,33.28941924,0.00000000,10,10,100.00000000
nuscenes_mini_subset,scene-0103_032,10,Bicycle,17.35855193,0.00000000,16,16,100.00000000
nuscenes_mini_subset,scene-0103_032,11,Car,19.30166224,0.00000000,25,25,100.00000000
nuscenes_mini_subset,scene-0103_032,12,Truck,25.26192509,0.00000000,70,70,100.00000000
nuscenes_mini_subset,scene-0103_032,16,Car,13.86320603,0.00000000,123,123,100.00000000
nuscenes_mini_subset,scene-0103_032,1,Car,45.90640065,0.50000000,5,5,100.00000000
nuscenes_mini_subset,scene-0103_032,5,Car,9.52644917,0.50000000,30,30,100.00000000
nuscenes_mini_subset,scene-0103_032,6,Car,25.30526680,0.50000000,22,22,100.00000000
nuscenes_mini_subset,scene-0103_032,7,bicycle_rack,12.34327546,0.50000000,23,21,91.30434783
nuscenes_mini_subset,scene-0103_032,8,Car,33.28941924,0.50000000,10,10,100.00000000
nuscenes_mini_subset,scene-0103_032,10,Bicycle,17.35855193,0.50000000,16,16,100.00000000
nuscenes_mini_subset,scene-0103_032,11,Car,19.30166224,0.50000000,25,24,96.00000000
nuscenes_mini_subset,scene-0103_032,12,Truck,25.26192509,0.50000000,70,70,100.00000000
nuscenes_mini_subset,scene-0103_032,16,Car,13.86320603,0.50000000,123,123,100.00000000
nuscenes_mini_subset,scene-0103_032,1,Car,45.90640065,1.00000000,5,5,100.00000000
nuscenes_mini_subset,scene-0103_032,5,Car,9.52644917,1.00000000,30,29,96.66666667
nuscenes_mini_subset,scene-0103_032,6,Car,25.30526680,1.00000000,22,19,86.36363636
nuscenes_mini_subset,scene-0103_032,7,bicycle_rack,12.34327546,1.00000000,23,18,78.26086957
nuscenes_mini_subset,scene-0103_032,8,Car,33.28941924,1.00000000,10,10,100.00000000
nuscenes_mini_subset,scene-0103_032,10,Bicycle,17.35855193,1.00000000,16,16,100.00000000
nuscenes_mini_subset,scene-0103_032,11,Car,19.30166224,1.00000000,25,23,92.00000000
nuscenes_mini_subset,scene-0103_032,12,Truck,25.26192509,1.00000000,70,70,100.00000000
nuscenes_mini_subset,scene-0103_032,16,Car,13.86320603,1.00000000,123,121,98.37398374
nuscenes_mini_subset,scene-0103_032,1,Car,45.90640065,2.00000000,5,1,20.00000000
nuscenes_mini_subset,scene-0103_032,5,Car,9.52644917,2.00000000,30,21,70.00000000
nuscenes_mini_subset,scene-0103_032,6,Car,25.30526680,2.00000000,22,16,72.72727273
nuscenes_mini_subset,scene-0103_032,7,bicycle_rack,12.34327546,2.00000000,23,15,65.21739130
nuscenes_mini_subset,scene-0103_032,8,Car,33.28941924,2.00000000,10,10,100.00000000
nuscenes_mini_subset,scene-0103_032,10,Bicycle,17.35855193,2.00000000,16,13,81.25000000
nuscenes_mini_subset,scene-0103_032,11,Car,19.30166224,2.00000000,25,16,64.00000000
nuscenes_mini_subset,scene-0103_032,12,Truck,25.26192509,2.00000000,70,67,95.71428571
nuscenes_mini_subset,scene-0103_032,16,Car,13.86320603,2.00000000,123,114,92.68292683
nuscenes_mini_subset,scene-0103_032,1,Car,45.90640065,3.00000000,5,0,0.00000000
nuscenes_mini_subset,scene-0103_032,5,Car,9.52644917,3.00000000,30,16,53.33333333
nuscenes_mini_subset,scene-0103_032,6,Car,25.30526680,3.00000000,22,9,40.90909091
nuscenes_mini_subset,scene-0103_032,7,bicycle_rack,12.34327546,3.00000000,23,12,52.17391304
nuscenes_mini_subset,scene-0103_032,8,Car,33.28941924,3.00000000,10,8,80.00000000
nuscenes_mini_subset,scene-0103_032,10,Bicycle,17.35855193,3.00000000,16,4,25.00000000
nuscenes_mini_subset,scene-0103_032,11,Car,19.30166224,3.00000000,25,12,48.00000000
nuscenes_mini_subset,scene-0103_032,12,Truck,25.26192509,3.00000000,70,61,87.14285714
nuscenes_mini_subset,scene-0103_032,16,Car,13.86320603,3.00000000,123,105,85.36585366
nuscenes_mini_subset,scene-0103_033,1,Car,42.24957154,-3.00000000,6,1,16.66666667
nuscenes_mini_subset,scene-0103_033,5,Car,21.67326089,-3.00000000,30,25,83.33333333
nuscenes_mini_subset,scene-0103_033,7,Car,29.69986779,-3.00000000,20,7,35.00000000
nuscenes_mini_subset,scene-0103_033,8,Bicycle,11.62453474,-3.00000000,31,18,58.06451613
nuscenes_mini_subset,scene-0103_033,9,Car,15.72833327,-3.00000000,64,64,100.00000000
nuscenes_mini_subset,scene-0103_033,11,Truck,21.78781579,-3.00000000,122,96,78.68852459
nuscenes_mini_subset,scene-0103_033,14,Car,27.20282639,-3.00000000,6,4,66.66666667
nuscenes_mini_subset,scene-0103_033,15,Car,10.54216025,-3.00000000,95,57,60.00000000
nuscenes_mini_subset,scene-0103_033,1,Car,42.24957154,-2.00000000,6,4,66.66666667
nuscenes_mini_subset,scene-0103_033,5,Car,21.67326089,-2.00000000,30,28,93.33333333
nuscenes_mini_subset,scene-0103_033,7,Car,29.69986779,-2.00000000,20,12,60.00000000
nuscenes_mini_subset,scene-0103_033,8,Bicycle,11.62453474,-2.00000000,31,30,96.77419355
nuscenes_mini_subset,scene-0103_033,9,Car,15.72833327,-2.00000000,64,64,100.00000000
nuscenes_mini_subset,scene-0103_033,11,Truck,21.78781579,-2.00000000,122,109,89.34426230
nuscenes_mini_subset,scene-0103_033,14,Car,27.20282639,-2.00000000,6,6,100.00000000
nuscenes_mini_subset,scene-0103_033,15,Car,10.54216025,-2.00000000,95,68,71.57894737
nuscenes_mini_subset,scene-0103_033,1,Car,42.24957154,-1.00000000,6,5,83.33333333
nuscenes_mini_subset,scene-0103_033,5,Car,21.67326089,-1.00000000,30,30,100.00000000
nuscenes_mini_subset,scene-0103_033,7,Car,29.69986779,-1.00000000,20,18,90.00000000
nuscenes_mini_subset,scene-0103_033,8,Bicycle,11.62453474,-1.00000000,31,31,100.00000000
nuscenes_mini_subset,scene-0103_033,9,Car,15.72833327,-1.00000000,64,64,100.00000000
nuscenes_mini_subset,scene-0103_033,11,Truck,21.78781579,-1.00000000,122,120,98.36065574
nuscenes_mini_subset,scene-0103_033,14,Car,27.20282639,-1.00000000,6,6,100.00000000
nuscenes_mini_subset,scene-0103_033,15,Car,10.54216025,-1.00000000,95,82,86.31578947
nuscenes_mini_subset,scene-0103_033,1,Car,42.24957154,-0.50000000,6,6,100.00000000
nuscenes_mini_subset,scene-0103_033,5,Car,21.67326089,-0.50000000,30,30,100.00000000
nuscenes_mini_subset,scene-0103_033,7,Car,29.69986779,-0.50000000,20,20,100.00000000
nuscenes_mini_subset,scene-0103_033,8,Bicycle,11.62453474,-0.50000000,31,31,100.00000000
nuscenes_mini_subset,scene-0103_033,9,Car,15.72833327,-0.50000000,64,64,100.00000000
nuscenes_mini_subset,scene-0103_033,11,Truck,21.78781579,-0.50000000,122,122,100.00000000
nuscenes_mini_subset,scene-0103_033,14,Car,27.20282639,-0.50000000,6,6,100.00000000
nuscenes_mini_subset,scene-0103_033,15,Car,10.54216025,-0.50000000,95,90,94.73684211
nuscenes_mini_subset,scene-0103_033,1,Car,42.24957154,0.00000000,6,6,100.00000000
nuscenes_mini_subset,scene-0103_033,5,Car,21.67326089,0.00000000,30,30,100.00000000
nuscenes_mini_subset,scene-0103_033,7,Car,29.69986779,0.00000000,20,20,100.00000000
nuscenes_mini_subset,scene-0103_033,8,Bicycle,11.62453474,0.00000000,31,31,100.00000000
nuscenes_mini_subset,scene-0103_033,9,Car,15.72833327,0.00000000,64,64,100.00000000
nuscenes_mini_subset,scene-0103_033,11,Truck,21.78781579,0.00000000,122,122,100.00000000
nuscenes_mini_subset,scene-0103_033,14,Car,27.20282639,0.00000000,6,6,100.00000000
nuscenes_mini_subset,scene-0103_033,15,Car,10.54216025,0.00000000,95,95,100.00000000
nuscenes_mini_subset,scene-0103_033,1,Car,42.24957154,0.50000000,6,5,83.33333333
nuscenes_mini_subset,scene-0103_033,5,Car,21.67326089,0.50000000,30,30,100.00000000
nuscenes_mini_subset,scene-0103_033,7,Car,29.69986779,0.50000000,20,20,100.00000000
nuscenes_mini_subset,scene-0103_033,8,Bicycle,11.62453474,0.50000000,31,26,83.87096774
nuscenes_mini_subset,scene-0103_033,9,Car,15.72833327,0.50000000,64,64,100.00000000
nuscenes_mini_subset,scene-0103_033,11,Truck,21.78781579,0.50000000,122,122,100.00000000
nuscenes_mini_subset,scene-0103_033,14,Car,27.20282639,0.50000000,6,6,100.00000000
nuscenes_mini_subset,scene-0103_033,15,Car,10.54216025,0.50000000,95,95,100.00000000
nuscenes_mini_subset,scene-0103_033,1,Car,42.24957154,1.00000000,6,3,50.00000000
nuscenes_mini_subset,scene-0103_033,5,Car,21.67326089,1.00000000,30,29,96.66666667
nuscenes_mini_subset,scene-0103_033,7,Car,29.69986779,1.00000000,20,20,100.00000000
nuscenes_mini_subset,scene-0103_033,8,Bicycle,11.62453474,1.00000000,31,21,67.74193548
nuscenes_mini_subset,scene-0103_033,9,Car,15.72833327,1.00000000,64,62,96.87500000
nuscenes_mini_subset,scene-0103_033,11,Truck,21.78781579,1.00000000,122,122,100.00000000
nuscenes_mini_subset,scene-0103_033,14,Car,27.20282639,1.00000000,6,6,100.00000000
nuscenes_mini_subset,scene-0103_033,15,Car,10.54216025,1.00000000,95,94,98.94736842
nuscenes_mini_subset,scene-0103_033,1,Car,42.24957154,2.00000000,6,1,16.66666667
nuscenes_mini_subset,scene-0103_033,5,Car,21.67326089,2.00000000,30,25,83.33333333
nuscenes_mini_subset,scene-0103_033,7,Car,29.69986779,2.00000000,20,20,100.00000000
nuscenes_mini_subset,scene-0103_033,8,Bicycle,11.62453474,2.00000000,31,8,25.80645161
nuscenes_mini_subset,scene-0103_033,9,Car,15.72833327,2.00000000,64,57,89.06250000
nuscenes_mini_subset,scene-0103_033,11,Truck,21.78781579,2.00000000,122,122,100.00000000
nuscenes_mini_subset,scene-0103_033,14,Car,27.20282639,2.00000000,6,2,33.33333333
nuscenes_mini_subset,scene-0103_033,15,Car,10.54216025,2.00000000,95,89,93.68421053
nuscenes_mini_subset,scene-0103_033,1,Car,42.24957154,3.00000000,6,0,0.00000000
nuscenes_mini_subset,scene-0103_033,5,Car,21.67326089,3.00000000,30,15,50.00000000
nuscenes_mini_subset,scene-0103_033,7,Car,29.69986779,3.00000000,20,17,85.00000000
nuscenes_mini_subset,scene-0103_033,8,Bicycle,11.62453474,3.00000000,31,0,0.00000000
nuscenes_mini_subset,scene-0103_033,9,Car,15.72833327,3.00000000,64,51,79.68750000
nuscenes_mini_subset,scene-0103_033,11,Truck,21.78781579,3.00000000,122,116,95.08196721
nuscenes_mini_subset,scene-0103_033,14,Car,27.20282639,3.00000000,6,0,0.00000000
nuscenes_mini_subset,scene-0103_033,15,Car,10.54216025,3.00000000,95,82,86.31578947
nuscenes_mini_subset,scene-0103_034,1,Car,38.48478190,-3.00000000,9,1,11.11111111
nuscenes_mini_subset,scene-0103_034,3,Car,34.66854876,-3.00000000,6,1,16.66666667
nuscenes_mini_subset,scene-0103_034,6,Car,17.95457903,-3.00000000,61,58,95.08196721
nuscenes_mini_subset,scene-0103_034,8,Car,26.03549062,-3.00000000,22,9,40.90909091
nuscenes_mini_subset,scene-0103_034,9,Car,12.14502952,-3.00000000,144,102,70.83333333
nuscenes_mini_subset,scene-0103_034,11,Truck,18.36800915,-3.00000000,168,138,82.14285714
nuscenes_mini_subset,scene-0103_034,14,Car,23.40385309,-3.00000000,17,15,88.23529412
nuscenes_mini_subset,scene-0103_034,1,Car,38.48478190,-2.00000000,9,6,66.66666667
nuscenes_mini_subset,scene-0103_034,3,Car,34.66854876,-2.00000000,6,4,66.66666667
nuscenes_mini_subset,scene-0103_034,6,Car,17.95457903,-2.00000000,61,61,100.00000000
nuscenes_mini_subset,scene-0103_034,8,Car,26.03549062,-2.00000000,22,13,59.09090909
nuscenes_mini_subset,scene-0103_034,9,Car,12.14502952,-2.00000000,144,117,81.25000000
nuscenes_mini_subset,scene-0103_034,11,Truck,18.36800915,-2.00000000,168,153,91.07142857
nuscenes_mini_subset,scene-0103_034,14,Car,23.40385309,-2.00000000,17,17,100.00000000
nuscenes_mini_subset,scene-0103_034,1,Car,38.48478190,-1.00000000,9,8,88.88888889
nuscenes_mini_subset,scene-0103_034,3,Car,34.66854876,-1.00000000,6,6,100.00000000
nuscenes_mini_subset,scene-0103_034,6,Car,17.95457903,-1.00000000,61,61,100.00000000
nuscenes_mini_subset,scene-0103_034,8,Car,26.03549062,-1.00000000,22,19,86.36363636
nuscenes_mini_subset,scene-0103_034,9,Car,12.14502952,-1.00000000,144,135,93.75000000
nuscenes_mini_subset,scene-0103_034,11,Truck,18.36800915,-1.00000000,168,164,97.61904762
nuscenes_mini_subset,scene-0103_034,14,Car,23.40385309,-1.00000000,17,17,100.00000000
nuscenes_mini_subset,scene-0103_034,1,Car,38.48478190,-0.50000000,9,9,100.00000000
nuscenes_mini_subset,scene-0103_034,3,Car,34.66854876,-0.50000000,6,6,100.00000000
nuscenes_mini_subset,scene-0103_034,6,Car,17.95457903,-0.50000000,61,61,100.00000000
nuscenes_mini_subset,scene-0103_034,8,Car,26.03549062,-0.50000000,22,22,100.00000000
nuscenes_mini_subset,scene-0103_034,9,Car,12.14502952,-0.50000000,144,142,98.61111111
nuscenes_mini_subset,scene-0103_034,11,Truck,18.36800915,-0.50000000,168,167,99.40476190
nuscenes_mini_subset,scene-0103_034,14,Car,23.40385309,-0.50000000,17,17,100.00000000
nuscenes_mini_subset,scene-0103_034,1,Car,38.48478190,0.00000000,9,9,100.00000000
nuscenes_mini_subset,scene-0103_034,3,Car,34.66854876,0.00000000,6,6,100.00000000
nuscenes_mini_subset,scene-0103_034,6,Car,17.95457903,0.00000000,61,61,100.00000000
nuscenes_mini_subset,scene-0103_034,8,Car,26.03549062,0.00000000,22,22,100.00000000
nuscenes_mini_subset,scene-0103_034,9,Car,12.14502952,0.00000000,144,144,100.00000000
nuscenes_mini_subset,scene-0103_034,11,Truck,18.36800915,0.00000000,168,168,100.00000000
nuscenes_mini_subset,scene-0103_034,14,Car,23.40385309,0.00000000,17,17,100.00000000
nuscenes_mini_subset,scene-0103_034,1,Car,38.48478190,0.50000000,9,9,100.00000000
nuscenes_mini_subset,scene-0103_034,3,Car,34.66854876,0.50000000,6,6,100.00000000
nuscenes_mini_subset,scene-0103_034,6,Car,17.95457903,0.50000000,61,61,100.00000000
nuscenes_mini_subset,scene-0103_034,8,Car,26.03549062,0.50000000,22,22,100.00000000
nuscenes_mini_subset,scene-0103_034,9,Car,12.14502952,0.50000000,144,143,99.30555556
nuscenes_mini_subset,scene-0103_034,11,Truck,18.36800915,0.50000000,168,160,95.23809524
nuscenes_mini_subset,scene-0103_034,14,Car,23.40385309,0.50000000,17,16,94.11764706
nuscenes_mini_subset,scene-0103_034,1,Car,38.48478190,1.00000000,9,8,88.88888889
nuscenes_mini_subset,scene-0103_034,3,Car,34.66854876,1.00000000,6,6,100.00000000
nuscenes_mini_subset,scene-0103_034,6,Car,17.95457903,1.00000000,61,59,96.72131148
nuscenes_mini_subset,scene-0103_034,8,Car,26.03549062,1.00000000,22,22,100.00000000
nuscenes_mini_subset,scene-0103_034,9,Car,12.14502952,1.00000000,144,141,97.91666667
nuscenes_mini_subset,scene-0103_034,11,Truck,18.36800915,1.00000000,168,156,92.85714286
nuscenes_mini_subset,scene-0103_034,14,Car,23.40385309,1.00000000,17,15,88.23529412
nuscenes_mini_subset,scene-0103_034,1,Car,38.48478190,2.00000000,9,3,33.33333333
nuscenes_mini_subset,scene-0103_034,3,Car,34.66854876,2.00000000,6,3,50.00000000
nuscenes_mini_subset,scene-0103_034,6,Car,17.95457903,2.00000000,61,52,85.24590164
nuscenes_mini_subset,scene-0103_034,8,Car,26.03549062,2.00000000,22,22,100.00000000
nuscenes_mini_subset,scene-0103_034,9,Car,12.14502952,2.00000000,144,134,93.05555556
nuscenes_mini_subset,scene-0103_034,11,Truck,18.36800915,2.00000000,168,142,84.52380952
nuscenes_mini_subset,scene-0103_034,14,Car,23.40385309,2.00000000,17,13,76.47058824
nuscenes_mini_subset,scene-0103_034,1,Car,38.48478190,3.00000000,9,1,11.11111111
nuscenes_mini_subset,scene-0103_034,3,Car,34.66854876,3.00000000,6,0,0.00000000
nuscenes_mini_subset,scene-0103_034,6,Car,17.95457903,3.00000000,61,44,72.13114754
nuscenes_mini_subset,scene-0103_034,8,Car,26.03549062,3.00000000,22,19,86.36363636
nuscenes_mini_subset,scene-0103_034,9,Car,12.14502952,3.00000000,144,124,86.11111111
nuscenes_mini_subset,scene-0103_034,11,Truck,18.36800915,3.00000000,168,131,77.97619048
nuscenes_mini_subset,scene-0103_034,14,Car,23.40385309,3.00000000,17,4,23.52941176
nuscenes_mini_subset,scene-0103_035,1,Car,33.92298290,-3.00000000,17,7,41.17647059
nuscenes_mini_subset,scene-0103_035,3,Car,29.99810303,-3.00000000,13,4,30.76923077
nuscenes_mini_subset,scene-0103_035,7,Car,13.50631537,-3.00000000,149,132,88.59060403
nuscenes_mini_subset,scene-0103_035,9,Car,21.65744590,-3.00000000,49,36,73.46938776
nuscenes_mini_subset,scene-0103_035,10,Car,8.16669808,-3.00000000,24,0,0.00000000
nuscenes_mini_subset,scene-0103_035,12,Truck,14.46999842,-3.00000000,103,75,72.81553398
nuscenes_mini_subset,scene-0103_035,15,Car,18.82100645,-3.00000000,26,26,100.00000000
nuscenes_mini_subset,scene-0103_035,1,Car,33.92298290,-2.00000000,17,12,70.58823529
nuscenes_mini_subset,scene-0103_035,3,Car,29.99810303,-2.00000000,13,8,61.53846154
nuscenes_mini_subset,scene-0103_035,7,Car,13.50631537,-2.00000000,149,142,95.30201342
nuscenes_mini_subset,scene-0103_035,9,Car,21.65744590,-2.00000000,49,41,83.67346939
nuscenes_mini_subset,scene-0103_035,10,Car,8.16669808,-2.00000000,24,0,0.00000000
nuscenes_mini_subset,scene-0103_035,12,Truck,14.46999842,-2.00000000,103,92,89.32038835
nuscenes_mini_subset,scene-0103_035,15,Car,18.82100645,-2.00000000,26,26,100.00000000
nuscenes_mini_subset,scene-0103_035,1,Car,33.92298290,-1.00000000,17,16,94.11764706
nuscenes_mini_subset,scene-0103_035,3,Car,29.99810303,-1.00000000,13,11,84.61538462
nuscenes_mini_subset,scene-0103_035,7,Car,13.50631537,-1.00000000,149,147,98.65771812
nuscenes_mini_subset,scene-0103_035,9,Car,21.65744590,-1.00000000,49,48,97.95918367
nuscenes_mini_subset,scene-0103_035,10,Car,8.16669808,-1.00000000,24,11,45.83333333
nuscenes_mini_subset,scene-0103_035,12,Truck,14.46999842,-1.00000000,103,103,100.00000000
nuscenes_mini_subset,scene-0103_035,15,Car,18.82100645,-1.00000000,26,26,100.00000000
nuscenes_mini_subset,scene-0103_035,1,Car,33.92298290,-0.50000000,17,17,100.00000000
nuscenes_mini_subset,scene-0103_035,3,Car,29.99810303,-0.50000000,13,13,100.00000000
nuscenes_mini_subset,scene-0103_035,7,Car,13.50631537,-0.50000000,149,148,99.32885906
nuscenes_mini_subset,scene-0103_035,9,Car,21.65744590,-0.50000000,49,49,100.00000000
nuscenes_mini_subset,scene-0103_035,10,Car,8.16669808,-0.50000000,24,16,66.66666667
nuscenes_mini_subset,scene-0103_035,12,Truck,14.46999842,-0.50000000,103,103,100.00000000
nuscenes_mini_subset,scene-0103_035,15,Car,18.82100645,-0.50000000,26,26,100.00000000
nuscenes_mini_subset,scene-0103_035,1,Car,33.92298290,0.00000000,17,17,100.00000000
nuscenes_mini_subset,scene-0103_035,3,Car,29.99810303,0.00000000,13,13,100.00000000
nuscenes_mini_subset,scene-0103_035,7,Car,13.50631537,0.00000000,149,149,100.00000000
nuscenes_mini_subset,scene-0103_035,9,Car,21.65744590,0.00000000,49,49,100.00000000
nuscenes_mini_subset,scene-0103_035,10,Car,8.16669808,0.00000000,24,24,100.00000000
nuscenes_mini_subset,scene-0103_035,12,Truck,14.46999842,0.00000000,103,103,100.00000000
nuscenes_mini_subset,scene-0103_035,15,Car,18.82100645,0.00000000,26,26,100.00000000
nuscenes_mini_subset,scene-0103_035,1,Car,33.92298290,0.50000000,17,16,94.11764706
nuscenes_mini_subset,scene-0103_035,3,Car,29.99810303,0.50000000,13,13,100.00000000
nuscenes_mini_subset,scene-0103_035,7,Car,13.50631537,0.50000000,149,149,100.00000000
nuscenes_mini_subset,scene-0103_035,9,Car,21.65744590,0.50000000,49,49,100.00000000
nuscenes_mini_subset,scene-0103_035,10,Car,8.16669808,0.50000000,24,24,100.00000000
nuscenes_mini_subset,scene-0103_035,12,Truck,14.46999842,0.50000000,103,92,89.32038835
nuscenes_mini_subset,scene-0103_035,15,Car,18.82100645,0.50000000,26,25,96.15384615
nuscenes_mini_subset,scene-0103_035,1,Car,33.92298290,1.00000000,17,14,82.35294118
nuscenes_mini_subset,scene-0103_035,3,Car,29.99810303,1.00000000,13,13,100.00000000
nuscenes_mini_subset,scene-0103_035,7,Car,13.50631537,1.00000000,149,149,100.00000000
nuscenes_mini_subset,scene-0103_035,9,Car,21.65744590,1.00000000,49,49,100.00000000
nuscenes_mini_subset,scene-0103_035,10,Car,8.16669808,1.00000000,24,24,100.00000000
nuscenes_mini_subset,scene-0103_035,12,Truck,14.46999842,1.00000000,103,80,77.66990291
nuscenes_mini_subset,scene-0103_035,15,Car,18.82100645,1.00000000,26,23,88.46153846
nuscenes_mini_subset,scene-0103_035,1,Car,33.92298290,2.00000000,17,8,47.05882353
nuscenes_mini_subset,scene-0103_035,3,Car,29.99810303,2.00000000,13,9,69.23076923
nuscenes_mini_subset,scene-0103_035,7,Car,13.50631537,2.00000000,149,141,94.63087248
nuscenes_mini_subset,scene-0103_035,9,Car,21.65744590,2.00000000,49,49,100.00000000
nuscenes_mini_subset,scene-0103_035,10,Car,8.16669808,2.00000000,24,17,70.83333333
nuscenes_mini_subset,scene-0103_035,12,Truck,14.46999842,2.00000000,103,59,57.28155340
nuscenes_mini_subset,scene-0103_035,15,Car,18.82100645,2.00000000,26,22,84.61538462
nuscenes_mini_subset,scene-0103_035,1,Car,33.92298290,3.00000000,17,4,23.52941176
nuscenes_mini_subset,scene-0103_035,3,Car,29.99810303,3.00000000,13,5,38.46153846
nuscenes_mini_subset,scene-0103_035,7,Car,13.50631537,3.00000000,149,128,85.90604027
nuscenes_mini_subset,scene-0103_035,9,Car,21.65744590,3.00000000,49,42,85.71428571
nuscenes_mini_subset,scene-0103_035,10,Car,8.16669808,3.00000000,24,4,16.66666667
nuscenes_mini_subset,scene-0103_035,12,Truck,14.46999842,3.00000000,103,41,39.80582524
nuscenes_mini_subset,scene-0103_035,15,Car,18.82100645,3.00000000,26,18,69.23076923
nuscenes_mini_subset,scene-0103_036,1,Car,30.83079615,-3.00000000,25,10,40.00000000
nuscenes_mini_subset,scene-0103_036,3,Car,26.81337040,-3.00000000,16,8,50.00000000
nuscenes_mini_subset,scene-0103_036,4,Car,19.62818458,-3.00000000,17,10,58.82352941
nuscenes_mini_subset,scene-0103_036,7,Car,10.60871306,-3.00000000,107,56,52.33644860
nuscenes_mini_subset,scene-0103_036,9,Car,18.75904440,-3.00000000,74,57,77.02702703
nuscenes_mini_subset,scene-0103_036,14,Car,15.73998215,-3.00000000,38,37,97.36842105
nuscenes_mini_subset,scene-0103_036,1,Car,30.83079615,-2.00000000,25,17,68.00000000
nuscenes_mini_subset,scene-0103_036,3,Car,26.81337040,-2.00000000,16,11,68.75000000
nuscenes_mini_subset,scene-0103_036,4,Car,19.62818458,-2.00000000,17,13,76.47058824
nuscenes_mini_subset,scene-0103_036,7,Car,10.60871306,-2.00000000,107,72,67.28971963
nuscenes_mini_subset,scene-0103_036,9,Car,18.75904440,-2.00000000,74,65,87.83783784
nuscenes_mini_subset,scene-0103_036,14,Car,15.73998215,-2.00000000,38,37,97.36842105
nuscenes_mini_subset,scene-0103_036,1,Car,30.83079615,-1.00000000,25,22,88.00000000
nuscenes_mini_subset,scene-0103_036,3,Car,26.81337040,-1.00000000,16,14,87.50000000
nuscenes_mini_subset,scene-0103_036,4,Car,19.62818458,-1.00000000,17,16,94.11764706
nuscenes_mini_subset,scene-0103_036,7,Car,10.60871306,-1.00000000,107,91,85.04672897
nuscenes_mini_subset,scene-0103_036,9,Car,18.75904440,-1.00000000,74,73,98.64864865
nuscenes_mini_subset,scene-0103_036,14,Car,15.73998215,-1.00000000,38,38,100.00000000
nuscenes_mini_subset,scene-0103_036,1,Car,30.83079615,-0.50000000,25,24,96.00000000
nuscenes_mini_subset,scene-0103_036,3,Car,26.81337040,-0.50000000,16,16,100.00000000
nuscenes_mini_subset,scene-0103_036,4,Car,19.62818458,-0.50000000,17,17,100.00000000
nuscenes_mini_subset,scene-0103_036,7,Car,10.60871306,-0.50000000,107,100,93.45794393
nuscenes_mini_subset,scene-0103_036,9,Car,18.75904440,-0.50000000,74,74,100.00000000
nuscenes_mini_subset,scene-0103_036,14,Car,15.73998215,-0.50000000,38,38,100.00000000
nuscenes_mini_subset,scene-0103_036,1,Car,30.83079615,0.00000000,25,25,100.00000000
nuscenes_mini_subset,scene-0103_036,3,Car,26.81337040,0.00000000,16,16,100.00000000
nuscenes_mini_subset,scene-0103_036,4,Car,19.62818458,0.00000000,17,17,100.00000000
nuscenes_mini_subset,scene-0103_036,7,Car,10.60871306,0.00000000,107,107,100.00000000
nuscenes_mini_subset,scene-0103_036,9,Car,18.75904440,0.00000000,74,74,100.00000000
nuscenes_mini_subset,scene-0103_036,14,Car,15.73998215,0.00000000,38,38,100.00000000
nuscenes_mini_subset,scene-0103_036,1,Car,30.83079615,0.50000000,25,25,100.00000000
nuscenes_mini_subset,scene-0103_036,3,Car,26.81337040,0.50000000,16,15,93.75000000
nuscenes_mini_subset,scene-0103_036,4,Car,19.62818458,0.50000000,17,17,100.00000000
nuscenes_mini_subset,scene-0103_036,7,Car,10.60871306,0.50000000,107,107,100.00000000
nuscenes_mini_subset,scene-0103_036,9,Car,18.75904440,0.50000000,74,71,95.94594595
nuscenes_mini_subset,scene-0103_036,14,Car,15.73998215,0.50000000,38,38,100.00000000
nuscenes_mini_subset,scene-0103_036,1,Car,30.83079615,1.00000000,25,23,92.00000000
nuscenes_mini_subset,scene-0103_036,3,Car,26.81337040,1.00000000,16,15,93.75000000
nuscenes_mini_subset,scene-0103_036,4,Car,19.62818458,1.00000000,17,13,76.47058824
nuscenes_mini_subset,scene-0103_036,7,Car,10.60871306,1.00000000,107,107,100.00000000
nuscenes_mini_subset,scene-0103_036,9,Car,18.75904440,1.00000000,74,69,93.24324324
nuscenes_mini_subset,scene-0103_036,14,Car,15.73998215,1.00000000,38,36,94.73684211
nuscenes_mini_subset,scene-0103_036,1,Car,30.83079615,2.00000000,25,16,64.00000000
nuscenes_mini_subset,scene-0103_036,3,Car,26.81337040,2.00000000,16,11,68.75000000
nuscenes_mini_subset,scene-0103_036,4,Car,19.62818458,2.00000000,17,11,64.70588235
nuscenes_mini_subset,scene-0103_036,7,Car,10.60871306,2.00000000,107,101,94.39252336
nuscenes_mini_subset,scene-0103_036,9,Car,18.75904440,2.00000000,74,68,91.89189189
nuscenes_mini_subset,scene-0103_036,14,Car,15.73998215,2.00000000,38,32,84.21052632
nuscenes_mini_subset,scene-0103_036,1,Car,30.83079615,3.00000000,25,8,32.00000000
nuscenes_mini_subset,scene-0103_036,3,Car,26.81337040,3.00000000,16,8,50.00000000
nuscenes_mini_subset,scene-0103_036,4,Car,19.62818458,3.00000000,17,9,52.94117647
nuscenes_mini_subset,scene-0103_036,7,Car,10.60871306,3.00000000,107,96,89.71962617
nuscenes_mini_subset,scene-0103_036,9,Car,18.75904440,3.00000000,74,60,81.08108108
nuscenes_mini_subset,scene-0103_036,14,Car,15.73998215,3.00000000,38,27,71.05263158
nuscenes_mini_subset,scene-0103_037,3,Car,26.99214489,-3.00000000,29,19,65.51724138
nuscenes_mini_subset,scene-0103_037,5,Car,22.85251854,-3.00000000,21,13,61.90476190
nuscenes_mini_subset,scene-0103_037,6,Car,12.48780722,-3.00000000,105,88,83.80952381
nuscenes_mini_subset,scene-0103_037,11,Car,15.29353296,-3.00000000,49,34,69.38775510
nuscenes_mini_subset,scene-0103_037,13,Car,28.64093233,-3.00000000,6,2,33.33333333
nuscenes_mini_subset,scene-0103_037,14,Car,12.01091508,-3.00000000,126,79,62.69841270
nuscenes_mini_subset,scene-0103_037,3,Car,26.99214489,-2.00000000,29,23,79.31034483
nuscenes_mini_subset,scene-0103_037,5,Car,22.85251854,-2.00000000,21,16,76.19047619
nuscenes_mini_subset,scene-0103_037,6,Car,12.48780722,-2.00000000,105,97,92.38095238
nuscenes_mini_subset,scene-0103_037,11,Car,15.29353296,-2.00000000,49,44,89.79591837
nuscenes_mini_subset,scene-0103_037,13,Car,28.64093233,-2.00000000,6,5,83.33333333
nuscenes_mini_subset,scene-0103_037,14,Car,12.01091508,-2.00000000,126,93,73.80952381
nuscenes_mini_subset,scene-0103_037,3,Car,26.99214489,-1.00000000,29,28,96.55172414
nuscenes_mini_subset,scene-0103_037,5,Car,22.85251854,-1.00000000,21,19,90.47619048
nuscenes_mini_subset,scene-0103_037,6,Car,12.48780722,-1.00000000,105,104,99.04761905
nuscenes_mini_subset,scene-0103_037,11,Car,15.29353296,-1.00000000,49,48,97.95918367
nuscenes_mini_subset,scene-0103_037,13,Car,28.64093233,-1.00000000,6,6,100.00000000
nuscenes_mini_subset,scene-0103_037,14,Car,12.01091508,-1.00000000,126,109,86.50793651
nuscenes_mini_subset,scene-0103_037,3,Car,26.99214489,-0.50000000,29,29,100.00000000
nuscenes_mini_subset,scene-0103_037,5,Car,22.85251854,-0.50000000,21,21,100.00000000
nuscenes_mini_subset,scene-0103_037,6,Car,12.48780722,-0.50000000,105,105,100.00000000
nuscenes_mini_subset,scene-0103_037,11,Car,15.29353296,-0.50000000,49,49,100.00000000
nuscenes_mini_subset,scene-0103_037,13,Car,28.64093233,-0.50000000,6,6,100.00000000
nuscenes_mini_subset,scene-0103_037,14,Car,12.01091508,-0.50000000,126,117,92.85714286
nuscenes_mini_subset,scene-0103_037,3,Car,26.99214489,0.00000000,29,29,100.00000000
nuscenes_mini_subset,scene-0103_037,5,Car,22.85251854,0.00000000,21,21,100.00000000
nuscenes_mini_subset,scene-0103_037,6,Car,12.48780722,0.00000000,105,105,100.00000000
nuscenes_mini_subset,scene-0103_037,11,Car,15.29353296,0.00000000,49,49,100.00000000
nuscenes_mini_subset,scene-0103_037,13,Car,28.64093233,0.00000000,6,6,100.00000000
nuscenes_mini_subset,scene-0103_037,14,Car,12.01091508,0.00000000,126,126,100.00000000
nuscenes_mini_subset,scene-0103_037,3,Car,26.99214489,0.50000000,29,28,96.55172414
nuscenes_mini_subset,scene-0103_037,5,Car,22.85251854,0.50000000,21,20,95.23809524
nuscenes_mini_subset,scene-0103_037,6,Car,12.48780722,0.50000000,105,105,100.00000000
nuscenes_mini_subset,scene-0103_037,11,Car,15.29353296,0.50000000,49,44,89.79591837
nuscenes_mini_subset,scene-0103_037,13,Car,28.64093233,0.50000000,6,6,100.00000000
nuscenes_mini_subset,scene-0103_037,14,Car,12.01091508,0.50000000,126,126,100.00000000
nuscenes_mini_subset,scene-0103_037,3,Car,26.99214489,1.00000000,29,26,89.65517241
nuscenes_mini_subset,scene-0103_037,5,Car,22.85251854,1.00000000,21,18,85.71428571
nuscenes_mini_subset,scene-0103_037,6,Car,12.48780722,1.00000000,105,105,100.00000000
nuscenes_mini_subset,scene-0103_037,11,Car,15.29353296,1.00000000,49,39,79.59183673
nuscenes_mini_subset,scene-0103_037,13,Car,28.64093233,1.00000000,6,5,83.33333333
nuscenes_mini_subset,scene-0103_037,14,Car,12.01091508,1.00000000,126,124,98.41269841
nuscenes_mini_subset,scene-0103_037,3,Car,26.99214489,2.00000000,29,21,72.41379310
nuscenes_mini_subset,scene-0103_037,5,Car,22.85251854,2.00000000,21,16,76.19047619
nuscenes_mini_subset,scene-0103_037,6,Car,12.48780722,2.00000000,105,98,93.33333333
nuscenes_mini_subset,scene-0103_037,11,Car,15.29353296,2.00000000,49,33,67.34693878
nuscenes_mini_subset,scene-0103_037,13,Car,28.64093233,2.00000000,6,3,50.00000000
nuscenes_mini_subset,scene-0103_037,14,Car,12.01091508,2.00000000,126,117,92.85714286
nuscenes_mini_subset,scene-0103_037,3,Car,26.99214489,3.00000000,29,12,41.37931034
nuscenes_mini_subset,scene-0103_037,5,Car,22.85251854,3.00000000,21,14,66.66666667
nuscenes_mini_subset,scene-0103_037,6,Car,12.48780722,3.00000000,105,90,85.71428571
nuscenes_mini_subset,scene-0103_037,11,Car,15.29353296,3.00000000,49,25,51.02040816
nuscenes_mini_subset,scene-0103_037,13,Car,28.64093233,3.00000000,6,0,0.00000000
nuscenes_mini_subset,scene-0103_037,14,Car,12.01091508,3.00000000,126,113,89.68253968
nuscenes_mini_subset,scene-0103_038,1,Bicycle,16.13687205,-3.00000000,11,4,36.36363636
nuscenes_mini_subset,scene-0103_038,3,Car,23.21099898,-3.00000000,46,24,52.17391304
nuscenes_mini_subset,scene-0103_038,5,Car,18.87362782,-3.00000000,56,36,64.28571429
nuscenes_mini_subset,scene-0103_038,7,Car,5.90366162,-3.00000000,224,215,95.98214286
nuscenes_mini_subset,scene-0103_038,8,Car,27.45301967,-3.00000000,11,5,45.45454545
nuscenes_mini_subset,scene-0103_038,11,Car,24.60635900,-3.00000000,14,7,50.00000000
nuscenes_mini_subset,scene-0103_038,12,Car,8.52253415,-3.00000000,26,0,0.00000000
nuscenes_mini_subset,scene-0103_038,1,Bicycle,16.13687205,-2.00000000,11,7,63.63636364
nuscenes_mini_subset,scene-0103_038,3,Car,23.21099898,-2.00000000,46,33,71.73913043
nuscenes_mini_subset,scene-0103_038,5,Car,18.87362782,-2.00000000,56,46,82.14285714
nuscenes_mini_subset,scene-0103_038,7,Car,5.90366162,-2.00000000,224,223,99.55357143
nuscenes_mini_subset,scene-0103_038,8,Car,27.45301967,-2.00000000,11,10,90.90909091
nuscenes_mini_subset,scene-0103_038,11,Car,24.60635900,-2.00000000,14,12,85.71428571
nuscenes_mini_subset,scene-0103_038,12,Car,8.52253415,-2.00000000,26,4,15.38461538
nuscenes_mini_subset,scene-0103_038,1,Bicycle,16.13687205,-1.00000000,11,11,100.00000000
nuscenes_mini_subset,scene-0103_038,3,Car,23.21099898,-1.00000000,46,41,89.13043478
nuscenes_mini_subset,scene-0103_038,5,Car,18.87362782,-1.00000000,56,54,96.42857143
nuscenes_mini_subset,scene-0103_038,7,Car,5.90366162,-1.00000000,224,224,100.00000000
nuscenes_mini_subset,scene-0103_038,8,Car,27.45301967,-1.00000000,11,10,90.90909091
nuscenes_mini_subset,scene-0103_038,11,Car,24.60635900,-1.00000000,14,14,100.00000000
nuscenes_mini_subset,scene-0103_038,12,Car,8.52253415,-1.00000000,26,13,50.00000000
nuscenes_mini_subset,scene-0103_038,1,Bicycle,16.13687205,-0.50000000,11,11,100.00000000
nuscenes_mini_subset,scene-0103_038,3,Car,23.21099898,-0.50000000,46,45,97.82608696
nuscenes_mini_subset,scene-0103_038,5,Car,18.87362782,-0.50000000,56,56,100.00000000
nuscenes_mini_subset,scene-0103_038,7,Car,5.90366162,-0.50000000,224,224,100.00000000
nuscenes_mini_subset,scene-0103_038,8,Car,27.45301967,-0.50000000,11,11,100.00000000
nuscenes_mini_subset,scene-0103_038,11,Car,24.60635900,-0.50000000,14,14,100.00000000
nuscenes_mini_subset,scene-0103_038,12,Car,8.52253415,-0.50000000,26,20,76.92307692
nuscenes_mini_subset,scene-0103_038,1,Bicycle,16.13687205,0.00000000,11,11,100.00000000
nuscenes_mini_subset,scene-0103_038,3,Car,23.21099898,0.00000000,46,46,100.00000000
nuscenes_mini_subset,scene-0103_038,5,Car,18.87362782,0.00000000,56,56,100.00000000
nuscenes_mini_subset,scene-0103_038,7,Car,5.90366162,0.00000000,224,224,100.00000000
nuscenes_mini_subset,scene-0103_038,8,Car,27.45301967,0.00000000,11,11,100.00000000
nuscenes_mini_subset,scene-0103_038,11,Car,24.60635900,0.00000000,14,14,100.00000000
nuscenes_mini_subset,scene-0103_038,12,Car,8.52253415,0.00000000,26,26,100.00000000
nuscenes_mini_subset,scene-0103_038,1,Bicycle,16.13687205,0.50000000,11,11,100.00000000
nuscenes_mini_subset,scene-0103_038,3,Car,23.21099898,0.50000000,46,46,100.00000000
nuscenes_mini_subset,scene-0103_038,5,Car,18.87362782,0.50000000,56,56,100.00000000
nuscenes_mini_subset,scene-0103_038,7,Car,5.90366162,0.50000000,224,215,95.98214286
nuscenes_mini_subset,scene-0103_038,8,Car,27.45301967,0.50000000,11,11,100.00000000
nuscenes_mini_subset,scene-0103_038,11,Car,24.60635900,0.50000000,14,14,100.00000000
nuscenes_mini_subset,scene-0103_038,12,Car,8.52253415,0.50000000,26,26,100.00000000
nuscenes_mini_subset,scene-0103_038,1,Bicycle,16.13687205,1.00000000,11,10,90.90909091
nuscenes_mini_subset,scene-0103_038,3,Car,23.21099898,1.00000000,46,45,97.82608696
nuscenes_mini_subset,scene-0103_038,5,Car,18.87362782,1.00000000,56,54,96.42857143
nuscenes_mini_subset,scene-0103_038,7,Car,5.90366162,1.00000000,224,197,87.94642857
nuscenes_mini_subset,scene-0103_038,8,Car,27.45301967,1.00000000,11,11,100.00000000
nuscenes_mini_subset,scene-0103_038,11,Car,24.60635900,1.00000000,14,14,100.00000000
nuscenes_mini_subset,scene-0103_038,12,Car,8.52253415,1.00000000,26,26,100.00000000
nuscenes_mini_subset,scene-0103_038,1,Bicycle,16.13687205,2.00000000,11,5,45.45454545
nuscenes_mini_subset,scene-0103_038,3,Car,23.21099898,2.00000000,46,42,91.30434783
nuscenes_mini_subset,scene-0103_038,5,Car,18.87362782,2.00000000,56,52,92.85714286
nuscenes_mini_subset,scene-0103_038,7,Car,5.90366162,2.00000000,224,174,77.67857143
nuscenes_mini_subset,scene-0103_038,8,Car,27.45301967,2.00000000,11,11,100.00000000
nuscenes_mini_subset,scene-0103_038,11,Car,24.60635900,2.00000000,14,9,64.28571429
nuscenes_mini_subset,scene-0103_038,12,Car,8.52253415,2.00000000,26,18,69.23076923
nuscenes_mini_subset,scene-0103_038,1,Bicycle,16.13687205,3.00000000,11,1,9.09090909
nuscenes_mini_subset,scene-0103_038,3,Car,23.21099898,3.00000000,46,37,80.43478261
nuscenes_mini_subset,scene-0103_038,5,Car,18.87362782,3.00000000,56,48,85.71428571
nuscenes_mini_subset,scene-0103_038,7,Car,5.90366162,3.00000000,224,149,66.51785714
nuscenes_mini_subset,scene-0103_038,8,Car,27.45301967,3.00000000,11,9,81.81818182
nuscenes_mini_subset,scene-0103_038,11,Car,24.60635900,3.00000000,14,6,42.85714286
nuscenes_mini_subset,scene-0103_038,12,Car,8.52253415,3.00000000,26,9,34.61538462
nuscenes_mini_subset,scene-0103_039,0,Car,26.66822934,-3.00000000,10,9,90.00000000
nuscenes_mini_subset,scene-0103_039,2,Car,19.52221370,-3.00000000,80,60,75.00000000
nuscenes_mini_subset,scene-0103_039,3,Car,14.97221380,-3.00000000,113,97,85.84070796
nuscenes_mini_subset,scene-0103_039,5,Car,23.59486641,-3.00000000,22,13,59.09090909
nuscenes_mini_subset,scene-0103_039,7,Car,20.58909994,-3.00000000,40,22,55.00000000
nuscenes_mini_subset,scene-0103_039,0,Car,26.66822934,-2.00000000,10,10,100.00000000
nuscenes_mini_subset,scene-0103_039,2,Car,19.52221370,-2.00000000,80,67,83.75000000
nuscenes_mini_subset,scene-0103_039,3,Car,14.97221380,-2.00000000,113,108,95.57522124
nuscenes_mini_subset,scene-0103_039,5,Car,23.59486641,-2.00000000,22,14,63.63636364
nuscenes_mini_subset,scene-0103_039,7,Car,20.58909994,-2.00000000,40,32,80.00000000
nuscenes_mini_subset,scene-0103_039,0,Car,26.66822934,-1.00000000,10,10,100.00000000
nuscenes_mini_subset,scene-0103_039,2,Car,19.52221370,-1.00000000,80,77,96.25000000
nuscenes_mini_subset,scene-0103_039,3,Car,14.97221380,-1.00000000,113,113,100.00000000
nuscenes_mini_subset,scene-0103_039,5,Car,23.59486641,-1.00000000,22,19,86.36363636
nuscenes_mini_subset,scene-0103_039,7,Car,20.58909994,-1.00000000,40,38,95.00000000
nuscenes_mini_subset,scene-0103_039,0,Car,26.66822934,-0.50000000,10,10,100.00000000
nuscenes_mini_subset,scene-0103_039,2,Car,19.52221370,-0.50000000,80,80,100.00000000
nuscenes_mini_subset,scene-0103_039,3,Car,14.97221380,-0.50000000,113,113,100.00000000
nuscenes_mini_subset,scene-0103_039,5,Car,23.59486641,-0.50000000,22,21,95.45454545
nuscenes_mini_subset,scene-0103_039,7,Car,20.58909994,-0.50000000,40,39,97.50000000
nuscenes_mini_subset,scene-0103_039,0,Car,26.66822934,0.00000000,10,10,100.00000000
nuscenes_mini_subset,scene-0103_039,2,Car,19.52221370,0.00000000,80,80,100.00000000
nuscenes_mini_subset,scene-0103_039,3,Car,14.97221380,0.00000000,113,113,100.00000000
nuscenes_mini_subset,scene-0103_039,5,Car,23.59486641,0.00000000,22,22,100.00000000
nuscenes_mini_subset,scene-0103_039,7,Car,20.58909994,0.00000000,40,40,100.00000000
nuscenes_mini_subset,scene-0103_039,0,Car,26.66822934,0.50000000,10,9,90.00000000
nuscenes_mini_subset,scene-0103_039,2,Car,19.52221370,0.50000000,80,80,100.00000000
nuscenes_mini_subset,scene-0103_039,3,Car,14.97221380,0.50000000,113,112,99.11504425
nuscenes_mini_subset,scene-0103_039,5,Car,23.59486641,0.50000000,22,22,100.00000000
nuscenes_mini_subset,scene-0103_039,7,Car,20.58909994,0.50000000,40,40,100.00000000
nuscenes_mini_subset,scene-0103_039,0,Car,26.66822934,1.00000000,10,9,90.00000000
nuscenes_mini_subset,scene-0103_039,2,Car,19.52221370,1.00000000,80,78,97.50000000
nuscenes_mini_subset,scene-0103_039,3,Car,14.97221380,1.00000000,113,108,95.57522124
nuscenes_mini_subset,scene-0103_039,5,Car,23.59486641,1.00000000,22,22,100.00000000
nuscenes_mini_subset,scene-0103_039,7,Car,20.58909994,1.00000000,40,40,100.00000000
nuscenes_mini_subset,scene-0103_039,0,Car,26.66822934,2.00000000,10,3,30.00000000
nuscenes_mini_subset,scene-0103_039,2,Car,19.52221370,2.00000000,80,75,93.75000000
nuscenes_mini_subset,scene-0103_039,3,Car,14.97221380,2.00000000,113,102,90.26548673
nuscenes_mini_subset,scene-0103_039,5,Car,23.59486641,2.00000000,22,22,100.00000000
nuscenes_mini_subset,scene-0103_039,7,Car,20.58909994,2.00000000,40,35,87.50000000
nuscenes_mini_subset,scene-0103_039,0,Car,26.66822934,3.00000000,10,0,0.00000000
nuscenes_mini_subset,scene-0103_039,2,Car,19.52221370,3.00000000,80,66,82.50000000
nuscenes_mini_subset,scene-0103_039,3,Car,14.97221380,3.00000000,113,94,83.18584071
nuscenes_mini_subset,scene-0103_039,5,Car,23.59486641,3.00000000,22,21,95.45454545
nuscenes_mini_subset,scene-0103_039,7,Car,20.58909994,3.00000000,40,27,67.50000000
nuscenes_mini_subset,scene-1094_000,0,personal_mobility,10.87671708,-3.00000000,5,0,0.00000000
nuscenes_mini_subset,scene-1094_000,1,Car,25.01754657,-3.00000000,33,22,66.66666667
nuscenes_mini_subset,scene-1094_000,3,Car,7.57511052,-3.00000000,463,426,92.00863931
nuscenes_mini_subset,scene-1094_000,9,Pedestrian,14.51131956,-3.00000000,9,0,0.00000000
nuscenes_mini_subset,scene-1094_000,10,Car,28.39590502,-3.00000000,5,0,0.00000000
nuscenes_mini_subset,scene-1094_000,11,Car,30.73343884,-3.00000000,61,54,88.52459016
nuscenes_mini_subset,scene-1094_000,12,Pedestrian,14.12118102,-3.00000000,16,2,12.50000000
nuscenes_mini_subset,scene-1094_000,0,personal_mobility,10.87671708,-2.00000000,5,2,40.00000000
nuscenes_mini_subset,scene-1094_000,1,Car,25.01754657,-2.00000000,33,28,84.84848485
nuscenes_mini_subset,scene-1094_000,3,Car,7.57511052,-2.00000000,463,452,97.62419006
nuscenes_mini_subset,scene-1094_000,9,Pedestrian,14.51131956,-2.00000000,9,1,11.11111111
nuscenes_mini_subset,scene-1094_000,10,Car,28.39590502,-2.00000000,5,3,60.00000000
nuscenes_mini_subset,scene-1094_000,11,Car,30.73343884,-2.00000000,61,60,98.36065574
nuscenes_mini_subset,scene-1094_000,12,Pedestrian,14.12118102,-2.00000000,16,10,62.50000000
nuscenes_mini_subset,scene-1094_000,0,personal_mobility,10.87671708,-1.00000000,5,4,80.00000000
nuscenes_mini_subset,scene-1094_000,1,Car,25.01754657,-1.00000000,33,32,96.96969697
nuscenes_mini_subset,scene-1094_000,3,Car,7.57511052,-1.00000000,463,463,100.00000000
nuscenes_mini_subset,scene-1094_000,9,Pedestrian,14.51131956,-1.00000000,9,6,66.66666667
nuscenes_mini_subset,scene-1094_000,10,Car,28.39590502,-1.00000000,5,5,100.00000000
nuscenes_mini_subset,scene-1094_000,11,Car,30.73343884,-1.00000000,61,61,100.00000000
nuscenes_mini_subset,scene-1094_000,12,Pedestrian,14.12118102,-1.00000000,16,16,100.00000000
nuscenes_mini_subset,scene-1094_000,0,personal_mobility,10.87671708,-0.50000000,5,5,100.00000000
nuscenes_mini_subset,scene-1094_000,1,Car,25.01754657,-0.50000000,33,33,100.00000000
nuscenes_mini_subset,scene-1094_000,3,Car,7.57511052,-0.50000000,463,463,100.00000000
nuscenes_mini_subset,scene-1094_000,9,Pedestrian,14.51131956,-0.50000000,9,9,100.00000000
nuscenes_mini_subset,scene-1094_000,10,Car,28.39590502,-0.50000000,5,5,100.00000000
nuscenes_mini_subset,scene-1094_000,11,Car,30.73343884,-0.50000000,61,61,100.00000000
nuscenes_mini_subset,scene-1094_000,12,Pedestrian,14.12118102,-0.50000000,16,16,100.00000000
nuscenes_mini_subset,scene-1094_000,0,personal_mobility,10.87671708,0.00000000,5,5,100.00000000
nuscenes_mini_subset,scene-1094_000,1,Car,25.01754657,0.00000000,33,33,100.00000000
nuscenes_mini_subset,scene-1094_000,3,Car,7.57511052,0.00000000,463,463,100.00000000
nuscenes_mini_subset,scene-1094_000,9,Pedestrian,14.51131956,0.00000000,9,9,100.00000000
nuscenes_mini_subset,scene-1094_000,10,Car,28.39590502,0.00000000,5,5,100.00000000
nuscenes_mini_subset,scene-1094_000,11,Car,30.73343884,0.00000000,61,61,100.00000000
nuscenes_mini_subset,scene-1094_000,12,Pedestrian,14.12118102,0.00000000,16,16,100.00000000
nuscenes_mini_subset,scene-1094_000,0,personal_mobility,10.87671708,0.50000000,5,3,60.00000000
nuscenes_mini_subset,scene-1094_000,1,Car,25.01754657,0.50000000,33,32,96.96969697
nuscenes_mini_subset,scene-1094_000,3,Car,7.57511052,0.50000000,463,461,99.56803456
nuscenes_mini_subset,scene-1094_000,9,Pedestrian,14.51131956,0.50000000,9,9,100.00000000
nuscenes_mini_subset,scene-1094_000,10,Car,28.39590502,0.50000000,5,5,100.00000000
nuscenes_mini_subset,scene-1094_000,11,Car,30.73343884,0.50000000,61,61,100.00000000
nuscenes_mini_subset,scene-1094_000,12,Pedestrian,14.12118102,0.50000000,16,16,100.00000000
nuscenes_mini_subset,scene-1094_000,0,personal_mobility,10.87671708,1.00000000,5,3,60.00000000
nuscenes_mini_subset,scene-1094_000,1,Car,25.01754657,1.00000000,33,28,84.84848485
nuscenes_mini_subset,scene-1094_000,3,Car,7.57511052,1.00000000,463,453,97.84017279
nuscenes_mini_subset,scene-1094_000,9,Pedestrian,14.51131956,1.00000000,9,9,100.00000000
nuscenes_mini_subset,scene-1094_000,10,Car,28.39590502,1.00000000,5,5,100.00000000
nuscenes_mini_subset,scene-1094_000,11,Car,30.73343884,1.00000000,61,61,100.00000000
nuscenes_mini_subset,scene-1094_000,12,Pedestrian,14.12118102,1.00000000,16,16,100.00000000
nuscenes_mini_subset,scene-1094_000,0,personal_mobility,10.87671708,2.00000000,5,0,0.00000000
nuscenes_mini_subset,scene-1094_000,1,Car,25.01754657,2.00000000,33,20,60.60606061
nuscenes_mini_subset,scene-1094_000,3,Car,7.57511052,2.00000000,463,424,91.57667387
nuscenes_mini_subset,scene-1094_000,9,Pedestrian,14.51131956,2.00000000,9,4,44.44444444
nuscenes_mini_subset,scene-1094_000,10,Car,28.39590502,2.00000000,5,5,100.00000000
nuscenes_mini_subset,scene-1094_000,11,Car,30.73343884,2.00000000,61,59,96.72131148
nuscenes_mini_subset,scene-1094_000,12,Pedestrian,14.12118102,2.00000000,16,14,87.50000000
nuscenes_mini_subset,scene-1094_000,0,personal_mobility,10.87671708,3.00000000,5,0,0.00000000
nuscenes_mini_subset,scene-1094_000,1,Car,25.01754657,3.00000000,33,17,51.51515152
nuscenes_mini_subset,scene-1094_000,3,Car,7.57511052,3.00000000,463,408,88.12095032
nuscenes_mini_subset,scene-1094_000,9,Pedestrian,14.51131956,3.00000000,9,0,0.00000000
nuscenes_mini_subset,scene-1094_000,10,Car,28.39590502,3.00000000,5,5,100.00000000
nuscenes_mini_subset,scene-1094_000,11,Car,30.73343884,3.00000000,61,56,91.80327869
nuscenes_mini_subset,scene-1094_000,12,Pedestrian,14.12118102,3.00000000,16,3,18.75000000
nuscenes_mini_subset,scene-1094_001,0,personal_mobility,10.28740586,-3.00000000,39,23,58.97435897
nuscenes_mini_subset,scene-1094_001,1,Car,24.94579014,-3.00000000,26,15,57.69230769
nuscenes_mini_subset,scene-1094_001,3,Car,7.92475481,-3.00000000,420,374,89.04761905
nuscenes_mini_subset,scene-1094_001,7,Car,32.96441218,-3.00000000,7,7,100.00000000
nuscenes_mini_subset,scene-1094_001,11,Car,28.32526951,-3.00000000,5,1,20.00000000
nuscenes_mini_subset,scene-1094_001,12,Car,30.66066717,-3.00000000,63,52,82.53968254
nuscenes_mini_subset,scene-1094_001,13,Pedestrian,14.35420661,-3.00000000,12,3,25.00000000
nuscenes_mini_subset,scene-1094_001,0,personal_mobility,10.28740586,-2.00000000,39,34,87.17948718
nuscenes_mini_subset,scene-1094_001,1,Car,24.94579014,-2.00000000,26,20,76.92307692
nuscenes_mini_subset,scene-1094_001,3,Car,7.92475481,-2.00000000,420,399,95.00000000
nuscenes_mini_subset,scene-1094_001,7,Car,32.96441218,-2.00000000,7,7,100.00000000
nuscenes_mini_subset,scene-1094_001,11,Car,28.32526951,-2.00000000,5,4,80.00000000
nuscenes_mini_subset,scene-1094_001,12,Car,30.66066717,-2.00000000,63,57,90.47619048
nuscenes_mini_subset,scene-1094_001,13,Pedestrian,14.35420661,-2.00000000,12,10,83.33333333
nuscenes_mini_subset,scene-1094_001,0,personal_mobility,10.28740586,-1.00000000,39,38,97.43589744
nuscenes_mini_subset,scene-1094_001,1,Car,24.94579014,-1.00000000,26,25,96.15384615
nuscenes_mini_subset,scene-1094_001,3,Car,7.92475481,-1.00000000,420,419,99.76190476
nuscenes_mini_subset,scene-1094_001,7,Car,32.96441218,-1.00000000,7,7,100.00000000
nuscenes_mini_subset,scene-1094_001,11,Car,28.32526951,-1.00000000,5,5,100.00000000
nuscenes_mini_subset,scene-1094_001,12,Car,30.66066717,-1.00000000,63,62,98.41269841
nuscenes_mini_subset,scene-1094_001,13,Pedestrian,14.35420661,-1.00000000,12,12,100.00000000
nuscenes_mini_subset,scene-1094_001,0,personal_mobility,10.28740586,-0.50000000,39,39,100.00000000
nuscenes_mini_subset,scene-1094_001,1,Car,24.94579014,-0.50000000,26,26,100.00000000
nuscenes_mini_subset,scene-1094_001,3,Car,7.92475481,-0.50000000,420,420,100.00000000
nuscenes_mini_subset,scene-1094_001,7,Car,32.96441218,-0.50000000,7,7,100.00000000
nuscenes_mini_subset,scene-1094_001,11,Car,28.32526951,-0.50000000,5,5,100.00000000
nuscenes_mini_subset,scene-1094_001,12,Car,30.66066717,-0.50000000,63,63,100.00000000
nuscenes_mini_subset,scene-1094_001,13,Pedestrian,14.35420661,-0.50000000,12,12,100.00000000
nuscenes_mini_subset,scene-1094_001,0,personal_mobility,10.28740586,0.00000000,39,39,100.00000000
nuscenes_mini_subset,scene-1094_001,1,Car,24.94579014,0.00000000,26,26,100.00000000
nuscenes_mini_subset,scene-1094_001,3,Car,7.92475481,0.00000000,420,420,100.00000000
nuscenes_mini_subset,scene-1094_001,7,Car,32.96441218,0.00000000,7,7,100.00000000
nuscenes_mini_subset,scene-1094_001,11,Car,28.32526951,0.00000000,5,5,100.00000000
nuscenes_mini_subset,scene-1094_001,12,Car,30.66066717,0.00000000,63,63,100.00000000
nuscenes_mini_subset,scene-1094_001,13,Pedestrian,14.35420661,0.00000000,12,12,100.00000000
nuscenes_mini_subset,scene-1094_001,0,personal_mobility,10.28740586,0.50000000,39,38,97.43589744
nuscenes_mini_subset,scene-1094_001,1,Car,24.94579014,0.50000000,26,26,100.00000000
nuscenes_mini_subset,scene-1094_001,3,Car,7.92475481,0.50000000,420,419,99.76190476
nuscenes_mini_subset,scene-1094_001,7,Car,32.96441218,0.50000000,7,4,57.14285714
nuscenes_mini_subset,scene-1094_001,11,Car,28.32526951,0.50000000,5,5,100.00000000
nuscenes_mini_subset,scene-1094_001,12,Car,30.66066717,0.50000000,63,63,100.00000000
nuscenes_mini_subset,scene-1094_001,13,Pedestrian,14.35420661,0.50000000,12,12,100.00000000
nuscenes_mini_subset,scene-1094_001,0,personal_mobility,10.28740586,1.00000000,39,35,89.74358974
nuscenes_mini_subset,scene-1094_001,1,Car,24.94579014,1.00000000,26,26,100.00000000
nuscenes_mini_subset,scene-1094_001,3,Car,7.92475481,1.00000000,420,417,99.28571429
nuscenes_mini_subset,scene-1094_001,7,Car,32.96441218,1.00000000,7,1,14.28571429
nuscenes_mini_subset,scene-1094_001,11,Car,28.32526951,1.00000000,5,5,100.00000000
nuscenes_mini_subset,scene-1094_001,12,Car,30.66066717,1.00000000,63,63,100.00000000
nuscenes_mini_subset,scene-1094_001,13,Pedestrian,14.35420661,1.00000000,12,12,100.00000000
nuscenes_mini_subset,scene-1094_001,0,personal_mobility,10.28740586,2.00000000,39,24,61.53846154
nuscenes_mini_subset,scene-1094_001,1,Car,24.94579014,2.00000000,26,26,100.00000000
nuscenes_mini_subset,scene-1094_001,3,Car,7.92475481,2.00000000,420,397,94.52380952
nuscenes_mini_subset,scene-1094_001,7,Car,32.96441218,2.00000000,7,0,0.00000000
nuscenes_mini_subset,scene-1094_001,11,Car,28.32526951,2.00000000,5,5,100.00000000
nuscenes_mini_subset,scene-1094_001,12,Car,30.66066717,2.00000000,63,60,95.23809524
nuscenes_mini_subset,scene-1094_001,13,Pedestrian,14.35420661,2.00000000,12,9,75.00000000
nuscenes_mini_subset,scene-1094_001,0,personal_mobility,10.28740586,3.00000000,39,9,23.07692308
nuscenes_mini_subset,scene-1094_001,1,Car,24.94579014,3.00000000,26,21,80.76923077
nuscenes_mini_subset,scene-1094_001,3,Car,7.92475481,3.00000000,420,370,88.09523810
nuscenes_mini_subset,scene-1094_001,7,Car,32.96441218,3.00000000,7,0,0.00000000
nuscenes_mini_subset,scene-1094_001,11,Car,28.32526951,3.00000000,5,5,100.00000000
nuscenes_mini_subset,scene-1094_001,12,Car,30.66066717,3.00000000,63,56,88.88888889
nuscenes_mini_subset,scene-1094_001,13,Pedestrian,14.35420661,3.00000000,12,2,16.66666667
nuscenes_mini_subset,scene-1094_002,0,personal_mobility,9.91763063,-3.00000000,42,32,76.19047619
nuscenes_mini_subset,scene-1094_002,1,Car,24.88051404,-3.00000000,20,7,35.00000000
nuscenes_mini_subset,scene-1094_002,4,Car,8.28000145,-3.00000000,381,338,88.71391076
nuscenes_mini_subset,scene-1094_002,8,Car,32.92441110,-3.00000000,5,5,100.00000000
nuscenes_mini_subset,scene-1094_002,11,Pedestrian,13.40548044,-3.00000000,13,0,0.00000000
nuscenes_mini_subset,scene-1094_002,12,Pedestrian,23.90710774,-3.00000000,6,0,0.00000000
nuscenes_mini_subset,scene-1094_002,13,Car,28.26112243,-3.00000000,5,1,20.00000000
nuscenes_mini_subset,scene-1094_002,14,Car,30.59445264,-3.00000000,64,53,82.81250000
nuscenes_mini_subset,scene-1094_002,15,Pedestrian,14.55359360,-3.00000000,18,7,38.88888889
nuscenes_mini_subset,scene-1094_002,17,Bicycle,30.53092334,-3.00000000,6,0,0.00000000
nuscenes_mini_subset,scene-1094_002,0,personal_mobility,9.91763063,-2.00000000,42,36,85.71428571
nuscenes_mini_subset,scene-1094_002,1,Car,24.88051404,-2.00000000,20,13,65.00000000
nuscenes_mini_subset,scene-1094_002,4,Car,8.28000145,-2.00000000,381,364,95.53805774
nuscenes_mini_subset,scene-1094_002,8,Car,32.92441110,-2.00000000,5,5,100.00000000
nuscenes_mini_subset,scene-1094_002,11,Pedestrian,13.40548044,-2.00000000,13,3,23.07692308
nuscenes_mini_subset,scene-1094_002,12,Pedestrian,23.90710774,-2.00000000,6,0,0.00000000
nuscenes_mini_subset,scene-1094_002,13,Car,28.26112243,-2.00000000,5,4,80.00000000
nuscenes_mini_subset,scene-1094_002,14,Car,30.59445264,-2.00000000,64,59,92.18750000
nuscenes_mini_subset,scene-1094_002,15,Pedestrian,14.55359360,-2.00000000,18,13,72.22222222
nuscenes_mini_subset,scene-1094_002,17,Bicycle,30.53092334,-2.00000000,6,0,0.00000000
nuscenes_mini_subset,scene-1094_002,0,personal_mobility,9.91763063,-1.00000000,42,39,92.85714286
nuscenes_mini_subset,scene-1094_002,1,Car,24.88051404,-1.00000000,20,20,100.00000000
nuscenes_mini_subset,scene-1094_002,4,Car,8.28000145,-1.00000000,381,380,99.73753281
nuscenes_mini_subset,scene-1094_002,8,Car,32.92441110,-1.00000000,5,5,100.00000000
nuscenes_mini_subset,scene-1094_002,11,Pedestrian,13.40548044,-1.00000000,13,11,84.61538462
nuscenes_mini_subset,scene-1094_002,12,Pedestrian,23.90710774,-1.00000000,6,5,83.33333333
nuscenes_mini_subset,scene-1094_002,13,Car,28.26112243,-1.00000000,5,5,100.00000000
nuscenes_mini_subset,scene-1094_002,14,Car,30.59445264,-1.00000000,64,63,98.43750000
nuscenes_mini_subset,scene-1094_002,15,Pedestrian,14.55359360,-1.00000000,18,16,88.88888889
nuscenes_mini_subset,scene-1094_002,17,Bicycle,30.53092334,-1.00000000,6,3,50.00000000
nuscenes_mini_subset,scene-1094_002,0,personal_mobility,9.91763063,-0.50000000,42,41,97.61904762
nuscenes_mini_subset,scene-1094_002,1,Car,24.88051404,-0.50000000,20,20,100.00000000
nuscenes_mini_subset,scene-1094_002,4,Car,8.28000145,-0.50000000,381,381,100.00000000
nuscenes_mini_subset,scene-1094_002,8,Car,32.92441110,-0.50000000,5,5,100.00000000
nuscenes_mini_subset,scene-1094_002,11,Pedestrian,13.40548044,-0.50000000,13,12,92.30769231
nuscenes_mini_subset,scene-1094_002,12,Pedestrian,23.90710774,-0.50000000,6,6,100.00000000
nuscenes_mini_subset,scene-1094_002,13,Car,28.26112243,-0.50000000,5,5,100.00000000
nuscenes_mini_subset,scene-1094_002,14,Car,30.59445264,-0.50000000,64,64,100.00000000
nuscenes_mini_subset,scene-1094_002,15,Pedestrian,14.55359360,-0.50000000,18,17,94.44444444
nuscenes_mini_subset,scene-1094_002,17,Bicycle,30.53092334,-0.50000000,6,4,66.66666667
nuscenes_mini_subset,scene-1094_002,0,personal_mobility,9.91763063,0.00000000,42,42,100.00000000
nuscenes_mini_subset,scene-1094_002,1,Car,24.88051404,0.00000000,20,20,100.00000000
nuscenes_mini_subset,scene-1094_002,4,Car,8.28000145,0.00000000,381,381,100.00000000
nuscenes_mini_subset,scene-1094_002,8,Car,32.92441110,0.00000000,5,5,100.00000000
nuscenes_mini_subset,scene-1094_002,11,Pedestrian,13.40548044,0.00000000,13,13,100.00000000
nuscenes_mini_subset,scene-1094_002,12,Pedestrian,23.90710774,0.00000000,6,6,100.00000000
nuscenes_mini_subset,scene-1094_002,13,Car,28.26112243,0.00000000,5,5,100.00000000
nuscenes_mini_subset,scene-1094_002,14,Car,30.59445264,0.00000000,64,64,100.00000000
nuscenes_mini_subset,scene-1094_002,15,Pedestrian,14.55359360,0.00000000,18,18,100.00000000
nuscenes_mini_subset,scene-1094_002,17,Bicycle,30.53092334,0.00000000,6,6,100.00000000
nuscenes_mini_subset,scene-1094_002,0,personal_mobility,9.91763063,0.50000000,42,42,100.00000000
nuscenes_mini_subset,scene-1094_002,1,Car,24.88051404,0.50000000,20,20,100.00000000
nuscenes_mini_subset,scene-1094_002,4,Car,8.28000145,0.50000000,381,380,99.73753281
nuscenes_mini_subset,scene-1094_002,8,Car,32.92441110,0.50000000,5,4,80.00000000
nuscenes_mini_subset,scene-1094_002,11,Pedestrian,13.40548044,0.50000000,13,13,100.00000000
nuscenes_mini_subset,scene-1094_002,12,Pedestrian,23.90710774,0.50000000,6,6,100.00000000
nuscenes_mini_subset,scene-1094_002,13,Car,28.26112243,0.50000000,5,5,100.00000000
nuscenes_mini_subset,scene-1094_002,14,Car,30.59445264,0.50000000,64,64,100.00000000
nuscenes_mini_subset,scene-1094_002,15,Pedestrian,14.55359360,0.50000000,18,18,100.00000000
nuscenes_mini_subset,scene-1094_002,17,Bicycle,30.53092334,0.50000000,6,6,100.00000000
nuscenes_mini_subset,scene-1094_002,0,personal_mobility,9.91763063,1.00000000,42,42,100.00000000
nuscenes_mini_subset,scene-1094_002,1,Car,24.88051404,1.00000000,20,19,95.00000000
nuscenes_mini_subset,scene-1094_002,4,Car,8.28000145,1.00000000,381,379,99.47506562
nuscenes_mini_subset,scene-1094_002,8,Car,32.92441110,1.00000000,5,2,40.00000000
nuscenes_mini_subset,scene-1094_002,11,Pedestrian,13.40548044,1.00000000,13,11,84.61538462
nuscenes_mini_subset,scene-1094_002,12,Pedestrian,23.90710774,1.00000000,6,3,50.00000000
nuscenes_mini_subset,scene-1094_002,13,Car,28.26112243,1.00000000,5,5,100.00000000
nuscenes_mini_subset,scene-1094_002,14,Car,30.59445264,1.00000000,64,63,98.43750000
nuscenes_mini_subset,scene-1094_002,15,Pedestrian,14.55359360,1.00000000,18,16,88.88888889
nuscenes_mini_subset,scene-1094_002,17,Bicycle,30.53092334,1.00000000,6,6,100.00000000
nuscenes_mini_subset,scene-1094_002,0,personal_mobility,9.91763063,2.00000000,42,39,92.85714286
nuscenes_mini_subset,scene-1094_002,1,Car,24.88051404,2.00000000,20,19,95.00000000
nuscenes_mini_subset,scene-1094_002,4,Car,8.28000145,2.00000000,381,363,95.27559055
nuscenes_mini_subset,scene-1094_002,8,Car,32.92441110,2.00000000,5,0,0.00000000
nuscenes_mini_subset,scene-1094_002,11,Pedestrian,13.40548044,2.00000000,13,4,30.76923077
nuscenes_mini_subset,scene-1094_002,12,Pedestrian,23.90710774,2.00000000,6,0,0.00000000
nuscenes_mini_subset,scene-1094_002,13,Car,28.26112243,2.00000000,5,5,100.00000000
nuscenes_mini_subset,scene-1094_002,14,Car,30.59445264,2.00000000,64,60,93.75000000
nuscenes_mini_subset,scene-1094_002,15,Pedestrian,14.55359360,2.00000000,18,10,55.55555556
nuscenes_mini_subset,scene-1094_002,17,Bicycle,30.53092334,2.00000000,6,4,66.66666667
nuscenes_mini_subset,scene-1094_002,0,personal_mobility,9.91763063,3.00000000,42,34,80.95238095
nuscenes_mini_subset,scene-1094_002,1,Car,24.88051404,3.00000000,20,19,95.00000000
nuscenes_mini_subset,scene-1094_002,4,Car,8.28000145,3.00000000,381,336,88.18897638
nuscenes_mini_subset,scene-1094_002,8,Car,32.92441110,3.00000000,5,0,0.00000000
nuscenes_mini_subset,scene-1094_002,11,Pedestrian,13.40548044,3.00000000,13,0,0.00000000
nuscenes_mini_subset,scene-1094_002,12,Pedestrian,23.90710774,3.00000000,6,0,0.00000000
nuscenes_mini_subset,scene-1094_002,13,Car,28.26112243,3.00000000,5,5,100.00000000
nuscenes_mini_subset,scene-1094_002,14,Car,30.59445264,3.00000000,64,57,89.06250000
nuscenes_mini_subset,scene-1094_002,15,Pedestrian,14.55359360,3.00000000,18,4,22.22222222
nuscenes_mini_subset,scene-1094_002,17,Bicycle,30.53092334,3.00000000,6,1,16.66666667
nuscenes_mini_subset,scene-1094_003,0,personal_mobility,9.54324895,-3.00000000,34,19,55.88235294
nuscenes_mini_subset,scene-1094_003,1,Car,24.70292492,-3.00000000,28,17,60.71428571
nuscenes_mini_subset,scene-1094_003,5,Car,8.50847983,-3.00000000,373,340,91.15281501
nuscenes_mini_subset,scene-1094_003,9,Car,32.73543498,-3.00000000,7,2,28.57142857
nuscenes_mini_subset,scene-1094_003,12,Car,7.05402024,-3.00000000,10,0,0.00000000
nuscenes_mini_subset,scene-1094_003,14,Pedestrian,24.00573694,-3.00000000,6,0,0.00000000
nuscenes_mini_subset,scene-1094_003,16,Car,28.08192249,-3.00000000,6,3,50.00000000
nuscenes_mini_subset,scene-1094_003,17,Car,30.41065907,-3.00000000,67,55,82.08955224
nuscenes_mini_subset,scene-1094_003,18,Pedestrian,14.67690406,-3.00000000,12,3,25.00000000
nuscenes_mini_subset,scene-1094_003,20,Bicycle,30.33794886,-3.00000000,7,1,14.28571429
nuscenes_mini_subset,scene-1094_003,0,personal_mobility,9.54324895,-2.00000000,34,27,79.41176471
nuscenes_mini_subset,scene-1094_003,1,Car,24.70292492,-2.00000000,28,22,78.57142857
nuscenes_mini_subset,scene-1094_003,5,Car,8.50847983,-2.00000000,373,362,97.05093834
nuscenes_mini_subset,scene-1094_003,9,Car,32.73543498,-2.00000000,7,5,71.42857143
nuscenes_mini_subset,scene-1094_003,12,Car,7.05402024,-2.00000000,10,0,0.00000000
nuscenes_mini_subset,scene-1094_003,14,Pedestrian,24.00573694,-2.00000000,6,0,0.00000000
nuscenes_mini_subset,scene-1094_003,16,Car,28.08192249,-2.00000000,6,6,100.00000000
nuscenes_mini_subset,scene-1094_003,17,Car,30.41065907,-2.00000000,67,62,92.53731343
nuscenes_mini_subset,scene-1094_003,18,Pedestrian,14.67690406,-2.00000000,12,8,66.66666667
nuscenes_mini_subset,scene-1094_003,20,Bicycle,30.33794886,-2.00000000,7,1,14.28571429
nuscenes_mini_subset,scene-1094_003,0,personal_mobility,9.54324895,-1.00000000,34,33,97.05882353
nuscenes_mini_subset,scene-1094_003,1,Car,24.70292492,-1.00000000,28,28,100.00000000
nuscenes_mini_subset,scene-1094_003,5,Car,8.50847983,-1.00000000,373,373,100.00000000
nuscenes_mini_subset,scene-1094_003,9,Car,32.73543498,-1.00000000,7,7,100.00000000
nuscenes_mini_subset,scene-1094_003,12,Car,7.05402024,-1.00000000,10,1,10.00000000
nuscenes_mini_subset,scene-1094_003,14,Pedestrian,24.00573694,-1.00000000,6,4,66.66666667
nuscenes_mini_subset,scene-1094_003,16,Car,28.08192249,-1.00000000,6,6,100.00000000
nuscenes_mini_subset,scene-1094_003,17,Car,30.41065907,-1.00000000,67,66,98.50746269
nuscenes_mini_subset,scene-1094_003,18,Pedestrian,14.67690406,-1.00000000,12,11,91.66666667
nuscenes_mini_subset,scene-1094_003,20,Bicycle,30.33794886,-1.00000000,7,4,57.14285714
nuscenes_mini_subset,scene-1094_003,0,personal_mobility,9.54324895,-0.50000000,34,34,100.00000000
nuscenes_mini_subset,scene-1094_003,1,Car,24.70292492,-0.50000000,28,28,100.00000000
nuscenes_mini_subset,scene-1094_003,5,Car,8.50847983,-0.50000000,373,373,100.00000000
nuscenes_mini_subset,scene-1094_003,9,Car,32.73543498,-0.50000000,7,7,100.00000000
nuscenes_mini_subset,scene-1094_003,12,Car,7.05402024,-0.50000000,10,4,40.00000000
nuscenes_mini_subset,scene-1094_003,14,Pedestrian,24.00573694,-0.50000000,6,6,100.00000000
nuscenes_mini_subset,scene-1094_003,16,Car,28.08192249,-0.50000000,6,6,100.00000000
nuscenes_mini_subset,scene-1094_003,17,Car,30.41065907,-0.50000000,67,67,100.00000000
nuscenes_mini_subset,scene-1094_003,18,Pedestrian,14.67690406,-0.50000000,12,12,100.00000000
nuscenes_mini_subset,scene-1094_003,20,Bicycle,30.33794886,-0.50000000,7,6,85.71428571
nuscenes_mini_subset,scene-1094_003,0,personal_mobility,9.54324895,0.00000000,34,34,100.00000000
nuscenes_mini_subset,scene-1094_003,1,Car,24.70292492,0.00000000,28,28,100.00000000
nuscenes_mini_subset,scene-1094_003,5,Car,8.50847983,0.00000000,373,373,100.00000000
nuscenes_mini_subset,scene-1094_003,9,Car,32.73543498,0.00000000,7,7,100.00000000
nuscenes_mini_subset,scene-1094_003,12,Car,7.05402024,0.00000000,10,10,100.00000000
nuscenes_mini_subset,scene-1094_003,14,Pedestrian,24.00573694,0.00000000,6,6,100.00000000
nuscenes_mini_subset,scene-1094_003,16,Car,28.08192249,0.00000000,6,6,100.00000000
nuscenes_mini_subset,scene-1094_003,17,Car,30.41065907,0.00000000,67,67,100.00000000
nuscenes_mini_subset,scene-1094_003,18,Pedestrian,14.67690406,0.00000000,12,12,100.00000000
nuscenes_mini_subset,scene-1094_003,20,Bicycle,30.33794886,0.00000000,7,7,100.00000000
nuscenes_mini_subset,scene-1094_003,0,personal_mobility,9.54324895,0.50000000,34,34,100.00000000
nuscenes_mini_subset,scene-1094_003,1,Car,24.70292492,0.50000000,28,27,96.42857143
nuscenes_mini_subset,scene-1094_003,5,Car,8.50847983,0.50000000,373,372,99.73190349
nuscenes_mini_subset,scene-1094_003,9,Car,32.73543498,0.50000000,7,7,100.00000000
nuscenes_mini_subset,scene-1094_003,12,Car,7.05402024,0.50000000,10,10,100.00000000
nuscenes_mini_subset,scene-1094_003,14,Pedestrian,24.00573694,0.50000000,6,6,100.00000000
nuscenes_mini_subset,scene-1094_003,16,Car,28.08192249,0.50000000,6,6,100.00000000
nuscenes_mini_subset,scene-1094_003,17,Car,30.41065907,0.50000000,67,67,100.00000000
nuscenes_mini_subset,scene-1094_003,18,Pedestrian,14.67690406,0.50000000,12,12,100.00000000
nuscenes_mini_subset,scene-1094_003,20,Bicycle,30.33794886,0.50000000,7,6,85.71428571
nuscenes_mini_subset,scene-1094_003,0,personal_mobility,9.54324895,1.00000000,34,34,100.00000000
nuscenes_mini_subset,scene-1094_003,1,Car,24.70292492,1.00000000,28,21,75.00000000
nuscenes_mini_subset,scene-1094_003,5,Car,8.50847983,1.00000000,373,371,99.46380697
nuscenes_mini_subset,scene-1094_003,9,Car,32.73543498,1.00000000,7,6,85.71428571
nuscenes_mini_subset,scene-1094_003,12,Car,7.05402024,1.00000000,10,9,90.00000000
nuscenes_mini_subset,scene-1094_003,14,Pedestrian,24.00573694,1.00000000,6,3,50.00000000
nuscenes_mini_subset,scene-1094_003,16,Car,28.08192249,1.00000000,6,6,100.00000000
nuscenes_mini_subset,scene-1094_003,17,Car,30.41065907,1.00000000,67,65,97.01492537
nuscenes_mini_subset,scene-1094_003,18,Pedestrian,14.67690406,1.00000000,12,12,100.00000000
nuscenes_mini_subset,scene-1094_003,20,Bicycle,30.33794886,1.00000000,7,6,85.71428571
nuscenes_mini_subset,scene-1094_003,0,personal_mobility,9.54324895,2.00000000,34,30,88.23529412
nuscenes_mini_subset,scene-1094_003,1,Car,24.70292492,2.00000000,28,14,50.00000000
nuscenes_mini_subset,scene-1094_003,5,Car,8.50847983,2.00000000,373,357,95.71045576
nuscenes_mini_subset,scene-1094_003,9,Car,32.73543498,2.00000000,7,3,42.85714286
nuscenes_mini_subset,scene-1094_003,12,Car,7.05402024,2.00000000,10,2,20.00000000
nuscenes_mini_subset,scene-1094_003,14,Pedestrian,24.00573694,2.00000000,6,0,0.00000000
nuscenes_mini_subset,scene-1094_003,16,Car,28.08192249,2.00000000,6,6,100.00000000
nuscenes_mini_subset,scene-1094_003,17,Car,30.41065907,2.00000000,67,62,92.53731343
nuscenes_mini_subset,scene-1094_003,18,Pedestrian,14.67690406,2.00000000,12,7,58.33333333
nuscenes_mini_subset,scene-1094_003,20,Bicycle,30.33794886,2.00000000,7,4,57.14285714
nuscenes_mini_subset,scene-1094_003,0,personal_mobility,9.54324895,3.00000000,34,25,73.52941176
nuscenes_mini_subset,scene-1094_003,1,Car,24.70292492,3.00000000,28,14,50.00000000
nuscenes_mini_subset,scene-1094_003,5,Car,8.50847983,3.00000000,373,335,89.81233244
nuscenes_mini_subset,scene-1094_003,9,Car,32.73543498,3.00000000,7,0,0.00000000
nuscenes_mini_subset,scene-1094_003,12,Car,7.05402024,3.00000000,10,0,0.00000000
nuscenes_mini_subset,scene-1094_003,14,Pedestrian,24.00573694,3.00000000,6,0,0.00000000
nuscenes_mini_subset,scene-1094_003,16,Car,28.08192249,3.00000000,6,6,100.00000000
nuscenes_mini_subset,scene-1094_003,17,Car,30.41065907,3.00000000,67,59,88.05970149
nuscenes_mini_subset,scene-1094_003,18,Pedestrian,14.67690406,3.00000000,12,3,25.00000000
nuscenes_mini_subset,scene-1094_003,20,Bicycle,30.33794886,3.00000000,7,1,14.28571429
nuscenes_mini_subset,scene-1094_004,0,personal_mobility,9.09417952,-3.00000000,37,26,70.27027027
nuscenes_mini_subset,scene-1094_004,1,Car,24.30286500,-3.00000000,27,15,55.55555556
nuscenes_mini_subset,scene-1094_004,5,Car,8.68514908,-3.00000000,367,329,89.64577657
nuscenes_mini_subset,scene-1094_004,6,Pedestrian,34.56614166,-3.00000000,5,0,0.00000000
nuscenes_mini_subset,scene-1094_004,9,Car,32.34001654,-3.00000000,6,2,33.33333333
nuscenes_mini_subset,scene-1094_004,12,Car,8.65676772,-3.00000000,11,0,0.00000000
nuscenes_mini_subset,scene-1094_004,13,Pedestrian,24.02508687,-3.00000000,6,0,0.00000000
nuscenes_mini_subset,scene-1094_004,15,Car,27.67536469,-3.00000000,5,2,40.00000000
nuscenes_mini_subset,scene-1094_004,16,Car,29.99430854,-3.00000000,68,57,83.82352941
nuscenes_mini_subset,scene-1094_004,19,Bicycle,29.89979342,-3.00000000,6,0,0.00000000
nuscenes_mini_subset,scene-1094_004,0,personal_mobility,9.09417952,-2.00000000,37,34,91.89189189
nuscenes_mini_subset,scene-1094_004,1,Car,24.30286500,-2.00000000,27,21,77.77777778
nuscenes_mini_subset,scene-1094_004,5,Car,8.68514908,-2.00000000,367,353,96.18528610
nuscenes_mini_subset,scene-1094_004,6,Pedestrian,34.56614166,-2.00000000,5,0,0.00000000
nuscenes_mini_subset,scene-1094_004,9,Car,32.34001654,-2.00000000,6,4,66.66666667
nuscenes_mini_subset,scene-1094_004,12,Car,8.65676772,-2.00000000,11,0,0.00000000
nuscenes_mini_subset,scene-1094_004,13,Pedestrian,24.02508687,-2.00000000,6,0,0.00000000
nuscenes_mini_subset,scene-1094_004,15,Car,27.67536469,-2.00000000,5,4,80.00000000
nuscenes_mini_subset,scene-1094_004,16,Car,29.99430854,-2.00000000,68,63,92.64705882
nuscenes_mini_subset,scene-1094_004,19,Bicycle,29.89979342,-2.00000000,6,2,33.33333333
nuscenes_mini_subset,scene-1094_004,0,personal_mobility,9.09417952,-1.00000000,37,37,100.00000000
nuscenes_mini_subset,scene-1094_004,1,Car,24.30286500,-1.00000000,27,27,100.00000000
nuscenes_mini_subset,scene-1094_004,5,Car,8.68514908,-1.00000000,367,367,100.00000000
nuscenes_mini_subset,scene-1094_004,6,Pedestrian,34.56614166,-1.00000000,5,0,0.00000000
nuscenes_mini_subset,scene-1094_004,9,Car,32.34001654,-1.00000000,6,6,100.00000000
nuscenes_mini_subset,scene-1094_004,12,Car,8.65676772,-1.00000000,11,2,18.18181818
nuscenes_mini_subset,scene-1094_004,13,Pedestrian,24.02508687,-1.00000000,6,4,66.66666667
nuscenes_mini_subset,scene-1094_004,15,Car,27.67536469,-1.00000000,5,5,100.00000000
nuscenes_mini_subset,scene-1094_004,16,Car,29.99430854,-1.00000000,68,67,98.52941176
nuscenes_mini_subset,scene-1094_004,19,Bicycle,29.89979342,-1.00000000,6,3,50.00000000
nuscenes_mini_subset,scene-1094_004,0,personal_mobility,9.09417952,-0.50000000,37,37,100.00000000
nuscenes_mini_subset,scene-1094_004,1,Car,24.30286500,-0.50000000,27,27,100.00000000
nuscenes_mini_subset,scene-1094_004,5,Car,8.68514908,-0.50000000,367,367,100.00000000
nuscenes_mini_subset,scene-1094_004,6,Pedestrian,34.56614166,-0.50000000,5,4,80.00000000
nuscenes_mini_subset,scene-1094_004,9,Car,32.34001654,-0.50000000,6,6,100.00000000
nuscenes_mini_subset,scene-1094_004,12,Car,8.65676772,-0.50000000,11,5,45.45454545
nuscenes_mini_subset,scene-1094_004,13,Pedestrian,24.02508687,-0.50000000,6,6,100.00000000
nuscenes_mini_subset,scene-1094_004,15,Car,27.67536469,-0.50000000,5,5,100.00000000
nuscenes_mini_subset,scene-1094_004,16,Car,29.99430854,-0.50000000,68,68,100.00000000
nuscenes_mini_subset,scene-1094_004,19,Bicycle,29.89979342,-0.50000000,6,5,83.33333333
nuscenes_mini_subset,scene-1094_004,0,personal_mobility,9.09417952,0.00000000,37,37,100.00000000
nuscenes_mini_subset,scene-1094_004,1,Car,24.30286500,0.00000000,27,27,100.00000000
nuscenes_mini_subset,scene-1094_004,5,Car,8.68514908,0.00000000,367,367,100.00000000
nuscenes_mini_subset,scene-1094_004,6,Pedestrian,34.56614166,0.00000000,5,5,100.00000000
nuscenes_mini_subset,scene-1094_004,9,Car,32.34001654,0.00000000,6,6,100.00000000
nuscenes_mini_subset,scene-1094_004,12,Car,8.65676772,0.00000000,11,11,100.00000000
nuscenes_mini_subset,scene-1094_004,13,Pedestrian,24.02508687,0.00000000,6,6,100.00000000
nuscenes_mini_subset,scene-1094_004,15,Car,27.67536469,0.00000000,5,5,100.00000000
nuscenes_mini_subset,scene-1094_004,16,Car,29.99430854,0.00000000,68,68,100.00000000
nuscenes_mini_subset,scene-1094_004,19,Bicycle,29.89979342,0.00000000,6,6,100.00000000
nuscenes_mini_subset,scene-1094_004,0,personal_mobility,9.09417952,0.50000000,37,36,97.29729730
nuscenes_mini_subset,scene-1094_004,1,Car,24.30286500,0.50000000,27,26,96.29629630
nuscenes_mini_subset,scene-1094_004,5,Car,8.68514908,0.50000000,367,367,100.00000000
nuscenes_mini_subset,scene-1094_004,6,Pedestrian,34.56614166,0.50000000,5,3,60.00000000
nuscenes_mini_subset,scene-1094_004,9,Car,32.34001654,0.50000000,6,5,83.33333333
nuscenes_mini_subset,scene-1094_004,12,Car,8.65676772,0.50000000,11,9,81.81818182
nuscenes_mini_subset,scene-1094_004,13,Pedestrian,24.02508687,0.50000000,6,6,100.00000000
nuscenes_mini_subset,scene-1094_004,15,Car,27.67536469,0.50000000,5,5,100.00000000
nuscenes_mini_subset,scene-1094_004,16,Car,29.99430854,0.50000000,68,68,100.00000000
nuscenes_mini_subset,scene-1094_004,19,Bicycle,29.89979342,0.50000000,6,6,100.00000000
nuscenes_mini_subset,scene-1094_004,0,personal_mobility,9.09417952,1.00000000,37,36,97.29729730
nuscenes_mini_subset,scene-1094_004,1,Car,24.30286500,1.00000000,27,22,81.48148148
nuscenes_mini_subset,scene-1094_004,5,Car,8.68514908,1.00000000,367,362,98.63760218
nuscenes_mini_subset,scene-1094_004,6,Pedestrian,34.56614166,1.00000000,5,0,0.00000000
nuscenes_mini_subset,scene-1094_004,9,Car,32.34001654,1.00000000,6,3,50.00000000
nuscenes_mini_subset,scene-1094_004,12,Car,8.65676772,1.00000000,11,5,45.45454545
nuscenes_mini_subset,scene-1094_004,13,Pedestrian,24.02508687,1.00000000,6,4,66.66666667
nuscenes_mini_subset,scene-1094_004,15,Car,27.67536469,1.00000000,5,5,100.00000000
nuscenes_mini_subset,scene-1094_004,16,Car,29.99430854,1.00000000,68,66,97.05882353
nuscenes_mini_subset,scene-1094_004,19,Bicycle,29.89979342,1.00000000,6,5,83.33333333
nuscenes_mini_subset,scene-1094_004,0,personal_mobility,9.09417952,2.00000000,37,36,97.29729730
nuscenes_mini_subset,scene-1094_004,1,Car,24.30286500,2.00000000,27,21,77.77777778
nuscenes_mini_subset,scene-1094_004,5,Car,8.68514908,2.00000000,367,347,94.55040872
nuscenes_mini_subset,scene-1094_004,6,Pedestrian,34.56614166,2.00000000,5,0,0.00000000
nuscenes_mini_subset,scene-1094_004,9,Car,32.34001654,2.00000000,6,1,16.66666667
nuscenes_mini_subset,scene-1094_004,12,Car,8.65676772,2.00000000,11,0,0.00000000
nuscenes_mini_subset,scene-1094_004,13,Pedestrian,24.02508687,2.00000000,6,0,0.00000000
nuscenes_mini_subset,scene-1094_004,15,Car,27.67536469,2.00000000,5,5,100.00000000
nuscenes_mini_subset,scene-1094_004,16,Car,29.99430854,2.00000000,68,63,92.64705882
nuscenes_mini_subset,scene-1094_004,19,Bicycle,29.89979342,2.00000000,6,3,50.00000000
nuscenes_mini_subset,scene-1094_004,0,personal_mobility,9.09417952,3.00000000,37,36,97.29729730
nuscenes_mini_subset,scene-1094_004,1,Car,24.30286500,3.00000000,27,21,77.77777778
nuscenes_mini_subset,scene-1094_004,5,Car,8.68514908,3.00000000,367,322,87.73841962
nuscenes_mini_subset,scene-1094_004,6,Pedestrian,34.56614166,3.00000000,5,0,0.00000000
nuscenes_mini_subset,scene-1094_004,9,Car,32.34001654,3.00000000,6,0,0.00000000
nuscenes_mini_subset,scene-1094_004,12,Car,8.65676772,3.00000000,11,0,0.00000000
nuscenes_mini_subset,scene-1094_004,13,Pedestrian,24.02508687,3.00000000,6,0,0.00000000
nuscenes_mini_subset,scene-1094_004,15,Car,27.67536469,3.00000000,5,5,100.00000000
nuscenes_mini_subset,scene-1094_004,16,Car,29.99430854,3.00000000,68,60,88.23529412
nuscenes_mini_subset,scene-1094_004,19,Bicycle,29.89979342,3.00000000,6,1,16.66666667
nuscenes_mini_subset,scene-1094_005,0,personal_mobility,8.59356419,-3.00000000,50,27,54.00000000
nuscenes_mini_subset,scene-1094_005,1,Car,23.64110128,-3.00000000,30,19,63.33333333
nuscenes_mini_subset,scene-1094_005,5,Car,8.70088669,-3.00000000,379,348,91.82058047
nuscenes_mini_subset,scene-1094_005,6,Pedestrian,33.42983274,-3.00000000,5,0,0.00000000
nuscenes_mini_subset,scene-1094_005,13,Pedestrian,23.62582295,-3.00000000,6,0,0.00000000
nuscenes_mini_subset,scene-1094_005,15,Car,26.99890419,-3.00000000,15,6,40.00000000
nuscenes_mini_subset,scene-1094_005,16,Car,29.30068806,-3.00000000,74,64,86.48648649
nuscenes_mini_subset,scene-1094_005,19,Bicycle,29.16439856,-3.00000000,6,0,0.00000000
nuscenes_mini_subset,scene-1094_005,0,personal_mobility,8.59356419,-2.00000000,50,40,80.00000000
nuscenes_mini_subset,scene-1094_005,1,Car,23.64110128,-2.00000000,30,26,86.66666667
nuscenes_mini_subset,scene-1094_005,5,Car,8.70088669,-2.00000000,379,366,96.56992084
nuscenes_mini_subset,scene-1094_005,6,Pedestrian,33.42983274,-2.00000000,5,0,0.00000000
nuscenes_mini_subset,scene-1094_005,13,Pedestrian,23.62582295,-2.00000000,6,0,0.00000000
nuscenes_mini_subset,scene-1094_005,15,Car,26.99890419,-2.00000000,15,12,80.00000000
nuscenes_mini_subset,scene-1094_005,16,Car,29.30068806,-2.00000000,74,69,93.24324324
nuscenes_mini_subset,scene-1094_005,19,Bicycle,29.16439856,-2.00000000,6,2,33.33333333
nuscenes_mini_subset,scene-1094_005,0,personal_mobility,8.59356419,-1.00000000,50,49,98.00000000
nuscenes_mini_subset,scene-1094_005,1,Car,23.64110128,-1.00000000,30,30,100.00000000
nuscenes_mini_subset,scene-1094_005,5,Car,8.70088669,-1.00000000,379,379,100.00000000
nuscenes_mini_subset,scene-1094_005,6,Pedestrian,33.42983274,-1.00000000,5,2,40.00000000
nuscenes_mini_subset,scene-1094_005,13,Pedestrian,23.62582295,-1.00000000,6,4,66.66666667
nuscenes_mini_subset,scene-1094_005,15,Car,26.99890419,-1.00000000,15,15,100.00000000
nuscenes_mini_subset,scene-1094_005,16,Car,29.30068806,-1.00000000,74,73,98.64864865
nuscenes_mini_subset,scene-1094_005,19,Bicycle,29.16439856,-1.00000000,6,5,83.33333333
nuscenes_mini_subset,scene-1094_005,0,personal_mobility,8.59356419,-0.50000000,50,50,100.00000000
nuscenes_mini_subset,scene-1094_005,1,Car,23.64110128,-0.50000000,30,30,100.00000000
nuscenes_mini_subset,scene-1094_005,5,Car,8.70088669,-0.50000000,379,379,100.00000000
nuscenes_mini_subset,scene-1094_005,6,Pedestrian,33.42983274,-0.50000000,5,4,80.00000000
nuscenes_mini_subset,scene-1094_005,13,Pedestrian,23.62582295,-0.50000000,6,6,100.00000000
nuscenes_mini_subset,scene-1094_005,15,Car,26.99890419,-0.50000000,15,15,100.00000000
nuscenes_mini_subset,scene-1094_005,16,Car,29.30068806,-0.50000000,74,74,100.00000000
nuscenes_mini_subset,scene-1094_005,19,Bicycle,29.16439856,-0.50000000,6,6,100.00000000
nuscenes_mini_subset,scene-1094_005,0,personal_mobility,8.59356419,0.00000000,50,50,100.00000000
nuscenes_mini_subset,scene-1094_005,1,Car,23.64110128,0.00000000,30,30,100.00000000
nuscenes_mini_subset,scene-1094_005,5,Car,8.70088669,0.00000000,379,379,100.00000000
nuscenes_mini_subset,scene-1094_005,6,Pedestrian,33.42983274,0.00000000,5,5,100.00000000
nuscenes_mini_subset,scene-1094_005,13,Pedestrian,23.62582295,0.00000000,6,6,100.00000000
nuscenes_mini_subset,scene-1094_005,15,Car,26.99890419,0.00000000,15,15,100.00000000
nuscenes_mini_subset,scene-1094_005,16,Car,29.30068806,0.00000000,74,74,100.00000000
nuscenes_mini_subset,scene-1094_005,19,Bicycle,29.16439856,0.00000000,6,6,100.00000000
nuscenes_mini_subset,scene-1094_005,0,personal_mobility,8.59356419,0.50000000,50,45,90.00000000
nuscenes_mini_subset,scene-1094_005,1,Car,23.64110128,0.50000000,30,30,100.00000000
nuscenes_mini_subset,scene-1094_005,5,Car,8.70088669,0.50000000,379,377,99.47229551
nuscenes_mini_subset,scene-1094_005,6,Pedestrian,33.42983274,0.50000000,5,3,60.00000000
nuscenes_mini_subset,scene-1094_005,13,Pedestrian,23.62582295,0.50000000,6,6,100.00000000
nuscenes_mini_subset,scene-1094_005,15,Car,26.99890419,0.50000000,15,15,100.00000000
nuscenes_mini_subset,scene-1094_005,16,Car,29.30068806,0.50000000,74,74,100.00000000
nuscenes_mini_subset,scene-1094_005,19,Bicycle,29.16439856,0.50000000,6,6,100.00000000
nuscenes_mini_subset,scene-1094_005,0,personal_mobility,8.59356419,1.00000000,50,38,76.00000000
nuscenes_mini_subset,scene-1094_005,1,Car,23.64110128,1.00000000,30,30,100.00000000
nuscenes_mini_subset,scene-1094_005,5,Car,8.70088669,1.00000000,379,370,97.62532982
nuscenes_mini_subset,scene-1094_005,6,Pedestrian,33.42983274,1.00000000,5,0,0.00000000
nuscenes_mini_subset,scene-1094_005,13,Pedestrian,23.62582295,1.00000000,6,3,50.00000000
nuscenes_mini_subset,scene-1094_005,15,Car,26.99890419,1.00000000,15,15,100.00000000
nuscenes_mini_subset,scene-1094_005,16,Car,29.30068806,1.00000000,74,73,98.64864865
nuscenes_mini_subset,scene-1094_005,19,Bicycle,29.16439856,1.00000000,6,5,83.33333333
nuscenes_mini_subset,scene-1094_005,0,personal_mobility,8.59356419,2.00000000,50,20,40.00000000
nuscenes_mini_subset,scene-1094_005,1,Car,23.64110128,2.00000000,30,30,100.00000000
nuscenes_mini_subset,scene-1094_005,5,Car,8.70088669,2.00000000,379,352,92.87598945
nuscenes_mini_subset,scene-1094_005,6,Pedestrian,33.42983274,2.00000000,5,0,0.00000000
nuscenes_mini_subset,scene-1094_005,13,Pedestrian,23.62582295,2.00000000,6,0,0.00000000
nuscenes_mini_subset,scene-1094_005,15,Car,26.99890419,2.00000000,15,15,100.00000000
nuscenes_mini_subset,scene-1094_005,16,Car,29.30068806,2.00000000,74,70,94.59459459
nuscenes_mini_subset,scene-1094_005,19,Bicycle,29.16439856,2.00000000,6,2,33.33333333
nuscenes_mini_subset,scene-1094_005,0,personal_mobility,8.59356419,3.00000000,50,9,18.00000000
nuscenes_mini_subset,scene-1094_005,1,Car,23.64110128,3.00000000,30,30,100.00000000
nuscenes_mini_subset,scene-1094_005,5,Car,8.70088669,3.00000000,379,332,87.59894459
nuscenes_mini_subset,scene-1094_005,6,Pedestrian,33.42983274,3.00000000,5,0,0.00000000
nuscenes_mini_subset,scene-1094_005,13,Pedestrian,23.62582295,3.00000000,6,0,0.00000000
nuscenes_mini_subset,scene-1094_005,15,Car,26.99890419,3.00000000,15,15,100.00000000
nuscenes_mini_subset,scene-1094_005,16,Car,29.30068806,3.00000000,74,65,87.83783784
nuscenes_mini_subset,scene-1094_005,19,Bicycle,29.16439856,3.00000000,6,0,0.00000000
nuscenes_mini_subset,scene-1094_006,1,Car,22.74769011,-3.00000000,50,36,72.00000000
nuscenes_mini_subset,scene-1094_006,5,Car,8.51200641,-3.00000000,415,384,92.53012048
nuscenes_mini_subset,scene-1094_006,6,Pedestrian,32.00803566,-3.00000000,5,0,0.00000000
nuscenes_mini_subset,scene-1094_006,11,Pedestrian,25.84153161,-3.00000000,6,0,0.00000000
nuscenes_mini_subset,scene-1094_006,12,Pedestrian,23.17742977,-3.00000000,6,0,0.00000000
nuscenes_mini_subset,scene-1094_006,14,Car,26.08193883,-3.00000000,10,5,50.00000000
nuscenes_mini_subset,scene-1094_006,15,Car,28.35857865,-3.00000000,64,57,89.06250000
nuscenes_mini_subset,scene-1094_006,18,Bicycle,28.16139974,-3.00000000,11,1,9.09090909
nuscenes_mini_subset,scene-1094_006,1,Car,22.74769011,-2.00000000,50,46,92.00000000
nuscenes_mini_subset,scene-1094_006,5,Car,8.51200641,-2.00000000,415,406,97.83132530
nuscenes_mini_subset,scene-1094_006,6,Pedestrian,32.00803566,-2.00000000,5,0,0.00000000
nuscenes_mini_subset,scene-1094_006,11,Pedestrian,25.84153161,-2.00000000,6,0,0.00000000
nuscenes_mini_subset,scene-1094_006,12,Pedestrian,23.17742977,-2.00000000,6,0,0.00000000
nuscenes_mini_subset,scene-1094_006,14,Car,26.08193883,-2.00000000,10,8,80.00000000
nuscenes_mini_subset,scene-1094_006,15,Car,28.35857865,-2.00000000,64,62,96.87500000
nuscenes_mini_subset,scene-1094_006,18,Bicycle,28.16139974,-2.00000000,11,4,36.36363636
nuscenes_mini_subset,scene-1094_006,1,Car,22.74769011,-1.00000000,50,50,100.00000000
nuscenes_mini_subset,scene-1094_006,5,Car,8.51200641,-1.00000000,415,415,100.00000000
nuscenes_mini_subset,scene-1094_006,6,Pedestrian,32.00803566,-1.00000000,5,0,0.00000000
nuscenes_mini_subset,scene-1094_006,11,Pedestrian,25.84153161,-1.00000000,6,2,33.33333333
nuscenes_mini_subset,scene-1094_006,12,Pedestrian,23.17742977,-1.00000000,6,3,50.00000000
nuscenes_mini_subset,scene-1094_006,14,Car,26.08193883,-1.00000000,10,10,100.00000000
nuscenes_mini_subset,scene-1094_006,15,Car,28.35857865,-1.00000000,64,64,100.00000000
nuscenes_mini_subset,scene-1094_006,18,Bicycle,28.16139974,-1.00000000,11,6,54.54545455
nuscenes_mini_subset,scene-1094_006,1,Car,22.74769011,-0.50000000,50,50,100.00000000
nuscenes_mini_subset,scene-1094_006,5,Car,8.51200641,-0.50000000,415,415,100.00000000
nuscenes_mini_subset,scene-1094_006,6,Pedestrian,32.00803566,-0.50000000,5,4,80.00000000
nuscenes_mini_subset,scene-1094_006,11,Pedestrian,25.84153161,-0.50000000,6,6,100.00000000
nuscenes_mini_subset,scene-1094_006,12,Pedestrian,23.17742977,-0.50000000,6,6,100.00000000
nuscenes_mini_subset,scene-1094_006,14,Car,26.08193883,-0.50000000,10,10,100.00000000
nuscenes_mini_subset,scene-1094_006,15,Car,28.35857865,-0.50000000,64,64,100.00000000
nuscenes_mini_subset,scene-1094_006,18,Bicycle,28.16139974,-0.50000000,11,10,90.90909091
nuscenes_mini_subset,scene-1094_006,1,Car,22.74769011,0.00000000,50,50,100.00000000
nuscenes_mini_subset,scene-1094_006,5,Car,8.51200641,0.00000000,415,415,100.00000000
nuscenes_mini_subset,scene-1094_006,6,Pedestrian,32.00803566,0.00000000,5,5,100.00000000
nuscenes_mini_subset,scene-1094_006,11,Pedestrian,25.84153161,0.00000000,6,6,100.00000000
nuscenes_mini_subset,scene-1094_006,12,Pedestrian,23.17742977,0.00000000,6,6,100.00000000
nuscenes_mini_subset,scene-1094_006,14,Car,26.08193883,0.00000000,10,10,100.00000000
nuscenes_mini_subset,scene-1094_006,15,Car,28.35857865,0.00000000,64,64,100.00000000
nuscenes_mini_subset,scene-1094_006,18,Bicycle,28.16139974,0.00000000,11,11,100.00000000
nuscenes_mini_subset,scene-1094_006,1,Car,22.74769011,0.50000000,50,50,100.00000000
nuscenes_mini_subset,scene-1094_006,5,Car,8.51200641,0.50000000,415,413,99.51807229
nuscenes_mini_subset,scene-1094_006,6,Pedestrian,32.00803566,0.50000000,5,3,60.00000000
nuscenes_mini_subset,scene-1094_006,11,Pedestrian,25.84153161,0.50000000,6,6,100.00000000
nuscenes_mini_subset,scene-1094_006,12,Pedestrian,23.17742977,0.50000000,6,6,100.00000000
nuscenes_mini_subset,scene-1094_006,14,Car,26.08193883,0.50000000,10,10,100.00000000
nuscenes_mini_subset,scene-1094_006,15,Car,28.35857865,0.50000000,64,64,100.00000000
nuscenes_mini_subset,scene-1094_006,18,Bicycle,28.16139974,0.50000000,11,10,90.90909091
nuscenes_mini_subset,scene-1094_006,1,Car,22.74769011,1.00000000,50,49,98.00000000
nuscenes_mini_subset,scene-1094_006,5,Car,8.51200641,1.00000000,415,407,98.07228916
nuscenes_mini_subset,scene-1094_006,6,Pedestrian,32.00803566,1.00000000,5,1,20.00000000
nuscenes_mini_subset,scene-1094_006,11,Pedestrian,25.84153161,1.00000000,6,2,33.33333333
nuscenes_mini_subset,scene-1094_006,12,Pedestrian,23.17742977,1.00000000,6,4,66.66666667
nuscenes_mini_subset,scene-1094_006,14,Car,26.08193883,1.00000000,10,10,100.00000000
nuscenes_mini_subset,scene-1094_006,15,Car,28.35857865,1.00000000,64,63,98.43750000
nuscenes_mini_subset,scene-1094_006,18,Bicycle,28.16139974,1.00000000,11,9,81.81818182
nuscenes_mini_subset,scene-1094_006,1,Car,22.74769011,2.00000000,50,43,86.00000000
nuscenes_mini_subset,scene-1094_006,5,Car,8.51200641,2.00000000,415,391,94.21686747
nuscenes_mini_subset,scene-1094_006,6,Pedestrian,32.00803566,2.00000000,5,0,0.00000000
nuscenes_mini_subset,scene-1094_006,11,Pedestrian,25.84153161,2.00000000,6,0,0.00000000
nuscenes_mini_subset,scene-1094_006,12,Pedestrian,23.17742977,2.00000000,6,0,0.00000000
nuscenes_mini_subset,scene-1094_006,14,Car,26.08193883,2.00000000,10,10,100.00000000
nuscenes_mini_subset,scene-1094_006,15,Car,28.35857865,2.00000000,64,61,95.31250000
nuscenes_mini_subset,scene-1094_006,18,Bicycle,28.16139974,2.00000000,11,7,63.63636364
nuscenes_mini_subset,scene-1094_006,1,Car,22.74769011,3.00000000,50,35,70.00000000
nuscenes_mini_subset,scene-1094_006,5,Car,8.51200641,3.00000000,415,370,89.15662651
nuscenes_mini_subset,scene-1094_006,6,Pedestrian,32.00803566,3.00000000,5,0,0.00000000
nuscenes_mini_subset,scene-1094_006,11,Pedestrian,25.84153161,3.00000000,6,0,0.00000000
nuscenes_mini_subset,scene-1094_006,12,Pedestrian,23.17742977,3.00000000,6,0,0.00000000
nuscenes_mini_subset,scene-1094_006,14,Car,26.08193883,3.00000000,10,10,100.00000000
nuscenes_mini_subset,scene-1094_006,15,Car,28.35857865,3.00000000,64,58,90.62500000
nuscenes_mini_subset,scene-1094_006,18,Bicycle,28.16139974,3.00000000,11,3,27.27272727
nuscenes_mini_subset,scene-1094_007,0,Car,21.61301616,-3.00000000,48,32,66.66666667
nuscenes_mini_subset,scene-1094_007,2,Pedestrian,24.66579740,-3.00000000,6,0,0.00000000
nuscenes_mini_subset,scene-1094_007,4,Car,8.24289285,-3.00000000,462,427,92.42424242
nuscenes_mini_subset,scene-1094_007,9,Car,30.60788348,-3.00000000,9,4,44.44444444
nuscenes_mini_subset,scene-1094_007,11,Pedestrian,22.47183137,-3.00000000,9,0,0.00000000
nuscenes_mini_subset,scene-1094_007,12,Car,24.91136184,-3.00000000,6,5,83.33333333
nuscenes_mini_subset,scene-1094_007,13,Car,27.15389500,-3.00000000,62,61,98.38709677
nuscenes_mini_subset,scene-1094_007,15,Pedestrian,21.00834703,-3.00000000,7,0,0.00000000
nuscenes_mini_subset,scene-1094_007,0,Car,21.61301616,-2.00000000,48,40,83.33333333
nuscenes_mini_subset,scene-1094_007,2,Pedestrian,24.66579740,-2.00000000,6,0,0.00000000
nuscenes_mini_subset,scene-1094_007,4,Car,8.24289285,-2.00000000,462,449,97.18614719
nuscenes_mini_subset,scene-1094_007,9,Car,30.60788348,-2.00000000,9,6,66.66666667
nuscenes_mini_subset,scene-1094_007,11,Pedestrian,22.47183137,-2.00000000,9,0,0.00000000
nuscenes_mini_subset,scene-1094_007,12,Car,24.91136184,-2.00000000,6,6,100.00000000
nuscenes_mini_subset,scene-1094_007,13,Car,27.15389500,-2.00000000,62,62,100.00000000
nuscenes_mini_subset,scene-1094_007,15,Pedestrian,21.00834703,-2.00000000,7,0,0.00000000
nuscenes_mini_subset,scene-1094_007,0,Car,21.61301616,-1.00000000,48,47,97.91666667
nuscenes_mini_subset,scene-1094_007,2,Pedestrian,24.66579740,-1.00000000,6,1,16.66666667
nuscenes_mini_subset,scene-1094_007,4,Car,8.24289285,-1.00000000,462,462,100.00000000
nuscenes_mini_subset,scene-1094_007,9,Car,30.60788348,-1.00000000,9,8,88.88888889
nuscenes_mini_subset,scene-1094_007,11,Pedestrian,22.47183137,-1.00000000,9,7,77.77777778
nuscenes_mini_subset,scene-1094_007,12,Car,24.91136184,-1.00000000,6,6,100.00000000
nuscenes_mini_subset,scene-1094_007,13,Car,27.15389500,-1.00000000,62,62,100.00000000
nuscenes_mini_subset,scene-1094_007,15,Pedestrian,21.00834703,-1.00000000,7,2,28.57142857
nuscenes_mini_subset,scene-1094_007,0,Car,21.61301616,-0.50000000,48,48,100.00000000
nuscenes_mini_subset,scene-1094_007,2,Pedestrian,24.66579740,-0.50000000,6,6,100.00000000
nuscenes_mini_subset,scene-1094_007,4,Car,8.24289285,-0.50000000,462,462,100.00000000
nuscenes_mini_subset,scene-1094_007,9,Car,30.60788348,-0.50000000,9,9,100.00000000
nuscenes_mini_subset,scene-1094_007,11,Pedestrian,22.47183137,-0.50000000,9,9,100.00000000
nuscenes_mini_subset,scene-1094_007,12,Car,24.91136184,-0.50000000,6,6,100.00000000
nuscenes_mini_subset,scene-1094_007,13,Car,27.15389500,-0.50000000,62,62,100.00000000
nuscenes_mini_subset,scene-1094_007,15,Pedestrian,21.00834703,-0.50000000,7,7,100.00000000
nuscenes_mini_subset,scene-1094_007,0,Car,21.61301616,0.00000000,48,48,100.00000000
nuscenes_mini_subset,scene-1094_007,2,Pedestrian,24.66579740,0.00000000,6,6,100.00000000
nuscenes_mini_subset,scene-1094_007,4,Car,8.24289285,0.00000000,462,462,100.00000000
nuscenes_mini_subset,scene-1094_007,9,Car,30.60788348,0.00000000,9,9,100.00000000
nuscenes_mini_subset,scene-1094_007,11,Pedestrian,22.47183137,0.00000000,9,9,100.00000000
nuscenes_mini_subset,scene-1094_007,12,Car,24.91136184,0.00000000,6,6,100.00000000
nuscenes_mini_subset,scene-1094_007,13,Car,27.15389500,0.00000000,62,62,100.00000000
nuscenes_mini_subset,scene-1094_007,15,Pedestrian,21.00834703,0.00000000,7,7,100.00000000
nuscenes_mini_subset,scene-1094_007,0,Car,21.61301616,0.50000000,48,44,91.66666667
nuscenes_mini_subset,scene-1094_007,2,Pedestrian,24.66579740,0.50000000,6,6,100.00000000
nuscenes_mini_subset,scene-1094_007,4,Car,8.24289285,0.50000000,462,460,99.56709957
nuscenes_mini_subset,scene-1094_007,9,Car,30.60788348,0.50000000,9,9,100.00000000
nuscenes_mini_subset,scene-1094_007,11,Pedestrian,22.47183137,0.50000000,9,9,100.00000000
nuscenes_mini_subset,scene-1094_007,12,Car,24.91136184,0.50000000,6,6,100.00000000
nuscenes_mini_subset,scene-1094_007,13,Car,27.15389500,0.50000000,62,62,100.00000000
nuscenes_mini_subset,scene-1094_007,15,Pedestrian,21.00834703,0.50000000,7,7,100.00000000
nuscenes_mini_subset,scene-1094_007,0,Car,21.61301616,1.00000000,48,38,79.16666667
nuscenes_mini_subset,scene-1094_007,2,Pedestrian,24.66579740,1.00000000,6,5,83.33333333
nuscenes_mini_subset,scene-1094_007,4,Car,8.24289285,1.00000000,462,454,98.26839827
nuscenes_mini_subset,scene-1094_007,9,Car,30.60788348,1.00000000,9,9,100.00000000
nuscenes_mini_subset,scene-1094_007,11,Pedestrian,22.47183137,1.00000000,9,5,55.55555556
nuscenes_mini_subset,scene-1094_007,12,Car,24.91136184,1.00000000,6,6,100.00000000
nuscenes_mini_subset,scene-1094_007,13,Car,27.15389500,1.00000000,62,59,95.16129032
nuscenes_mini_subset,scene-1094_007,15,Pedestrian,21.00834703,1.00000000,7,2,28.57142857
nuscenes_mini_subset,scene-1094_007,0,Car,21.61301616,2.00000000,48,31,64.58333333
nuscenes_mini_subset,scene-1094_007,2,Pedestrian,24.66579740,2.00000000,6,0,0.00000000
nuscenes_mini_subset,scene-1094_007,4,Car,8.24289285,2.00000000,462,434,93.93939394
nuscenes_mini_subset,scene-1094_007,9,Car,30.60788348,2.00000000,9,9,100.00000000
nuscenes_mini_subset,scene-1094_007,11,Pedestrian,22.47183137,2.00000000,9,0,0.00000000
nuscenes_mini_subset,scene-1094_007,12,Car,24.91136184,2.00000000,6,6,100.00000000
nuscenes_mini_subset,scene-1094_007,13,Car,27.15389500,2.00000000,62,53,85.48387097
nuscenes_mini_subset,scene-1094_007,15,Pedestrian,21.00834703,2.00000000,7,0,0.00000000
nuscenes_mini_subset,scene-1094_007,0,Car,21.61301616,3.00000000,48,25,52.08333333
nuscenes_mini_subset,scene-1094_007,2,Pedestrian,24.66579740,3.00000000,6,0,0.00000000
nuscenes_mini_subset,scene-1094_007,4,Car,8.24289285,3.00000000,462,414,89.61038961
nuscenes_mini_subset,scene-1094_007,9,Car,30.60788348,3.00000000,9,8,88.88888889
nuscenes_mini_subset,scene-1094_007,11,Pedestrian,22.47183137,3.00000000,9,0,0.00000000
nuscenes_mini_subset,scene-1094_007,12,Car,24.91136184,3.00000000,6,6,100.00000000
nuscenes_mini_subset,scene-1094_007,13,Car,27.15389500,3.00000000,62,47,75.80645161
nuscenes_mini_subset,scene-1094_007,15,Pedestrian,21.00834703,3.00000000,7,0,0.00000000
nuscenes_mini_subset,scene-1094_008,0,Car,20.50119041,-3.00000000,31,26,83.87096774
nuscenes_mini_subset,scene-1094_008,1,Pedestrian,20.25364185,-3.00000000,8,0,0.00000000
nuscenes_mini_subset,scene-1094_008,4,Car,8.12341366,-3.00000000,481,464,96.46569647
nuscenes_mini_subset,scene-1094_008,8,Car,29.23380287,-3.00000000,18,17,94.44444444
nuscenes_mini_subset,scene-1094_008,10,Pedestrian,21.54888822,-3.00000000,6,0,0.00000000
nuscenes_mini_subset,scene-1094_008,12,Car,25.89270613,-3.00000000,62,57,91.93548387
nuscenes_mini_subset,scene-1094_008,13,Pedestrian,12.39510333,-3.00000000,20,6,30.00000000
nuscenes_mini_subset,scene-1094_008,14,Pedestrian,20.25644131,-3.00000000,7,0,0.00000000
nuscenes_mini_subset,scene-1094_008,0,Car,20.50119041,-2.00000000,31,31,100.00000000
nuscenes_mini_subset,scene-1094_008,1,Pedestrian,20.25364185,-2.00000000,8,0,0.00000000
nuscenes_mini_subset,scene-1094_008,4,Car,8.12341366,-2.00000000,481,479,99.58419958
nuscenes_mini_subset,scene-1094_008,8,Car,29.23380287,-2.00000000,18,17,94.44444444
nuscenes_mini_subset,scene-1094_008,10,Pedestrian,21.54888822,-2.00000000,6,0,0.00000000
nuscenes_mini_subset,scene-1094_008,12,Car,25.89270613,-2.00000000,62,60,96.77419355
nuscenes_mini_subset,scene-1094_008,13,Pedestrian,12.39510333,-2.00000000,20,17,85.00000000
nuscenes_mini_subset,scene-1094_008,14,Pedestrian,20.25644131,-2.00000000,7,0,0.00000000
nuscenes_mini_subset,scene-1094_008,0,Car,20.50119041,-1.00000000,31,31,100.00000000
nuscenes_mini_subset,scene-1094_008,1,Pedestrian,20.25364185,-1.00000000,8,2,25.00000000
nuscenes_mini_subset,scene-1094_008,4,Car,8.12341366,-1.00000000,481,481,100.00000000
nuscenes_mini_subset,scene-1094_008,8,Car,29.23380287,-1.00000000,18,18,100.00000000
nuscenes_mini_subset,scene-1094_008,10,Pedestrian,21.54888822,-1.00000000,6,6,100.00000000
nuscenes_mini_subset,scene-1094_008,12,Car,25.89270613,-1.00000000,62,62,100.00000000
nuscenes_mini_subset,scene-1094_008,13,Pedestrian,12.39510333,-1.00000000,20,20,100.00000000
nuscenes_mini_subset,scene-1094_008,14,Pedestrian,20.25644131,-1.00000000,7,1,14.28571429
nuscenes_mini_subset,scene-1094_008,0,Car,20.50119041,-0.50000000,31,31,100.00000000
nuscenes_mini_subset,scene-1094_008,1,Pedestrian,20.25364185,-0.50000000,8,6,75.00000000
nuscenes_mini_subset,scene-1094_008,4,Car,8.12341366,-0.50000000,481,481,100.00000000
nuscenes_mini_subset,scene-1094_008,8,Car,29.23380287,-0.50000000,18,18,100.00000000
nuscenes_mini_subset,scene-1094_008,10,Pedestrian,21.54888822,-0.50000000,6,6,100.00000000
nuscenes_mini_subset,scene-1094_008,12,Car,25.89270613,-0.50000000,62,62,100.00000000
nuscenes_mini_subset,scene-1094_008,13,Pedestrian,12.39510333,-0.50000000,20,20,100.00000000
nuscenes_mini_subset,scene-1094_008,14,Pedestrian,20.25644131,-0.50000000,7,6,85.71428571
nuscenes_mini_subset,scene-1094_008,0,Car,20.50119041,0.00000000,31,31,100.00000000
nuscenes_mini_subset,scene-1094_008,1,Pedestrian,20.25364185,0.00000000,8,8,100.00000000
nuscenes_mini_subset,scene-1094_008,4,Car,8.12341366,0.00000000,481,481,100.00000000
nuscenes_mini_subset,scene-1094_008,8,Car,29.23380287,0.00000000,18,18,100.00000000
nuscenes_mini_subset,scene-1094_008,10,Pedestrian,21.54888822,0.00000000,6,6,100.00000000
nuscenes_mini_subset,scene-1094_008,12,Car,25.89270613,0.00000000,62,62,100.00000000
nuscenes_mini_subset,scene-1094_008,13,Pedestrian,12.39510333,0.00000000,20,20,100.00000000
nuscenes_mini_subset,scene-1094_008,14,Pedestrian,20.25644131,0.00000000,7,7,100.00000000
nuscenes_mini_subset,scene-1094_008,0,Car,20.50119041,0.50000000,31,26,83.87096774
nuscenes_mini_subset,scene-1094_008,1,Pedestrian,20.25364185,0.50000000,8,7,87.50000000
nuscenes_mini_subset,scene-1094_008,4,Car,8.12341366,0.50000000,481,480,99.79209979
nuscenes_mini_subset,scene-1094_008,8,Car,29.23380287,0.50000000,18,18,100.00000000
nuscenes_mini_subset,scene-1094_008,10,Pedestrian,21.54888822,0.50000000,6,6,100.00000000
nuscenes_mini_subset,scene-1094_008,12,Car,25.89270613,0.50000000,62,62,100.00000000
nuscenes_mini_subset,scene-1094_008,13,Pedestrian,12.39510333,0.50000000,20,20,100.00000000
nuscenes_mini_subset,scene-1094_008,14,Pedestrian,20.25644131,0.50000000,7,6,85.71428571
nuscenes_mini_subset,scene-1094_008,0,Car,20.50119041,1.00000000,31,23,74.19354839
nuscenes_mini_subset,scene-1094_008,1,Pedestrian,20.25364185,1.00000000,8,6,75.00000000
nuscenes_mini_subset,scene-1094_008,4,Car,8.12341366,1.00000000,481,474,98.54469854
nuscenes_mini_subset,scene-1094_008,8,Car,29.23380287,1.00000000,18,16,88.88888889
nuscenes_mini_subset,scene-1094_008,10,Pedestrian,21.54888822,1.00000000,6,4,66.66666667
nuscenes_mini_subset,scene-1094_008,12,Car,25.89270613,1.00000000,62,61,98.38709677
nuscenes_mini_subset,scene-1094_008,13,Pedestrian,12.39510333,1.00000000,20,20,100.00000000
nuscenes_mini_subset,scene-1094_008,14,Pedestrian,20.25644131,1.00000000,7,3,42.85714286
nuscenes_mini_subset,scene-1094_008,0,Car,20.50119041,2.00000000,31,14,45.16129032
nuscenes_mini_subset,scene-1094_008,1,Pedestrian,20.25364185,2.00000000,8,0,0.00000000
nuscenes_mini_subset,scene-1094_008,4,Car,8.12341366,2.00000000,481,455,94.59459459
nuscenes_mini_subset,scene-1094_008,8,Car,29.23380287,2.00000000,18,11,61.11111111
nuscenes_mini_subset,scene-1094_008,10,Pedestrian,21.54888822,2.00000000,6,0,0.00000000
nuscenes_mini_subset,scene-1094_008,12,Car,25.89270613,2.00000000,62,58,93.54838710
nuscenes_mini_subset,scene-1094_008,13,Pedestrian,12.39510333,2.00000000,20,18,90.00000000
nuscenes_mini_subset,scene-1094_008,14,Pedestrian,20.25644131,2.00000000,7,0,0.00000000
nuscenes_mini_subset,scene-1094_008,0,Car,20.50119041,3.00000000,31,7,22.58064516
nuscenes_mini_subset,scene-1094_008,1,Pedestrian,20.25364185,3.00000000,8,0,0.00000000
nuscenes_mini_subset,scene-1094_008,4,Car,8.12341366,3.00000000,481,436,90.64449064
nuscenes_mini_subset,scene-1094_008,8,Car,29.23380287,3.00000000,18,6,33.33333333
nuscenes_mini_subset,scene-1094_008,10,Pedestrian,21.54888822,3.00000000,6,0,0.00000000
nuscenes_mini_subset,scene-1094_008,12,Car,25.89270613,3.00000000,62,52,83.87096774
nuscenes_mini_subset,scene-1094_008,13,Pedestrian,12.39510333,3.00000000,20,8,40.00000000
nuscenes_mini_subset,scene-1094_008,14,Pedestrian,20.25644131,3.00000000,7,0,0.00000000
nuscenes_mini_subset,scene-1094_009,1,Pedestrian,19.47217596,-3.00000000,6,0,0.00000000
nuscenes_mini_subset,scene-1094_009,4,Car,8.31153201,-3.00000000,300,262,87.33333333
nuscenes_mini_subset,scene-1094_009,5,Pedestrian,27.16020379,-3.00000000,6,0,0.00000000
nuscenes_mini_subset,scene-1094_009,7,Pedestrian,26.17605061,-3.00000000,5,0,0.00000000
nuscenes_mini_subset,scene-1094_009,9,Car,27.83335152,-3.00000000,11,11,100.00000000
nuscenes_mini_subset,scene-1094_009,11,Pedestrian,20.64716166,-3.00000000,7,0,0.00000000
nuscenes_mini_subset,scene-1094_009,13,Car,24.61037450,-3.00000000,84,71,84.52380952
nuscenes_mini_subset,scene-1094_009,14,Pedestrian,11.36973408,-3.00000000,26,17,65.38461538
nuscenes_mini_subset,scene-1094_009,15,Pedestrian,19.52732335,-3.00000000,9,0,0.00000000
nuscenes_mini_subset,scene-1094_009,1,Pedestrian,19.47217596,-2.00000000,6,0,0.00000000
nuscenes_mini_subset,scene-1094_009,4,Car,8.31153201,-2.00000000,300,282,94.00000000
nuscenes_mini_subset,scene-1094_009,5,Pedestrian,27.16020379,-2.00000000,6,0,0.00000000
nuscenes_mini_subset,scene-1094_009,7,Pedestrian,26.17605061,-2.00000000,5,0,0.00000000
nuscenes_mini_subset,scene-1094_009,9,Car,27.83335152,-2.00000000,11,11,100.00000000
nuscenes_mini_subset,scene-1094_009,11,Pedestrian,20.64716166,-2.00000000,7,0,0.00000000
nuscenes_mini_subset,scene-1094_009,13,Car,24.61037450,-2.00000000,84,76,90.47619048
nuscenes_mini_subset,scene-1094_009,14,Pedestrian,11.36973408,-2.00000000,26,23,88.46153846
nuscenes_mini_subset,scene-1094_009,15,Pedestrian,19.52732335,-2.00000000,9,0,0.00000000
nuscenes_mini_subset,scene-1094_009,1,Pedestrian,19.47217596,-1.00000000,6,3,50.00000000
nuscenes_mini_subset,scene-1094_009,4,Car,8.31153201,-1.00000000,300,298,99.33333333
nuscenes_mini_subset,scene-1094_009,5,Pedestrian,27.16020379,-1.00000000,6,1,16.66666667
nuscenes_mini_subset,scene-1094_009,7,Pedestrian,26.17605061,-1.00000000,5,5,100.00000000
nuscenes_mini_subset,scene-1094_009,9,Car,27.83335152,-1.00000000,11,11,100.00000000
nuscenes_mini_subset,scene-1094_009,11,Pedestrian,20.64716166,-1.00000000,7,3,42.85714286
nuscenes_mini_subset,scene-1094_009,13,Car,24.61037450,-1.00000000,84,82,97.61904762
nuscenes_mini_subset,scene-1094_009,14,Pedestrian,11.36973408,-1.00000000,26,25,96.15384615
nuscenes_mini_subset,scene-1094_009,15,Pedestrian,19.52732335,-1.00000000,9,6,66.66666667
nuscenes_mini_subset,scene-1094_009,1,Pedestrian,19.47217596,-0.50000000,6,6,100.00000000
nuscenes_mini_subset,scene-1094_009,4,Car,8.31153201,-0.50000000,300,300,100.00000000
nuscenes_mini_subset,scene-1094_009,5,Pedestrian,27.16020379,-0.50000000,6,5,83.33333333
nuscenes_mini_subset,scene-1094_009,7,Pedestrian,26.17605061,-0.50000000,5,5,100.00000000
nuscenes_mini_subset,scene-1094_009,9,Car,27.83335152,-0.50000000,11,11,100.00000000
nuscenes_mini_subset,scene-1094_009,11,Pedestrian,20.64716166,-0.50000000,7,6,85.71428571
nuscenes_mini_subset,scene-1094_009,13,Car,24.61037450,-0.50000000,84,84,100.00000000
nuscenes_mini_subset,scene-1094_009,14,Pedestrian,11.36973408,-0.50000000,26,26,100.00000000
nuscenes_mini_subset,scene-1094_009,15,Pedestrian,19.52732335,-0.50000000,9,9,100.00000000
nuscenes_mini_subset,scene-1094_009,1,Pedestrian,19.47217596,0.00000000,6,6,100.00000000
nuscenes_mini_subset,scene-1094_009,4,Car,8.31153201,0.00000000,300,300,100.00000000
nuscenes_mini_subset,scene-1094_009,5,Pedestrian,27.16020379,0.00000000,6,6,100.00000000
nuscenes_mini_subset,scene-1094_009,7,Pedestrian,26.17605061,0.00000000,5,5,100.00000000
nuscenes_mini_subset,scene-1094_009,9,Car,27.83335152,0.00000000,11,11,100.00000000
nuscenes_mini_subset,scene-1094_009,11,Pedestrian,20.64716166,0.00000000,7,7,100.00000000
nuscenes_mini_subset,scene-1094_009,13,Car,24.61037450,0.00000000,84,84,100.00000000
nuscenes_mini_subset,scene-1094_009,14,Pedestrian,11.36973408,0.00000000,26,26,100.00000000
nuscenes_mini_subset,scene-1094_009,15,Pedestrian,19.52732335,0.00000000,9,9,100.00000000
nuscenes_mini_subset,scene-1094_009,1,Pedestrian,19.47217596,0.50000000,6,5,83.33333333
nuscenes_mini_subset,scene-1094_009,4,Car,8.31153201,0.50000000,300,288,96.00000000
nuscenes_mini_subset,scene-1094_009,5,Pedestrian,27.16020379,0.50000000,6,5,83.33333333
nuscenes_mini_subset,scene-1094_009,7,Pedestrian,26.17605061,0.50000000,5,5,100.00000000
nuscenes_mini_subset,scene-1094_009,9,Car,27.83335152,0.50000000,11,11,100.00000000
nuscenes_mini_subset,scene-1094_009,11,Pedestrian,20.64716166,0.50000000,7,7,100.00000000
nuscenes_mini_subset,scene-1094_009,13,Car,24.61037450,0.50000000,84,84,100.00000000
nuscenes_mini_subset,scene-1094_009,14,Pedestrian,11.36973408,0.50000000,26,26,100.00000000
nuscenes_mini_subset,scene-1094_009,15,Pedestrian,19.52732335,0.50000000,9,8,88.88888889
nuscenes_mini_subset,scene-1094_009,1,Pedestrian,19.47217596,1.00000000,6,4,66.66666667
nuscenes_mini_subset,scene-1094_009,4,Car,8.31153201,1.00000000,300,279,93.00000000
nuscenes_mini_subset,scene-1094_009,5,Pedestrian,27.16020379,1.00000000,6,3,50.00000000
nuscenes_mini_subset,scene-1094_009,7,Pedestrian,26.17605061,1.00000000,5,4,80.00000000
nuscenes_mini_subset,scene-1094_009,9,Car,27.83335152,1.00000000,11,10,90.90909091
nuscenes_mini_subset,scene-1094_009,11,Pedestrian,20.64716166,1.00000000,7,6,85.71428571
nuscenes_mini_subset,scene-1094_009,13,Car,24.61037450,1.00000000,84,83,98.80952381
nuscenes_mini_subset,scene-1094_009,14,Pedestrian,11.36973408,1.00000000,26,26,100.00000000
nuscenes_mini_subset,scene-1094_009,15,Pedestrian,19.52732335,1.00000000,9,2,22.22222222
nuscenes_mini_subset,scene-1094_009,1,Pedestrian,19.47217596,2.00000000,6,0,0.00000000
nuscenes_mini_subset,scene-1094_009,4,Car,8.31153201,2.00000000,300,248,82.66666667
nuscenes_mini_subset,scene-1094_009,5,Pedestrian,27.16020379,2.00000000,6,0,0.00000000
nuscenes_mini_subset,scene-1094_009,7,Pedestrian,26.17605061,2.00000000,5,0,0.00000000
nuscenes_mini_subset,scene-1094_009,9,Car,27.83335152,2.00000000,11,7,63.63636364
nuscenes_mini_subset,scene-1094_009,11,Pedestrian,20.64716166,2.00000000,7,2,28.57142857
nuscenes_mini_subset,scene-1094_009,13,Car,24.61037450,2.00000000,84,77,91.66666667
nuscenes_mini_subset,scene-1094_009,14,Pedestrian,11.36973408,2.00000000,26,24,92.30769231
nuscenes_mini_subset,scene-1094_009,15,Pedestrian,19.52732335,2.00000000,9,0,0.00000000
nuscenes_mini_subset,scene-1094_009,1,Pedestrian,19.47217596,3.00000000,6,0,0.00000000
nuscenes_mini_subset,scene-1094_009,4,Car,8.31153201,3.00000000,300,217,72.33333333
nuscenes_mini_subset,scene-1094_009,5,Pedestrian,27.16020379,3.00000000,6,0,0.00000000
nuscenes_mini_subset,scene-1094_009,7,Pedestrian,26.17605061,3.00000000,5,0,0.00000000
nuscenes_mini_subset,scene-1094_009,9,Car,27.83335152,3.00000000,11,4,36.36363636
nuscenes_mini_subset,scene-1094_009,11,Pedestrian,20.64716166,3.00000000,7,0,0.00000000
nuscenes_mini_subset,scene-1094_009,13,Car,24.61037450,3.00000000,84,71,84.52380952
nuscenes_mini_subset,scene-1094_009,14,Pedestrian,11.36973408,3.00000000,26,10,38.46153846
nuscenes_mini_subset,scene-1094_009,15,Pedestrian,19.52732335,3.00000000,9,0,0.00000000
nuscenes_mini_subset,scene-1094_010,4,Car,8.81089466,-3.00000000,114,87,76.31578947
nuscenes_mini_subset,scene-1094_010,5,Pedestrian,18.83894146,-3.00000000,7,0,0.00000000
nuscenes_mini_subset,scene-1094_010,7,Pedestrian,29.38887226,-3.00000000,5,0,0.00000000
nuscenes_mini_subset,scene-1094_010,8,Car,26.46255542,-3.00000000,24,22,91.66666667
nuscenes_mini_subset,scene-1094_010,9,Pedestrian,19.93704026,-3.00000000,11,0,0.00000000
nuscenes_mini_subset,scene-1094_010,10,Car,21.22381722,-3.00000000,32,22,68.75000000
nuscenes_mini_subset,scene-1094_010,11,Car,23.33863777,-3.00000000,115,102,88.69565217
nuscenes_mini_subset,scene-1094_010,12,Pedestrian,10.42343507,-3.00000000,36,25,69.44444444
nuscenes_mini_subset,scene-1094_010,13,Pedestrian,18.67079317,-3.00000000,6,0,0.00000000
nuscenes_mini_subset,scene-1094_010,15,Bicycle,22.79580360,-3.00000000,5,1,20.00000000
nuscenes_mini_subset,scene-1094_010,4,Car,8.81089466,-2.00000000,114,104,91.22807018
nuscenes_mini_subset,scene-1094_010,5,Pedestrian,18.83894146,-2.00000000,7,0,0.00000000
nuscenes_mini_subset,scene-1094_010,7,Pedestrian,29.38887226,-2.00000000,5,0,0.00000000
nuscenes_mini_subset,scene-1094_010,8,Car,26.46255542,-2.00000000,24,24,100.00000000
nuscenes_mini_subset,scene-1094_010,9,Pedestrian,19.93704026,-2.00000000,11,0,0.00000000
nuscenes_mini_subset,scene-1094_010,10,Car,21.22381722,-2.00000000,32,27,84.37500000
nuscenes_mini_subset,scene-1094_010,11,Car,23.33863777,-2.00000000,115,106,92.17391304
nuscenes_mini_subset,scene-1094_010,12,Pedestrian,10.42343507,-2.00000000,36,31,86.11111111
nuscenes_mini_subset,scene-1094_010,13,Pedestrian,18.67079317,-2.00000000,6,0,0.00000000
nuscenes_mini_subset,scene-1094_010,15,Bicycle,22.79580360,-2.00000000,5,3,60.00000000
nuscenes_mini_subset,scene-1094_010,4,Car,8.81089466,-1.00000000,114,112,98.24561404
nuscenes_mini_subset,scene-1094_010,5,Pedestrian,18.83894146,-1.00000000,7,2,28.57142857
nuscenes_mini_subset,scene-1094_010,7,Pedestrian,29.38887226,-1.00000000,5,3,60.00000000
nuscenes_mini_subset,scene-1094_010,8,Car,26.46255542,-1.00000000,24,24,100.00000000
nuscenes_mini_subset,scene-1094_010,9,Pedestrian,19.93704026,-1.00000000,11,7,63.63636364
nuscenes_mini_subset,scene-1094_010,10,Car,21.22381722,-1.00000000,32,30,93.75000000
nuscenes_mini_subset,scene-1094_010,11,Car,23.33863777,-1.00000000,115,111,96.52173913
nuscenes_mini_subset,scene-1094_010,12,Pedestrian,10.42343507,-1.00000000,36,36,100.00000000
nuscenes_mini_subset,scene-1094_010,13,Pedestrian,18.67079317,-1.00000000,6,3,50.00000000
nuscenes_mini_subset,scene-1094_010,15,Bicycle,22.79580360,-1.00000000,5,4,80.00000000
nuscenes_mini_subset,scene-1094_010,4,Car,8.81089466,-0.50000000,114,113,99.12280702
nuscenes_mini_subset,scene-1094_010,5,Pedestrian,18.83894146,-0.50000000,7,4,57.14285714
nuscenes_mini_subset,scene-1094_010,7,Pedestrian,29.38887226,-0.50000000,5,5,100.00000000
nuscenes_mini_subset,scene-1094_010,8,Car,26.46255542,-0.50000000,24,24,100.00000000
nuscenes_mini_subset,scene-1094_010,9,Pedestrian,19.93704026,-0.50000000,11,10,90.90909091
nuscenes_mini_subset,scene-1094_010,10,Car,21.22381722,-0.50000000,32,32,100.00000000
nuscenes_mini_subset,scene-1094_010,11,Car,23.33863777,-0.50000000,115,113,98.26086957
nuscenes_mini_subset,scene-1094_010,12,Pedestrian,10.42343507,-0.50000000,36,36,100.00000000
nuscenes_mini_subset,scene-1094_010,13,Pedestrian,18.67079317,-0.50000000,6,5,83.33333333
nuscenes_mini_subset,scene-1094_010,15,Bicycle,22.79580360,-0.50000000,5,5,100.00000000
nuscenes_mini_subset,scene-1094_010,4,Car,8.81089466,0.00000000,114,114,100.00000000
nuscenes_mini_subset,scene-1094_010,5,Pedestrian,18.83894146,0.00000000,7,7,100.00000000
nuscenes_mini_subset,scene-1094_010,7,Pedestrian,29.38887226,0.00000000,5,5,100.00000000
nuscenes_mini_subset,scene-1094_010,8,Car,26.46255542,0.00000000,24,24,100.00000000
nuscenes_mini_subset,scene-1094_010,9,Pedestrian,19.93704026,0.00000000,11,11,100.00000000
nuscenes_mini_subset,scene-1094_010,10,Car,21.22381722,0.00000000,32,32,100.00000000
nuscenes_mini_subset,scene-1094_010,11,Car,23.33863777,0.00000000,115,115,100.00000000
nuscenes_mini_subset,scene-1094_010,12,Pedestrian,10.42343507,0.00000000,36,36,100.00000000
nuscenes_mini_subset,scene-1094_010,13,Pedestrian,18.67079317,0.00000000,6,6,100.00000000
nuscenes_mini_subset,scene-1094_010,15,Bicycle,22.79580360,0.00000000,5,5,100.00000000
nuscenes_mini_subset,scene-1094_010,4,Car,8.81089466,0.50000000,114,102,89.47368421
nuscenes_mini_subset,scene-1094_010,5,Pedestrian,18.83894146,0.50000000,7,7,100.00000000
nuscenes_mini_subset,scene-1094_010,7,Pedestrian,29.38887226,0.50000000,5,5,100.00000000
nuscenes_mini_subset,scene-1094_010,8,Car,26.46255542,0.50000000,24,24,100.00000000
nuscenes_mini_subset,scene-1094_010,9,Pedestrian,19.93704026,0.50000000,11,11,100.00000000
nuscenes_mini_subset,scene-1094_010,10,Car,21.22381722,0.50000000,32,32,100.00000000
nuscenes_mini_subset,scene-1094_010,11,Car,23.33863777,0.50000000,115,115,100.00000000
nuscenes_mini_subset,scene-1094_010,12,Pedestrian,10.42343507,0.50000000,36,36,100.00000000
nuscenes_mini_subset,scene-1094_010,13,Pedestrian,18.67079317,0.50000000,6,6,100.00000000
nuscenes_mini_subset,scene-1094_010,15,Bicycle,22.79580360,0.50000000,5,5,100.00000000
nuscenes_mini_subset,scene-1094_010,4,Car,8.81089466,1.00000000,114,90,78.94736842
nuscenes_mini_subset,scene-1094_010,5,Pedestrian,18.83894146,1.00000000,7,5,71.42857143
nuscenes_mini_subset,scene-1094_010,7,Pedestrian,29.38887226,1.00000000,5,2,40.00000000
nuscenes_mini_subset,scene-1094_010,8,Car,26.46255542,1.00000000,24,24,100.00000000
nuscenes_mini_subset,scene-1094_010,9,Pedestrian,19.93704026,1.00000000,11,11,100.00000000
nuscenes_mini_subset,scene-1094_010,10,Car,21.22381722,1.00000000,32,32,100.00000000
nuscenes_mini_subset,scene-1094_010,11,Car,23.33863777,1.00000000,115,115,100.00000000
nuscenes_mini_subset,scene-1094_010,12,Pedestrian,10.42343507,1.00000000,36,36,100.00000000
nuscenes_mini_subset,scene-1094_010,13,Pedestrian,18.67079317,1.00000000,6,3,50.00000000
nuscenes_mini_subset,scene-1094_010,15,Bicycle,22.79580360,1.00000000,5,5,100.00000000
nuscenes_mini_subset,scene-1094_010,4,Car,8.81089466,2.00000000,114,66,57.89473684
nuscenes_mini_subset,scene-1094_010,5,Pedestrian,18.83894146,2.00000000,7,0,0.00000000
nuscenes_mini_subset,scene-1094_010,7,Pedestrian,29.38887226,2.00000000,5,0,0.00000000
nuscenes_mini_subset,scene-1094_010,8,Car,26.46255542,2.00000000,24,22,91.66666667
nuscenes_mini_subset,scene-1094_010,9,Pedestrian,19.93704026,2.00000000,11,4,36.36363636
nuscenes_mini_subset,scene-1094_010,10,Car,21.22381722,2.00000000,32,32,100.00000000
nuscenes_mini_subset,scene-1094_010,11,Car,23.33863777,2.00000000,115,110,95.65217391
nuscenes_mini_subset,scene-1094_010,12,Pedestrian,10.42343507,2.00000000,36,33,91.66666667
nuscenes_mini_subset,scene-1094_010,13,Pedestrian,18.67079317,2.00000000,6,0,0.00000000
nuscenes_mini_subset,scene-1094_010,15,Bicycle,22.79580360,2.00000000,5,2,40.00000000
nuscenes_mini_subset,scene-1094_010,4,Car,8.81089466,3.00000000,114,43,37.71929825
nuscenes_mini_subset,scene-1094_010,5,Pedestrian,18.83894146,3.00000000,7,0,0.00000000
nuscenes_mini_subset,scene-1094_010,7,Pedestrian,29.38887226,3.00000000,5,0,0.00000000
nuscenes_mini_subset,scene-1094_010,8,Car,26.46255542,3.00000000,24,16,66.66666667
nuscenes_mini_subset,scene-1094_010,9,Pedestrian,19.93704026,3.00000000,11,0,0.00000000
nuscenes_mini_subset,scene-1094_010,10,Car,21.22381722,3.00000000,32,32,100.00000000
nuscenes_mini_subset,scene-1094_010,11,Car,23.33863777,3.00000000,115,105,91.30434783
nuscenes_mini_subset,scene-1094_010,12,Pedestrian,10.42343507,3.00000000,36,19,52.77777778
nuscenes_mini_subset,scene-1094_010,13,Pedestrian,18.67079317,3.00000000,6,0,0.00000000
nuscenes_mini_subset,scene-1094_010,15,Bicycle,22.79580360,3.00000000,5,2,40.00000000
nuscenes_mini_subset,scene-1094_011,0,Car,17.11707929,-3.00000000,88,73,82.95454545
nuscenes_mini_subset,scene-1094_011,1,Pedestrian,17.81076430,-3.00000000,7,0,0.00000000
nuscenes_mini_subset,scene-1094_011,4,Car,9.67437185,-3.00000000,8,0,0.00000000
nuscenes_mini_subset,scene-1094_011,5,Pedestrian,18.03837607,-3.00000000,8,0,0.00000000
nuscenes_mini_subset,scene-1094_011,9,Car,25.14656828,-3.00000000,33,31,93.93939394
nuscenes_mini_subset,scene-1094_011,10,Car,19.97204391,-3.00000000,25,22,88.00000000
nuscenes_mini_subset,scene-1094_011,11,Car,22.05696453,-3.00000000,121,109,90.08264463
nuscenes_mini_subset,scene-1094_011,12,Pedestrian,9.53259408,-3.00000000,40,36,90.00000000
nuscenes_mini_subset,scene-1094_011,14,Bicycle,21.60851941,-3.00000000,6,2,33.33333333
nuscenes_mini_subset,scene-1094_011,0,Car,17.11707929,-2.00000000,88,83,94.31818182
nuscenes_mini_subset,scene-1094_011,1,Pedestrian,17.81076430,-2.00000000,7,0,0.00000000
nuscenes_mini_subset,scene-1094_011,4,Car,9.67437185,-2.00000000,8,0,0.00000000
nuscenes_mini_subset,scene-1094_011,5,Pedestrian,18.03837607,-2.00000000,8,0,0.00000000
nuscenes_mini_subset,scene-1094_011,9,Car,25.14656828,-2.00000000,33,33,100.00000000
nuscenes_mini_subset,scene-1094_011,10,Car,19.97204391,-2.00000000,25,23,92.00000000
nuscenes_mini_subset,scene-1094_011,11,Car,22.05696453,-2.00000000,121,115,95.04132231
nuscenes_mini_subset,scene-1094_011,12,Pedestrian,9.53259408,-2.00000000,40,39,97.50000000
nuscenes_mini_subset,scene-1094_011,14,Bicycle,21.60851941,-2.00000000,6,3,50.00000000
nuscenes_mini_subset,scene-1094_011,0,Car,17.11707929,-1.00000000,88,88,100.00000000
nuscenes_mini_subset,scene-1094_011,1,Pedestrian,17.81076430,-1.00000000,7,5,71.42857143
nuscenes_mini_subset,scene-1094_011,4,Car,9.67437185,-1.00000000,8,8,100.00000000
nuscenes_mini_subset,scene-1094_011,5,Pedestrian,18.03837607,-1.00000000,8,2,25.00000000
nuscenes_mini_subset,scene-1094_011,9,Car,25.14656828,-1.00000000,33,33,100.00000000
nuscenes_mini_subset,scene-1094_011,10,Car,19.97204391,-1.00000000,25,25,100.00000000
nuscenes_mini_subset,scene-1094_011,11,Car,22.05696453,-1.00000000,121,121,100.00000000
nuscenes_mini_subset,scene-1094_011,12,Pedestrian,9.53259408,-1.00000000,40,40,100.00000000
nuscenes_mini_subset,scene-1094_011,14,Bicycle,21.60851941,-1.00000000,6,6,100.00000000
nuscenes_mini_subset,scene-1094_011,0,Car,17.11707929,-0.50000000,88,88,100.00000000
nuscenes_mini_subset,scene-1094_011,1,Pedestrian,17.81076430,-0.50000000,7,7,100.00000000
nuscenes_mini_subset,scene-1094_011,4,Car,9.67437185,-0.50000000,8,8,100.00000000
nuscenes_mini_subset,scene-1094_011,5,Pedestrian,18.03837607,-0.50000000,8,7,87.50000000
nuscenes_mini_subset,scene-1094_011,9,Car,25.14656828,-0.50000000,33,33,100.00000000
nuscenes_mini_subset,scene-1094_011,10,Car,19.97204391,-0.50000000,25,25,100.00000000
nuscenes_mini_subset,scene-1094_011,11,Car,22.05696453,-0.50000000,121,121,100.00000000
nuscenes_mini_subset,scene-1094_011,12,Pedestrian,9.53259408,-0.50000000,40,40,100.00000000
nuscenes_mini_subset,scene-1094_011,14,Bicycle,21.60851941,-0.50000000,6,6,100.00000000
nuscenes_mini_subset,scene-1094_011,0,Car,17.11707929,0.00000000,88,88,100.00000000
nuscenes_mini_subset,scene-1094_011,1,Pedestrian,17.81076430,0.00000000,7,7,100.00000000
nuscenes_mini_subset,scene-1094_011,4,Car,9.67437185,0.00000000,8,8,100.00000000
nuscenes_mini_subset,scene-1094_011,5,Pedestrian,18.03837607,0.00000000,8,8,100.00000000
nuscenes_mini_subset,scene-1094_011,9,Car,25.14656828,0.00000000,33,33,100.00000000
nuscenes_mini_subset,scene-1094_011,10,Car,19.97204391,0.00000000,25,25,100.00000000
nuscenes_mini_subset,scene-1094_011,11,Car,22.05696453,0.00000000,121,121,100.00000000
nuscenes_mini_subset,scene-1094_011,12,Pedestrian,9.53259408,0.00000000,40,40,100.00000000
nuscenes_mini_subset,scene-1094_011,14,Bicycle,21.60851941,0.00000000,6,6,100.00000000
nuscenes_mini_subset,scene-1094_011,0,Car,17.11707929,0.50000000,88,84,95.45454545
nuscenes_mini_subset,scene-1094_011,1,Pedestrian,17.81076430,0.50000000,7,5,71.42857143
nuscenes_mini_subset,scene-1094_011,4,Car,9.67437185,0.50000000,8,1,12.50000000
nuscenes_mini_subset,scene-1094_011,5,Pedestrian,18.03837607,0.50000000,8,8,100.00000000
nuscenes_mini_subset,scene-1094_011,9,Car,25.14656828,0.50000000,33,33,100.00000000
nuscenes_mini_subset,scene-1094_011,10,Car,19.97204391,0.50000000,25,25,100.00000000
nuscenes_mini_subset,scene-1094_011,11,Car,22.05696453,0.50000000,121,121,100.00000000
nuscenes_mini_subset,scene-1094_011,12,Pedestrian,9.53259408,0.50000000,40,40,100.00000000
nuscenes_mini_subset,scene-1094_011,14,Bicycle,21.60851941,0.50000000,6,6,100.00000000
nuscenes_mini_subset,scene-1094_011,0,Car,17.11707929,1.00000000,88,79,89.77272727
nuscenes_mini_subset,scene-1094_011,1,Pedestrian,17.81076430,1.00000000,7,4,57.14285714
nuscenes_mini_subset,scene-1094_011,4,Car,9.67437185,1.00000000,8,0,0.00000000
nuscenes_mini_subset,scene-1094_011,5,Pedestrian,18.03837607,1.00000000,8,8,100.00000000
nuscenes_mini_subset,scene-1094_011,9,Car,25.14656828,1.00000000,33,33,100.00000000
nuscenes_mini_subset,scene-1094_011,10,Car,19.97204391,1.00000000,25,25,100.00000000
nuscenes_mini_subset,scene-1094_011,11,Car,22.05696453,1.00000000,121,119,98.34710744
nuscenes_mini_subset,scene-1094_011,12,Pedestrian,9.53259408,1.00000000,40,39,97.50000000
nuscenes_mini_subset,scene-1094_011,14,Bicycle,21.60851941,1.00000000,6,4,66.66666667
nuscenes_mini_subset,scene-1094_011,0,Car,17.11707929,2.00000000,88,68,77.27272727
nuscenes_mini_subset,scene-1094_011,1,Pedestrian,17.81076430,2.00000000,7,0,0.00000000
nuscenes_mini_subset,scene-1094_011,4,Car,9.67437185,2.00000000,8,0,0.00000000
nuscenes_mini_subset,scene-1094_011,5,Pedestrian,18.03837607,2.00000000,8,0,0.00000000
nuscenes_mini_subset,scene-1094_011,9,Car,25.14656828,2.00000000,33,29,87.87878788
nuscenes_mini_subset,scene-1094_011,10,Car,19.97204391,2.00000000,25,25,100.00000000
nuscenes_mini_subset,scene-1094_011,11,Car,22.05696453,2.00000000,121,114,94.21487603
nuscenes_mini_subset,scene-1094_011,12,Pedestrian,9.53259408,2.00000000,40,32,80.00000000
nuscenes_mini_subset,scene-1094_011,14,Bicycle,21.60851941,2.00000000,6,4,66.66666667
nuscenes_mini_subset,scene-1094_011,0,Car,17.11707929,3.00000000,88,61,69.31818182
nuscenes_mini_subset,scene-1094_011,1,Pedestrian,17.81076430,3.00000000,7,0,0.00000000
nuscenes_mini_subset,scene-1094_011,4,Car,9.67437185,3.00000000,8,0,0.00000000
nuscenes_mini_subset,scene-1094_011,5,Pedestrian,18.03837607,3.00000000,8,0,0.00000000
nuscenes_mini_subset,scene-1094_011,9,Car,25.14656828,3.00000000,33,24,72.72727273
nuscenes_mini_subset,scene-1094_011,10,Car,19.97204391,3.00000000,25,25,100.00000000
nuscenes_mini_subset,scene-1094_011,11,Car,22.05696453,3.00000000,121,108,89.25619835
nuscenes_mini_subset,scene-1094_011,12,Pedestrian,9.53259408,3.00000000,40,15,37.50000000
nuscenes_mini_subset,scene-1094_011,14,Bicycle,21.60851941,3.00000000,6,2,33.33333333
nuscenes_mini_subset,scene-1094_012,0,Car,15.93165333,-3.00000000,137,115,83.94160584
nuscenes_mini_subset,scene-1094_012,3,Pedestrian,17.21114055,-3.00000000,8,0,0.00000000
nuscenes_mini_subset,scene-1094_012,6,Car,10.84879342,-3.00000000,20,0,0.00000000
nuscenes_mini_subset,scene-1094_012,7,Pedestrian,17.35068182,-3.00000000,6,0,0.00000000
nuscenes_mini_subset,scene-1094_012,9,Car,24.48794091,-3.00000000,15,15,100.00000000
nuscenes_mini_subset,scene-1094_012,10,Car,23.92782928,-3.00000000,31,26,83.87096774
nuscenes_mini_subset,scene-1094_012,11,Car,18.70354838,-3.00000000,34,27,79.41176471
nuscenes_mini_subset,scene-1094_012,12,Car,20.77591460,-3.00000000,121,106,87.60330579
nuscenes_mini_subset,scene-1094_012,13,Pedestrian,8.82423270,-3.00000000,49,42,85.71428571
nuscenes_mini_subset,scene-1094_012,14,Pedestrian,17.23012901,-3.00000000,8,0,0.00000000
nuscenes_mini_subset,scene-1094_012,0,Car,15.93165333,-2.00000000,137,127,92.70072993
nuscenes_mini_subset,scene-1094_012,3,Pedestrian,17.21114055,-2.00000000,8,0,0.00000000
nuscenes_mini_subset,scene-1094_012,6,Car,10.84879342,-2.00000000,20,7,35.00000000
nuscenes_mini_subset,scene-1094_012,7,Pedestrian,17.35068182,-2.00000000,6,0,0.00000000
nuscenes_mini_subset,scene-1094_012,9,Car,24.48794091,-2.00000000,15,15,100.00000000
nuscenes_mini_subset,scene-1094_012,10,Car,23.92782928,-2.00000000,31,28,90.32258065
nuscenes_mini_subset,scene-1094_012,11,Car,18.70354838,-2.00000000,34,31,91.17647059
nuscenes_mini_subset,scene-1094_012,12,Car,20.77591460,-2.00000000,121,111,91.73553719
nuscenes_mini_subset,scene-1094_012,13,Pedestrian,8.82423270,-2.00000000,49,46,93.87755102
nuscenes_mini_subset,scene-1094_012,14,Pedestrian,17.23012901,-2.00000000,8,0,0.00000000
nuscenes_mini_subset,scene-1094_012,0,Car,15.93165333,-1.00000000,137,136,99.27007299
nuscenes_mini_subset,scene-1094_012,3,Pedestrian,17.21114055,-1.00000000,8,3,37.50000000
nuscenes_mini_subset,scene-1094_012,6,Car,10.84879342,-1.00000000,20,19,95.00000000
nuscenes_mini_subset,scene-1094_012,7,Pedestrian,17.35068182,-1.00000000,6,1,16.66666667
nuscenes_mini_subset,scene-1094_012,9,Car,24.48794091,-1.00000000,15,15,100.00000000
nuscenes_mini_subset,scene-1094_012,10,Car,23.92782928,-1.00000000,31,31,100.00000000
nuscenes_mini_subset,scene-1094_012,11,Car,18.70354838,-1.00000000,34,33,97.05882353
nuscenes_mini_subset,scene-1094_012,12,Car,20.77591460,-1.00000000,121,117,96.69421488
nuscenes_mini_subset,scene-1094_012,13,Pedestrian,8.82423270,-1.00000000,49,49,100.00000000
nuscenes_mini_subset,scene-1094_012,14,Pedestrian,17.23012901,-1.00000000,8,5,62.50000000
nuscenes_mini_subset,scene-1094_012,0,Car,15.93165333,-0.50000000,137,137,100.00000000
nuscenes_mini_subset,scene-1094_012,3,Pedestrian,17.21114055,-0.50000000,8,8,100.00000000
nuscenes_mini_subset,scene-1094_012,6,Car,10.84879342,-0.50000000,20,20,100.00000000
nuscenes_mini_subset,scene-1094_012,7,Pedestrian,17.35068182,-0.50000000,6,5,83.33333333
nuscenes_mini_subset,scene-1094_012,9,Car,24.48794091,-0.50000000,15,15,100.00000000
nuscenes_mini_subset,scene-1094_012,10,Car,23.92782928,-0.50000000,31,31,100.00000000
nuscenes_mini_subset,scene-1094_012,11,Car,18.70354838,-0.50000000,34,34,100.00000000
nuscenes_mini_subset,scene-1094_012,12,Car,20.77591460,-0.50000000,121,119,98.34710744
nuscenes_mini_subset,scene-1094_012,13,Pedestrian,8.82423270,-0.50000000,49,49,100.00000000
nuscenes_mini_subset,scene-1094_012,14,Pedestrian,17.23012901,-0.50000000,8,8,100.00000000
nuscenes_mini_subset,scene-1094_012,0,Car,15.93165333,0.00000000,137,137,100.00000000
nuscenes_mini_subset,scene-1094_012,3,Pedestrian,17.21114055,0.00000000,8,8,100.00000000
nuscenes_mini_subset,scene-1094_012,6,Car,10.84879342,0.00000000,20,20,100.00000000
nuscenes_mini_subset,scene-1094_012,7,Pedestrian,17.35068182,0.00000000,6,6,100.00000000
nuscenes_mini_subset,scene-1094_012,9,Car,24.48794091,0.00000000,15,15,100.00000000
nuscenes_mini_subset,scene-1094_012,10,Car,23.92782928,0.00000000,31,31,100.00000000
nuscenes_mini_subset,scene-1094_012,11,Car,18.70354838,0.00000000,34,34,100.00000000
nuscenes_mini_subset,scene-1094_012,12,Car,20.77591460,0.00000000,121,121,100.00000000
nuscenes_mini_subset,scene-1094_012,13,Pedestrian,8.82423270,0.00000000,49,49,100.00000000
nuscenes_mini_subset,scene-1094_012,14,Pedestrian,17.23012901,0.00000000,8,8,100.00000000
nuscenes_mini_subset,scene-1094_012,0,Car,15.93165333,0.50000000,137,136,99.27007299
nuscenes_mini_subset,scene-1094_012,3,Pedestrian,17.21114055,0.50000000,8,8,100.00000000
nuscenes_mini_subset,scene-1094_012,6,Car,10.84879342,0.50000000,20,11,55.00000000
nuscenes_mini_subset,scene-1094_012,7,Pedestrian,17.35068182,0.50000000,6,6,100.00000000
nuscenes_mini_subset,scene-1094_012,9,Car,24.48794091,0.50000000,15,15,100.00000000
nuscenes_mini_subset,scene-1094_012,10,Car,23.92782928,0.50000000,31,31,100.00000000
nuscenes_mini_subset,scene-1094_012,11,Car,18.70354838,0.50000000,34,34,100.00000000
nuscenes_mini_subset,scene-1094_012,12,Car,20.77591460,0.50000000,121,121,100.00000000
nuscenes_mini_subset,scene-1094_012,13,Pedestrian,8.82423270,0.50000000,49,49,100.00000000
nuscenes_mini_subset,scene-1094_012,14,Pedestrian,17.23012901,0.50000000,8,7,87.50000000
nuscenes_mini_subset,scene-1094_012,0,Car,15.93165333,1.00000000,137,133,97.08029197
nuscenes_mini_subset,scene-1094_012,3,Pedestrian,17.21114055,1.00000000,8,6,75.00000000
nuscenes_mini_subset,scene-1094_012,6,Car,10.84879342,1.00000000,20,5,25.00000000
nuscenes_mini_subset,scene-1094_012,7,Pedestrian,17.35068182,1.00000000,6,5,83.33333333
nuscenes_mini_subset,scene-1094_012,9,Car,24.48794091,1.00000000,15,14,93.33333333
nuscenes_mini_subset,scene-1094_012,10,Car,23.92782928,1.00000000,31,31,100.00000000
nuscenes_mini_subset,scene-1094_012,11,Car,18.70354838,1.00000000,34,34,100.00000000
nuscenes_mini_subset,scene-1094_012,12,Car,20.77591460,1.00000000,121,121,100.00000000
nuscenes_mini_subset,scene-1094_012,13,Pedestrian,8.82423270,1.00000000,49,49,100.00000000
nuscenes_mini_subset,scene-1094_012,14,Pedestrian,17.23012901,1.00000000,8,3,37.50000000
nuscenes_mini_subset,scene-1094_012,0,Car,15.93165333,2.00000000,137,119,86.86131387
nuscenes_mini_subset,scene-1094_012,3,Pedestrian,17.21114055,2.00000000,8,0,0.00000000
nuscenes_mini_subset,scene-1094_012,6,Car,10.84879342,2.00000000,20,0,0.00000000
nuscenes_mini_subset,scene-1094_012,7,Pedestrian,17.35068182,2.00000000,6,1,16.66666667
nuscenes_mini_subset,scene-1094_012,9,Car,24.48794091,2.00000000,15,9,60.00000000
nuscenes_mini_subset,scene-1094_012,10,Car,23.92782928,2.00000000,31,29,93.54838710
nuscenes_mini_subset,scene-1094_012,11,Car,18.70354838,2.00000000,34,34,100.00000000
nuscenes_mini_subset,scene-1094_012,12,Car,20.77591460,2.00000000,121,118,97.52066116
nuscenes_mini_subset,scene-1094_012,13,Pedestrian,8.82423270,2.00000000,49,45,91.83673469
nuscenes_mini_subset,scene-1094_012,14,Pedestrian,17.23012901,2.00000000,8,0,0.00000000
nuscenes_mini_subset,scene-1094_012,0,Car,15.93165333,3.00000000,137,101,73.72262774
nuscenes_mini_subset,scene-1094_012,3,Pedestrian,17.21114055,3.00000000,8,0,0.00000000
nuscenes_mini_subset,scene-1094_012,6,Car,10.84879342,3.00000000,20,0,0.00000000
nuscenes_mini_subset,scene-1094_012,7,Pedestrian,17.35068182,3.00000000,6,0,0.00000000
nuscenes_mini_subset,scene-1094_012,9,Car,24.48794091,3.00000000,15,6,40.00000000
nuscenes_mini_subset,scene-1094_012,10,Car,23.92782928,3.00000000,31,24,77.41935484
nuscenes_mini_subset,scene-1094_012,11,Car,18.70354838,3.00000000,34,34,100.00000000
nuscenes_mini_subset,scene-1094_012,12,Car,20.77591460,3.00000000,121,111,91.73553719
nuscenes_mini_subset,scene-1094_012,13,Pedestrian,8.82423270,3.00000000,49,33,67.34693878
nuscenes_mini_subset,scene-1094_012,14,Pedestrian,17.23012901,3.00000000,8,0,0.00000000
nuscenes_mini_subset,scene-1094_013,0,Car,14.50245155,-3.00000000,126,100,79.36507937
nuscenes_mini_subset,scene-1094_013,1,Car,29.83024309,-3.00000000,6,1,16.66666667
nuscenes_mini_subset,scene-1094_013,2,Car,34.02068981,-3.00000000,10,4,40.00000000
nuscenes_mini_subset,scene-1094_013,4,Car,39.99904326,-3.00000000,15,8,53.33333333
nuscenes_mini_subset,scene-1094_013,5,Car,12.13197996,-3.00000000,75,44,58.66666667
nuscenes_mini_subset,scene-1094_013,6,Pedestrian,16.75472130,-3.00000000,5,0,0.00000000
nuscenes_mini_subset,scene-1094_013,8,Car,23.08036953,-3.00000000,14,14,100.00000000
nuscenes_mini_subset,scene-1094_013,10,Car,22.75398487,-3.00000000,28,24,85.71428571
nuscenes_mini_subset,scene-1094_013,11,Car,17.32473321,-3.00000000,35,26,74.28571429
nuscenes_mini_subset,scene-1094_013,12,Car,19.41473333,-3.00000000,168,153,91.07142857
nuscenes_mini_subset,scene-1094_013,0,Car,14.50245155,-2.00000000,126,113,89.68253968
nuscenes_mini_subset,scene-1094_013,1,Car,29.83024309,-2.00000000,6,4,66.66666667
nuscenes_mini_subset,scene-1094_013,2,Car,34.02068981,-2.00000000,10,9,90.00000000
nuscenes_mini_subset,scene-1094_013,4,Car,39.99904326,-2.00000000,15,11,73.33333333
nuscenes_mini_subset,scene-1094_013,5,Car,12.13197996,-2.00000000,75,59,78.66666667
nuscenes_mini_subset,scene-1094_013,6,Pedestrian,16.75472130,-2.00000000,5,0,0.00000000
nuscenes_mini_subset,scene-1094_013,8,Car,23.08036953,-2.00000000,14,14,100.00000000
nuscenes_mini_subset,scene-1094_013,10,Car,22.75398487,-2.00000000,28,26,92.85714286
nuscenes_mini_subset,scene-1094_013,11,Car,17.32473321,-2.00000000,35,31,88.57142857
nuscenes_mini_subset,scene-1094_013,12,Car,19.41473333,-2.00000000,168,159,94.64285714
nuscenes_mini_subset,scene-1094_013,0,Car,14.50245155,-1.00000000,126,123,97.61904762
nuscenes_mini_subset,scene-1094_013,1,Car,29.83024309,-1.00000000,6,6,100.00000000
nuscenes_mini_subset,scene-1094_013,2,Car,34.02068981,-1.00000000,10,10,100.00000000
nuscenes_mini_subset,scene-1094_013,4,Car,39.99904326,-1.00000000,15,14,93.33333333
nuscenes_mini_subset,scene-1094_013,5,Car,12.13197996,-1.00000000,75,70,93.33333333
nuscenes_mini_subset,scene-1094_013,6,Pedestrian,16.75472130,-1.00000000,5,0,0.00000000
nuscenes_mini_subset,scene-1094_013,8,Car,23.08036953,-1.00000000,14,14,100.00000000
nuscenes_mini_subset,scene-1094_013,10,Car,22.75398487,-1.00000000,28,27,96.42857143
nuscenes_mini_subset,scene-1094_013,11,Car,17.32473321,-1.00000000,35,34,97.14285714
nuscenes_mini_subset,scene-1094_013,12,Car,19.41473333,-1.00000000,168,164,97.61904762
nuscenes_mini_subset,scene-1094_013,0,Car,14.50245155,-0.50000000,126,126,100.00000000
nuscenes_mini_subset,scene-1094_013,1,Car,29.83024309,-0.50000000,6,6,100.00000000
nuscenes_mini_subset,scene-1094_013,2,Car,34.02068981,-0.50000000,10,10,100.00000000
nuscenes_mini_subset,scene-1094_013,4,Car,39.99904326,-0.50000000,15,15,100.00000000
nuscenes_mini_subset,scene-1094_013,5,Car,12.13197996,-0.50000000,75,73,97.33333333
nuscenes_mini_subset,scene-1094_013,6,Pedestrian,16.75472130,-0.50000000,5,3,60.00000000
nuscenes_mini_subset,scene-1094_013,8,Car,23.08036953,-0.50000000,14,14,100.00000000
nuscenes_mini_subset,scene-1094_013,10,Car,22.75398487,-0.50000000,28,28,100.00000000
nuscenes_mini_subset,scene-1094_013,11,Car,17.32473321,-0.50000000,35,35,100.00000000
nuscenes_mini_subset,scene-1094_013,12,Car,19.41473333,-0.50000000,168,168,100.00000000
nuscenes_mini_subset,scene-1094_013,0,Car,14.50245155,0.00000000,126,126,100.00000000
nuscenes_mini_subset,scene-1094_013,1,Car,29.83024309,0.00000000,6,6,100.00000000
nuscenes_mini_subset,scene-1094_013,2,Car,34.02068981,0.00000000,10,10,100.00000000
nuscenes_mini_subset,scene-1094_013,4,Car,39.99904326,0.00000000,15,15,100.00000000
nuscenes_mini_subset,scene-1094_013,5,Car,12.13197996,0.00000000,75,75,100.00000000
nuscenes_mini_subset,scene-1094_013,6,Pedestrian,16.75472130,0.00000000,5,5,100.00000000
nuscenes_mini_subset,scene-1094_013,8,Car,23.08036953,0.00000000,14,14,100.00000000
nuscenes_mini_subset,scene-1094_013,10,Car,22.75398487,0.00000000,28,28,100.00000000
nuscenes_mini_subset,scene-1094_013,11,Car,17.32473321,0.00000000,35,35,100.00000000
nuscenes_mini_subset,scene-1094_013,12,Car,19.41473333,0.00000000,168,168,100.00000000
nuscenes_mini_subset,scene-1094_013,0,Car,14.50245155,0.50000000,126,126,100.00000000
nuscenes_mini_subset,scene-1094_013,1,Car,29.83024309,0.50000000,6,6,100.00000000
nuscenes_mini_subset,scene-1094_013,2,Car,34.02068981,0.50000000,10,10,100.00000000
nuscenes_mini_subset,scene-1094_013,4,Car,39.99904326,0.50000000,15,15,100.00000000
nuscenes_mini_subset,scene-1094_013,5,Car,12.13197996,0.50000000,75,68,90.66666667
nuscenes_mini_subset,scene-1094_013,6,Pedestrian,16.75472130,0.50000000,5,5,100.00000000
nuscenes_mini_subset,scene-1094_013,8,Car,23.08036953,0.50000000,14,14,100.00000000
nuscenes_mini_subset,scene-1094_013,10,Car,22.75398487,0.50000000,28,28,100.00000000
nuscenes_mini_subset,scene-1094_013,11,Car,17.32473321,0.50000000,35,35,100.00000000
nuscenes_mini_subset,scene-1094_013,12,Car,19.41473333,0.50000000,168,168,100.00000000
nuscenes_mini_subset,scene-1094_013,0,Car,14.50245155,1.00000000,126,123,97.61904762
nuscenes_mini_subset,scene-1094_013,1,Car,29.83024309,1.00000000,6,6,100.00000000
nuscenes_mini_subset,scene-1094_013,2,Car,34.02068981,1.00000000,10,10,100.00000000
nuscenes_mini_subset,scene-1094_013,4,Car,39.99904326,1.00000000,15,14,93.33333333
nuscenes_mini_subset,scene-1094_013,5,Car,12.13197996,1.00000000,75,61,81.33333333
nuscenes_mini_subset,scene-1094_013,6,Pedestrian,16.75472130,1.00000000,5,5,100.00000000
nuscenes_mini_subset,scene-1094_013,8,Car,23.08036953,1.00000000,14,13,92.85714286
nuscenes_mini_subset,scene-1094_013,10,Car,22.75398487,1.00000000,28,28,100.00000000
nuscenes_mini_subset,scene-1094_013,11,Car,17.32473321,1.00000000,35,35,100.00000000
nuscenes_mini_subset,scene-1094_013,12,Car,19.41473333,1.00000000,168,168,100.00000000
nuscenes_mini_subset,scene-1094_013,0,Car,14.50245155,2.00000000,126,110,87.30158730
nuscenes_mini_subset,scene-1094_013,1,Car,29.83024309,2.00000000,6,6,100.00000000
nuscenes_mini_subset,scene-1094_013,2,Car,34.02068981,2.00000000,10,8,80.00000000
nuscenes_mini_subset,scene-1094_013,4,Car,39.99904326,2.00000000,15,8,53.33333333
nuscenes_mini_subset,scene-1094_013,5,Car,12.13197996,2.00000000,75,47,62.66666667
nuscenes_mini_subset,scene-1094_013,6,Pedestrian,16.75472130,2.00000000,5,2,40.00000000
nuscenes_mini_subset,scene-1094_013,8,Car,23.08036953,2.00000000,14,9,64.28571429
nuscenes_mini_subset,scene-1094_013,10,Car,22.75398487,2.00000000,28,25,89.28571429
nuscenes_mini_subset,scene-1094_013,11,Car,17.32473321,2.00000000,35,35,100.00000000
nuscenes_mini_subset,scene-1094_013,12,Car,19.41473333,2.00000000,168,165,98.21428571
nuscenes_mini_subset,scene-1094_013,0,Car,14.50245155,3.00000000,126,96,76.19047619
nuscenes_mini_subset,scene-1094_013,1,Car,29.83024309,3.00000000,6,6,100.00000000
nuscenes_mini_subset,scene-1094_013,2,Car,34.02068981,3.00000000,10,2,20.00000000
nuscenes_mini_subset,scene-1094_013,4,Car,39.99904326,3.00000000,15,5,33.33333333
nuscenes_mini_subset,scene-1094_013,5,Car,12.13197996,3.00000000,75,33,44.00000000
nuscenes_mini_subset,scene-1094_013,6,Pedestrian,16.75472130,3.00000000,5,0,0.00000000
nuscenes_mini_subset,scene-1094_013,8,Car,23.08036953,3.00000000,14,5,35.71428571
nuscenes_mini_subset,scene-1094_013,10,Car,22.75398487,3.00000000,28,20,71.42857143
nuscenes_mini_subset,scene-1094_013,11,Car,17.32473321,3.00000000,35,35,100.00000000
nuscenes_mini_subset,scene-1094_013,12,Car,19.41473333,3.00000000,168,156,92.85714286
nuscenes_mini_subset,scene-1094_014,0,Car,12.87028604,-3.00000000,180,159,88.33333333
nuscenes_mini_subset,scene-1094_014,1,Car,28.18329410,-3.00000000,14,6,42.85714286
nuscenes_mini_subset,scene-1094_014,2,Car,32.37957872,-3.00000000,11,6,54.54545455
nuscenes_mini_subset,scene-1094_014,3,Car,38.35363113,-3.00000000,16,10,62.50000000
nuscenes_mini_subset,scene-1094_014,4,Car,13.47654903,-3.00000000,99,65,65.65656566
nuscenes_mini_subset,scene-1094_014,6,Car,21.42437555,-3.00000000,11,11,100.00000000
nuscenes_mini_subset,scene-1094_014,8,Car,15.77739872,-3.00000000,48,39,81.25000000
nuscenes_mini_subset,scene-1094_014,9,Car,17.93498930,-3.00000000,199,180,90.45226131
nuscenes_mini_subset,scene-1094_014,0,Car,12.87028604,-2.00000000,180,171,95.00000000
nuscenes_mini_subset,scene-1094_014,1,Car,28.18329410,-2.00000000,14,8,57.14285714
nuscenes_mini_subset,scene-1094_014,2,Car,32.37957872,-2.00000000,11,11,100.00000000
nuscenes_mini_subset,scene-1094_014,3,Car,38.35363113,-2.00000000,16,13,81.25000000
nuscenes_mini_subset,scene-1094_014,4,Car,13.47654903,-2.00000000,99,77,77.77777778
nuscenes_mini_subset,scene-1094_014,6,Car,21.42437555,-2.00000000,11,11,100.00000000
nuscenes_mini_subset,scene-1094_014,8,Car,15.77739872,-2.00000000,48,44,91.66666667
nuscenes_mini_subset,scene-1094_014,9,Car,17.93498930,-2.00000000,199,190,95.47738693
nuscenes_mini_subset,scene-1094_014,0,Car,12.87028604,-1.00000000,180,180,100.00000000
nuscenes_mini_subset,scene-1094_014,1,Car,28.18329410,-1.00000000,14,12,85.71428571
nuscenes_mini_subset,scene-1094_014,2,Car,32.37957872,-1.00000000,11,11,100.00000000
nuscenes_mini_subset,scene-1094_014,3,Car,38.35363113,-1.00000000,16,16,100.00000000
nuscenes_mini_subset,scene-1094_014,4,Car,13.47654903,-1.00000000,99,91,91.91919192
nuscenes_mini_subset,scene-1094_014,6,Car,21.42437555,-1.00000000,11,11,100.00000000
nuscenes_mini_subset,scene-1094_014,8,Car,15.77739872,-1.00000000,48,48,100.00000000
nuscenes_mini_subset,scene-1094_014,9,Car,17.93498930,-1.00000000,199,196,98.49246231
nuscenes_mini_subset,scene-1094_014,0,Car,12.87028604,-0.50000000,180,180,100.00000000
nuscenes_mini_subset,scene-1094_014,1,Car,28.18329410,-0.50000000,14,14,100.00000000
nuscenes_mini_subset,scene-1094_014,2,Car,32.37957872,-0.50000000,11,11,100.00000000
nuscenes_mini_subset,scene-1094_014,3,Car,38.35363113,-0.50000000,16,16,100.00000000
nuscenes_mini_subset,scene-1094_014,4,Car,13.47654903,-0.50000000,99,98,98.98989899
nuscenes_mini_subset,scene-1094_014,6,Car,21.42437555,-0.50000000,11,11,100.00000000
nuscenes_mini_subset,scene-1094_014,8,Car,15.77739872,-0.50000000,48,48,100.00000000
nuscenes_mini_subset,scene-1094_014,9,Car,17.93498930,-0.50000000,199,199,100.00000000
nuscenes_mini_subset,scene-1094_014,0,Car,12.87028604,0.00000000,180,180,100.00000000
nuscenes_mini_subset,scene-1094_014,1,Car,28.18329410,0.00000000,14,14,100.00000000
nuscenes_mini_subset,scene-1094_014,2,Car,32.37957872,0.00000000,11,11,100.00000000
nuscenes_mini_subset,scene-1094_014,3,Car,38.35363113,0.00000000,16,16,100.00000000
nuscenes_mini_subset,scene-1094_014,4,Car,13.47654903,0.00000000,99,99,100.00000000
nuscenes_mini_subset,scene-1094_014,6,Car,21.42437555,0.00000000,11,11,100.00000000
nuscenes_mini_subset,scene-1094_014,8,Car,15.77739872,0.00000000,48,48,100.00000000
nuscenes_mini_subset,scene-1094_014,9,Car,17.93498930,0.00000000,199,199,100.00000000
nuscenes_mini_subset,scene-1094_014,0,Car,12.87028604,0.50000000,180,180,100.00000000
nuscenes_mini_subset,scene-1094_014,1,Car,28.18329410,0.50000000,14,14,100.00000000
nuscenes_mini_subset,scene-1094_014,2,Car,32.37957872,0.50000000,11,11,100.00000000
nuscenes_mini_subset,scene-1094_014,3,Car,38.35363113,0.50000000,16,16,100.00000000
nuscenes_mini_subset,scene-1094_014,4,Car,13.47654903,0.50000000,99,99,100.00000000
nuscenes_mini_subset,scene-1094_014,6,Car,21.42437555,0.50000000,11,11,100.00000000
nuscenes_mini_subset,scene-1094_014,8,Car,15.77739872,0.50000000,48,48,100.00000000
nuscenes_mini_subset,scene-1094_014,9,Car,17.93498930,0.50000000,199,199,100.00000000
nuscenes_mini_subset,scene-1094_014,0,Car,12.87028604,1.00000000,180,176,97.77777778
nuscenes_mini_subset,scene-1094_014,1,Car,28.18329410,1.00000000,14,14,100.00000000
nuscenes_mini_subset,scene-1094_014,2,Car,32.37957872,1.00000000,11,11,100.00000000
nuscenes_mini_subset,scene-1094_014,3,Car,38.35363113,1.00000000,16,15,93.75000000
nuscenes_mini_subset,scene-1094_014,4,Car,13.47654903,1.00000000,99,95,95.95959596
nuscenes_mini_subset,scene-1094_014,6,Car,21.42437555,1.00000000,11,10,90.90909091
nuscenes_mini_subset,scene-1094_014,8,Car,15.77739872,1.00000000,48,48,100.00000000
nuscenes_mini_subset,scene-1094_014,9,Car,17.93498930,1.00000000,199,199,100.00000000
nuscenes_mini_subset,scene-1094_014,0,Car,12.87028604,2.00000000,180,161,89.44444444
nuscenes_mini_subset,scene-1094_014,1,Car,28.18329410,2.00000000,14,13,92.85714286
nuscenes_mini_subset,scene-1094_014,2,Car,32.37957872,2.00000000,11,7,63.63636364
nuscenes_mini_subset,scene-1094_014,3,Car,38.35363113,2.00000000,16,8,50.00000000
nuscenes_mini_subset,scene-1094_014,4,Car,13.47654903,2.00000000,99,82,82.82828283
nuscenes_mini_subset,scene-1094_014,6,Car,21.42437555,2.00000000,11,8,72.72727273
nuscenes_mini_subset,scene-1094_014,8,Car,15.77739872,2.00000000,48,48,100.00000000
nuscenes_mini_subset,scene-1094_014,9,Car,17.93498930,2.00000000,199,195,97.98994975
nuscenes_mini_subset,scene-1094_014,0,Car,12.87028604,3.00000000,180,143,79.44444444
nuscenes_mini_subset,scene-1094_014,1,Car,28.18329410,3.00000000,14,11,78.57142857
nuscenes_mini_subset,scene-1094_014,2,Car,32.37957872,3.00000000,11,1,9.09090909
nuscenes_mini_subset,scene-1094_014,3,Car,38.35363113,3.00000000,16,5,31.25000000
nuscenes_mini_subset,scene-1094_014,4,Car,13.47654903,3.00000000,99,74,74.74747475
nuscenes_mini_subset,scene-1094_014,6,Car,21.42437555,3.00000000,11,5,45.45454545
nuscenes_mini_subset,scene-1094_014,8,Car,15.77739872,3.00000000,48,48,100.00000000
nuscenes_mini_subset,scene-1094_014,9,Car,17.93498930,3.00000000,199,187,93.96984925
nuscenes_mini_subset,scene-1094_015,0,Car,11.08938876,-3.00000000,275,219,79.63636364
nuscenes_mini_subset,scene-1094_015,1,Car,26.25326226,-3.00000000,18,11,61.11111111
nuscenes_mini_subset,scene-1094_015,2,Car,30.47960028,-3.00000000,13,7,53.84615385
nuscenes_mini_subset,scene-1094_015,3,Car,36.41432312,-3.00000000,16,10,62.50000000
nuscenes_mini_subset,scene-1094_015,4,Car,14.78904727,-3.00000000,86,60,69.76744186
nuscenes_mini_subset,scene-1094_015,5,Car,19.55342976,-3.00000000,28,28,100.00000000
nuscenes_mini_subset,scene-1094_015,9,Car,16.43499193,-3.00000000,43,12,27.90697674
nuscenes_mini_subset,scene-1094_015,0,Car,11.08938876,-2.00000000,275,239,86.90909091
nuscenes_mini_subset,scene-1094_015,1,Car,26.25326226,-2.00000000,18,14,77.77777778
nuscenes_mini_subset,scene-1094_015,2,Car,30.47960028,-2.00000000,13,12,92.30769231
nuscenes_mini_subset,scene-1094_015,3,Car,36.41432312,-2.00000000,16,13,81.25000000
nuscenes_mini_subset,scene-1094_015,4,Car,14.78904727,-2.00000000,86,71,82.55813953
nuscenes_mini_subset,scene-1094_015,5,Car,19.55342976,-2.00000000,28,28,100.00000000
nuscenes_mini_subset,scene-1094_015,9,Car,16.43499193,-2.00000000,43,20,46.51162791
nuscenes_mini_subset,scene-1094_015,0,Car,11.08938876,-1.00000000,275,257,93.45454545
nuscenes_mini_subset,scene-1094_015,1,Car,26.25326226,-1.00000000,18,17,94.44444444
nuscenes_mini_subset,scene-1094_015,2,Car,30.47960028,-1.00000000,13,13,100.00000000
nuscenes_mini_subset,scene-1094_015,3,Car,36.41432312,-1.00000000,16,16,100.00000000
nuscenes_mini_subset,scene-1094_015,4,Car,14.78904727,-1.00000000,86,82,95.34883721
nuscenes_mini_subset,scene-1094_015,5,Car,19.55342976,-1.00000000,28,28,100.00000000
nuscenes_mini_subset,scene-1094_015,9,Car,16.43499193,-1.00000000,43,31,72.09302326
nuscenes_mini_subset,scene-1094_015,0,Car,11.08938876,-0.50000000,275,268,97.45454545
nuscenes_mini_subset,scene-1094_015,1,Car,26.25326226,-0.50000000,18,18,100.00000000
nuscenes_mini_subset,scene-1094_015,2,Car,30.47960028,-0.50000000,13,13,100.00000000
nuscenes_mini_subset,scene-1094_015,3,Car,36.41432312,-0.50000000,16,16,100.00000000
nuscenes_mini_subset,scene-1094_015,4,Car,14.78904727,-0.50000000,86,85,98.83720930
nuscenes_mini_subset,scene-1094_015,5,Car,19.55342976,-0.50000000,28,28,100.00000000
nuscenes_mini_subset,scene-1094_015,9,Car,16.43499193,-0.50000000,43,39,90.69767442
nuscenes_mini_subset,scene-1094_015,0,Car,11.08938876,0.00000000,275,275,100.00000000
nuscenes_mini_subset,scene-1094_015,1,Car,26.25326226,0.00000000,18,18,100.00000000
nuscenes_mini_subset,scene-1094_015,2,Car,30.47960028,0.00000000,13,13,100.00000000
nuscenes_mini_subset,scene-1094_015,3,Car,36.41432312,0.00000000,16,16,100.00000000
nuscenes_mini_subset,scene-1094_015,4,Car,14.78904727,0.00000000,86,86,100.00000000
nuscenes_mini_subset,scene-1094_015,5,Car,19.55342976,0.00000000,28,28,100.00000000
nuscenes_mini_subset,scene-1094_015,9,Car,16.43499193,0.00000000,43,43,100.00000000
nuscenes_mini_subset,scene-1094_015,0,Car,11.08938876,0.50000000,275,275,100.00000000
nuscenes_mini_subset,scene-1094_015,1,Car,26.25326226,0.50000000,18,18,100.00000000
nuscenes_mini_subset,scene-1094_015,2,Car,30.47960028,0.50000000,13,13,100.00000000
nuscenes_mini_subset,scene-1094_015,3,Car,36.41432312,0.50000000,16,16,100.00000000
nuscenes_mini_subset,scene-1094_015,4,Car,14.78904727,0.50000000,86,84,97.67441860
nuscenes_mini_subset,scene-1094_015,5,Car,19.55342976,0.50000000,28,26,92.85714286
nuscenes_mini_subset,scene-1094_015,9,Car,16.43499193,0.50000000,43,43,100.00000000
nuscenes_mini_subset,scene-1094_015,0,Car,11.08938876,1.00000000,275,272,98.90909091
nuscenes_mini_subset,scene-1094_015,1,Car,26.25326226,1.00000000,18,18,100.00000000
nuscenes_mini_subset,scene-1094_015,2,Car,30.47960028,1.00000000,13,13,100.00000000
nuscenes_mini_subset,scene-1094_015,3,Car,36.41432312,1.00000000,16,15,93.75000000
nuscenes_mini_subset,scene-1094_015,4,Car,14.78904727,1.00000000,86,78,90.69767442
nuscenes_mini_subset,scene-1094_015,5,Car,19.55342976,1.00000000,28,24,85.71428571
nuscenes_mini_subset,scene-1094_015,9,Car,16.43499193,1.00000000,43,43,100.00000000
nuscenes_mini_subset,scene-1094_015,0,Car,11.08938876,2.00000000,275,259,94.18181818
nuscenes_mini_subset,scene-1094_015,1,Car,26.25326226,2.00000000,18,16,88.88888889
nuscenes_mini_subset,scene-1094_015,2,Car,30.47960028,2.00000000,13,12,92.30769231
nuscenes_mini_subset,scene-1094_015,3,Car,36.41432312,2.00000000,16,9,56.25000000
nuscenes_mini_subset,scene-1094_015,4,Car,14.78904727,2.00000000,86,76,88.37209302
nuscenes_mini_subset,scene-1094_015,5,Car,19.55342976,2.00000000,28,20,71.42857143
nuscenes_mini_subset,scene-1094_015,9,Car,16.43499193,2.00000000,43,37,86.04651163
nuscenes_mini_subset,scene-1094_015,0,Car,11.08938876,3.00000000,275,241,87.63636364
nuscenes_mini_subset,scene-1094_015,1,Car,26.25326226,3.00000000,18,15,83.33333333
nuscenes_mini_subset,scene-1094_015,2,Car,30.47960028,3.00000000,13,6,46.15384615
nuscenes_mini_subset,scene-1094_015,3,Car,36.41432312,3.00000000,16,6,37.50000000
nuscenes_mini_subset,scene-1094_015,4,Car,14.78904727,3.00000000,86,64,74.41860465
nuscenes_mini_subset,scene-1094_015,5,Car,19.55342976,3.00000000,28,14,50.00000000
nuscenes_mini_subset,scene-1094_015,9,Car,16.43499193,3.00000000,43,29,67.44186047
nuscenes_mini_subset,scene-1094_016,0,Car,9.31012450,-3.00000000,15,0,0.00000000
nuscenes_mini_subset,scene-1094_016,1,Car,24.07565565,-3.00000000,22,17,77.27272727
nuscenes_mini_subset,scene-1094_016,2,Car,28.37094453,-3.00000000,20,12,60.00000000
nuscenes_mini_subset,scene-1094_016,3,Car,34.21883930,-3.00000000,17,13,76.47058824
nuscenes_mini_subset,scene-1094_016,4,Car,15.97805079,-3.00000000,72,44,61.11111111
nuscenes_mini_subset,scene-1094_016,5,Car,17.55129116,-3.00000000,23,13,56.52173913
nuscenes_mini_subset,scene-1094_016,6,Car,31.64356412,-3.00000000,7,1,14.28571429
nuscenes_mini_subset,scene-1094_016,0,Car,9.31012450,-2.00000000,15,0,0.00000000
nuscenes_mini_subset,scene-1094_016,1,Car,24.07565565,-2.00000000,22,21,95.45454545
nuscenes_mini_subset,scene-1094_016,2,Car,28.37094453,-2.00000000,20,18,90.00000000
nuscenes_mini_subset,scene-1094_016,3,Car,34.21883930,-2.00000000,17,16,94.11764706
nuscenes_mini_subset,scene-1094_016,4,Car,15.97805079,-2.00000000,72,56,77.77777778
nuscenes_mini_subset,scene-1094_016,5,Car,17.55129116,-2.00000000,23,21,91.30434783
nuscenes_mini_subset,scene-1094_016,6,Car,31.64356412,-2.00000000,7,4,57.14285714
nuscenes_mini_subset,scene-1094_016,0,Car,9.31012450,-1.00000000,15,0,0.00000000
nuscenes_mini_subset,scene-1094_016,1,Car,24.07565565,-1.00000000,22,22,100.00000000
nuscenes_mini_subset,scene-1094_016,2,Car,28.37094453,-1.00000000,20,20,100.00000000
nuscenes_mini_subset,scene-1094_016,3,Car,34.21883930,-1.00000000,17,17,100.00000000
nuscenes_mini_subset,scene-1094_016,4,Car,15.97805079,-1.00000000,72,68,94.44444444
nuscenes_mini_subset,scene-1094_016,5,Car,17.55129116,-1.00000000,23,23,100.00000000
nuscenes_mini_subset,scene-1094_016,6,Car,31.64356412,-1.00000000,7,7,100.00000000
nuscenes_mini_subset,scene-1094_016,0,Car,9.31012450,-0.50000000,15,5,33.33333333
nuscenes_mini_subset,scene-1094_016,1,Car,24.07565565,-0.50000000,22,22,100.00000000
nuscenes_mini_subset,scene-1094_016,2,Car,28.37094453,-0.50000000,20,20,100.00000000
nuscenes_mini_subset,scene-1094_016,3,Car,34.21883930,-0.50000000,17,17,100.00000000
nuscenes_mini_subset,scene-1094_016,4,Car,15.97805079,-0.50000000,72,71,98.61111111
nuscenes_mini_subset,scene-1094_016,5,Car,17.55129116,-0.50000000,23,23,100.00000000
nuscenes_mini_subset,scene-1094_016,6,Car,31.64356412,-0.50000000,7,7,100.00000000
nuscenes_mini_subset,scene-1094_016,0,Car,9.31012450,0.00000000,15,15,100.00000000
nuscenes_mini_subset,scene-1094_016,1,Car,24.07565565,0.00000000,22,22,100.00000000
nuscenes_mini_subset,scene-1094_016,2,Car,28.37094453,0.00000000,20,20,100.00000000
nuscenes_mini_subset,scene-1094_016,3,Car,34.21883930,0.00000000,17,17,100.00000000
nuscenes_mini_subset,scene-1094_016,4,Car,15.97805079,0.00000000,72,72,100.00000000
nuscenes_mini_subset,scene-1094_016,5,Car,17.55129116,0.00000000,23,23,100.00000000
nuscenes_mini_subset,scene-1094_016,6,Car,31.64356412,0.00000000,7,7,100.00000000
nuscenes_mini_subset,scene-1094_016,0,Car,9.31012450,0.50000000,15,15,100.00000000
nuscenes_mini_subset,scene-1094_016,1,Car,24.07565565,0.50000000,22,22,100.00000000
nuscenes_mini_subset,scene-1094_016,2,Car,28.37094453,0.50000000,20,20,100.00000000
nuscenes_mini_subset,scene-1094_016,3,Car,34.21883930,0.50000000,17,17,100.00000000
nuscenes_mini_subset,scene-1094_016,4,Car,15.97805079,0.50000000,72,71,98.61111111
nuscenes_mini_subset,scene-1094_016,5,Car,17.55129116,0.50000000,23,23,100.00000000
nuscenes_mini_subset,scene-1094_016,6,Car,31.64356412,0.50000000,7,7,100.00000000
nuscenes_mini_subset,scene-1094_016,0,Car,9.31012450,1.00000000,15,5,33.33333333
nuscenes_mini_subset,scene-1094_016,1,Car,24.07565565,1.00000000,22,22,100.00000000
nuscenes_mini_subset,scene-1094_016,2,Car,28.37094453,1.00000000,20,20,100.00000000
nuscenes_mini_subset,scene-1094_016,3,Car,34.21883930,1.00000000,17,14,82.35294118
nuscenes_mini_subset,scene-1094_016,4,Car,15.97805079,1.00000000,72,68,94.44444444
nuscenes_mini_subset,scene-1094_016,5,Car,17.55129116,1.00000000,23,23,100.00000000
nuscenes_mini_subset,scene-1094_016,6,Car,31.64356412,1.00000000,7,7,100.00000000
nuscenes_mini_subset,scene-1094_016,0,Car,9.31012450,2.00000000,15,0,0.00000000
nuscenes_mini_subset,scene-1094_016,1,Car,24.07565565,2.00000000,22,19,86.36363636
nuscenes_mini_subset,scene-1094_016,2,Car,28.37094453,2.00000000,20,19,95.00000000
nuscenes_mini_subset,scene-1094_016,3,Car,34.21883930,2.00000000,17,9,52.94117647
nuscenes_mini_subset,scene-1094_016,4,Car,15.97805079,2.00000000,72,61,84.72222222
nuscenes_mini_subset,scene-1094_016,5,Car,17.55129116,2.00000000,23,22,95.65217391
nuscenes_mini_subset,scene-1094_016,6,Car,31.64356412,2.00000000,7,7,100.00000000
nuscenes_mini_subset,scene-1094_016,0,Car,9.31012450,3.00000000,15,0,0.00000000
nuscenes_mini_subset,scene-1094_016,1,Car,24.07565565,3.00000000,22,16,72.72727273
nuscenes_mini_subset,scene-1094_016,2,Car,28.37094453,3.00000000,20,11,55.00000000
nuscenes_mini_subset,scene-1094_016,3,Car,34.21883930,3.00000000,17,6,35.29411765
nuscenes_mini_subset,scene-1094_016,4,Car,15.97805079,3.00000000,72,53,73.61111111
nuscenes_mini_subset,scene-1094_016,5,Car,17.55129116,3.00000000,23,22,95.65217391
nuscenes_mini_subset,scene-1094_016,6,Car,31.64356412,3.00000000,7,4,57.14285714
nuscenes_mini_subset,scene-1094_017,0,Car,21.67950052,-3.00000000,27,21,77.77777778
nuscenes_mini_subset,scene-1094_017,1,Car,26.07896442,-3.00000000,22,14,63.63636364
nuscenes_mini_subset,scene-1094_017,2,Car,31.77927931,-3.00000000,16,11,68.75000000
nuscenes_mini_subset,scene-1094_017,3,Car,17.19733423,-3.00000000,64,34,53.12500000
nuscenes_mini_subset,scene-1094_017,4,Car,15.39409877,-3.00000000,7,0,0.00000000
nuscenes_mini_subset,scene-1094_017,5,Car,29.12366427,-3.00000000,6,3,50.00000000
nuscenes_mini_subset,scene-1094_017,0,Car,21.67950052,-2.00000000,27,24,88.88888889
nuscenes_mini_subset,scene-1094_017,1,Car,26.07896442,-2.00000000,22,19,86.36363636
nuscenes_mini_subset,scene-1094_017,2,Car,31.77927931,-2.00000000,16,14,87.50000000
nuscenes_mini_subset,scene-1094_017,3,Car,17.19733423,-2.00000000,64,44,68.75000000
nuscenes_mini_subset,scene-1094_017,4,Car,15.39409877,-2.00000000,7,0,0.00000000
nuscenes_mini_subset,scene-1094_017,5,Car,29.12366427,-2.00000000,6,5,83.33333333
nuscenes_mini_subset,scene-1094_017,0,Car,21.67950052,-1.00000000,27,26,96.29629630
nuscenes_mini_subset,scene-1094_017,1,Car,26.07896442,-1.00000000,22,22,100.00000000
nuscenes_mini_subset,scene-1094_017,2,Car,31.77927931,-1.00000000,16,16,100.00000000
nuscenes_mini_subset,scene-1094_017,3,Car,17.19733423,-1.00000000,64,55,85.93750000
nuscenes_mini_subset,scene-1094_017,4,Car,15.39409877,-1.00000000,7,1,14.28571429
nuscenes_mini_subset,scene-1094_017,5,Car,29.12366427,-1.00000000,6,5,83.33333333
nuscenes_mini_subset,scene-1094_017,0,Car,21.67950052,-0.50000000,27,27,100.00000000
nuscenes_mini_subset,scene-1094_017,1,Car,26.07896442,-0.50000000,22,22,100.00000000
nuscenes_mini_subset,scene-1094_017,2,Car,31.77927931,-0.50000000,16,16,100.00000000
nuscenes_mini_subset,scene-1094_017,3,Car,17.19733423,-0.50000000,64,62,96.87500000
nuscenes_mini_subset,scene-1094_017,4,Car,15.39409877,-0.50000000,7,2,28.57142857
nuscenes_mini_subset,scene-1094_017,5,Car,29.12366427,-0.50000000,6,6,100.00000000
nuscenes_mini_subset,scene-1094_017,0,Car,21.67950052,0.00000000,27,27,100.00000000
nuscenes_mini_subset,scene-1094_017,1,Car,26.07896442,0.00000000,22,22,100.00000000
nuscenes_mini_subset,scene-1094_017,2,Car,31.77927931,0.00000000,16,16,100.00000000
nuscenes_mini_subset,scene-1094_017,3,Car,17.19733423,0.00000000,64,64,100.00000000
nuscenes_mini_subset,scene-1094_017,4,Car,15.39409877,0.00000000,7,7,100.00000000
nuscenes_mini_subset,scene-1094_017,5,Car,29.12366427,0.00000000,6,6,100.00000000
nuscenes_mini_subset,scene-1094_017,0,Car,21.67950052,0.50000000,27,27,100.00000000
nuscenes_mini_subset,scene-1094_017,1,Car,26.07896442,0.50000000,22,22,100.00000000
nuscenes_mini_subset,scene-1094_017,2,Car,31.77927931,0.50000000,16,16,100.00000000
nuscenes_mini_subset,scene-1094_017,3,Car,17.19733423,0.50000000,64,63,98.43750000
nuscenes_mini_subset,scene-1094_017,4,Car,15.39409877,0.50000000,7,7,100.00000000
nuscenes_mini_subset,scene-1094_017,5,Car,29.12366427,0.50000000,6,6,100.00000000
nuscenes_mini_subset,scene-1094_017,0,Car,21.67950052,1.00000000,27,27,100.00000000
nuscenes_mini_subset,scene-1094_017,1,Car,26.07896442,1.00000000,22,22,100.00000000
nuscenes_mini_subset,scene-1094_017,2,Car,31.77927931,1.00000000,16,16,100.00000000
nuscenes_mini_subset,scene-1094_017,3,Car,17.19733423,1.00000000,64,56,87.50000000
nuscenes_mini_subset,scene-1094_017,4,Car,15.39409877,1.00000000,7,7,100.00000000
nuscenes_mini_subset,scene-1094_017,5,Car,29.12366427,1.00000000,6,6,100.00000000
nuscenes_mini_subset,scene-1094_017,0,Car,21.67950052,2.00000000,27,24,88.88888889
nuscenes_mini_subset,scene-1094_017,1,Car,26.07896442,2.00000000,22,21,95.45454545
nuscenes_mini_subset,scene-1094_017,2,Car,31.77927931,2.00000000,16,14,87.50000000
nuscenes_mini_subset,scene-1094_017,3,Car,17.19733423,2.00000000,64,52,81.25000000
nuscenes_mini_subset,scene-1094_017,4,Car,15.39409877,2.00000000,7,3,42.85714286
nuscenes_mini_subset,scene-1094_017,5,Car,29.12366427,2.00000000,6,6,100.00000000
nuscenes_mini_subset,scene-1094_017,0,Car,21.67950052,3.00000000,27,21,77.77777778
nuscenes_mini_subset,scene-1094_017,1,Car,26.07896442,3.00000000,22,17,77.27272727
nuscenes_mini_subset,scene-1094_017,2,Car,31.77927931,3.00000000,16,9,56.25000000
nuscenes_mini_subset,scene-1094_017,3,Car,17.19733423,3.00000000,64,40,62.50000000
nuscenes_mini_subset,scene-1094_017,4,Car,15.39409877,3.00000000,7,0,0.00000000
nuscenes_mini_subset,scene-1094_017,5,Car,29.12366427,3.00000000,6,3,50.00000000
nuscenes_mini_subset,scene-1094_018,0,Car,19.16450922,-3.00000000,42,25,59.52380952
nuscenes_mini_subset,scene-1094_018,2,Car,29.18526833,-3.00000000,10,10,100.00000000
nuscenes_mini_subset,scene-1094_018,3,Car,18.19826690,-3.00000000,43,23,53.48837209
nuscenes_mini_subset,scene-1094_018,0,Car,19.16450922,-2.00000000,42,32,76.19047619
nuscenes_mini_subset,scene-1094_018,2,Car,29.18526833,-2.00000000,10,10,100.00000000
nuscenes_mini_subset,scene-1094_018,3,Car,18.19826690,-2.00000000,43,31,72.09302326
nuscenes_mini_subset,scene-1094_018,0,Car,19.16450922,-1.00000000,42,36,85.71428571
nuscenes_mini_subset,scene-1094_018,2,Car,29.18526833,-1.00000000,10,10,100.00000000
nuscenes_mini_subset,scene-1094_018,3,Car,18.19826690,-1.00000000,43,39,90.69767442
nuscenes_mini_subset,scene-1094_018,0,Car,19.16450922,-0.50000000,42,39,92.85714286
nuscenes_mini_subset,scene-1094_018,2,Car,29.18526833,-0.50000000,10,10,100.00000000
nuscenes_mini_subset,scene-1094_018,3,Car,18.19826690,-0.50000000,43,43,100.00000000
nuscenes_mini_subset,scene-1094_018,0,Car,19.16450922,0.00000000,42,42,100.00000000
nuscenes_mini_subset,scene-1094_018,2,Car,29.18526833,0.00000000,10,10,100.00000000
nuscenes_mini_subset,scene-1094_018,3,Car,18.19826690,0.00000000,43,43,100.00000000
nuscenes_mini_subset,scene-1094_018,0,Car,19.16450922,0.50000000,42,42,100.00000000
nuscenes_mini_subset,scene-1094_018,2,Car,29.18526833,0.50000000,10,10,100.00000000
nuscenes_mini_subset,scene-1094_018,3,Car,18.19826690,0.50000000,43,40,93.02325581
nuscenes_mini_subset,scene-1094_018,0,Car,19.16450922,1.00000000,42,41,97.61904762
nuscenes_mini_subset,scene-1094_018,2,Car,29.18526833,1.00000000,10,8,80.00000000
nuscenes_mini_subset,scene-1094_018,3,Car,18.19826690,1.00000000,43,40,93.02325581
nuscenes_mini_subset,scene-1094_018,0,Car,19.16450922,2.00000000,42,39,92.85714286
nuscenes_mini_subset,scene-1094_018,2,Car,29.18526833,2.00000000,10,8,80.00000000
nuscenes_mini_subset,scene-1094_018,3,Car,18.19826690,2.00000000,43,32,74.41860465
nuscenes_mini_subset,scene-1094_018,0,Car,19.16450922,3.00000000,42,36,85.71428571
nuscenes_mini_subset,scene-1094_018,2,Car,29.18526833,3.00000000,10,5,50.00000000
nuscenes_mini_subset,scene-1094_018,3,Car,18.19826690,3.00000000,43,22,51.16279070
nuscenes_mini_subset,scene-1094_019,0,Car,16.50725898,-3.00000000,20,5,25.00000000
nuscenes_mini_subset,scene-1094_019,1,Car,26.37259879,-3.00000000,36,32,88.88888889
nuscenes_mini_subset,scene-1094_019,2,Car,19.20388369,-3.00000000,43,26,60.46511628
nuscenes_mini_subset,scene-1094_019,3,Car,23.54307356,-3.00000000,14,8,57.14285714
nuscenes_mini_subset,scene-1094_019,0,Car,16.50725898,-2.00000000,20,11,55.00000000
nuscenes_mini_subset,scene-1094_019,1,Car,26.37259879,-2.00000000,36,35,97.22222222
nuscenes_mini_subset,scene-1094_019,2,Car,19.20388369,-2.00000000,43,34,79.06976744
nuscenes_mini_subset,scene-1094_019,3,Car,23.54307356,-2.00000000,14,11,78.57142857
nuscenes_mini_subset,scene-1094_019,0,Car,16.50725898,-1.00000000,20,16,80.00000000
nuscenes_mini_subset,scene-1094_019,1,Car,26.37259879,-1.00000000,36,36,100.00000000
nuscenes_mini_subset,scene-1094_019,2,Car,19.20388369,-1.00000000,43,40,93.02325581
nuscenes_mini_subset,scene-1094_019,3,Car,23.54307356,-1.00000000,14,14,100.00000000
nuscenes_mini_subset,scene-1094_019,0,Car,16.50725898,-0.50000000,20,19,95.00000000
nuscenes_mini_subset,scene-1094_019,1,Car,26.37259879,-0.50000000,36,36,100.00000000
nuscenes_mini_subset,scene-1094_019,2,Car,19.20388369,-0.50000000,43,42,97.67441860
nuscenes_mini_subset,scene-1094_019,3,Car,23.54307356,-0.50000000,14,14,100.00000000
nuscenes_mini_subset,scene-1094_019,0,Car,16.50725898,0.00000000,20,20,100.00000000
nuscenes_mini_subset,scene-1094_019,1,Car,26.37259879,0.00000000,36,36,100.00000000
nuscenes_mini_subset,scene-1094_019,2,Car,19.20388369,0.00000000,43,43,100.00000000
nuscenes_mini_subset,scene-1094_019,3,Car,23.54307356,0.00000000,14,14,100.00000000
nuscenes_mini_subset,scene-1094_019,0,Car,16.50725898,0.50000000,20,20,100.00000000
nuscenes_mini_subset,scene-1094_019,1,Car,26.37259879,0.50000000,36,36,100.00000000
nuscenes_mini_subset,scene-1094_019,2,Car,19.20388369,0.50000000,43,39,90.69767442
nuscenes_mini_subset,scene-1094_019,3,Car,23.54307356,0.50000000,14,14,100.00000000
nuscenes_mini_subset,scene-1094_019,0,Car,16.50725898,1.00000000,20,19,95.00000000
nuscenes_mini_subset,scene-1094_019,1,Car,26.37259879,1.00000000,36,35,97.22222222
nuscenes_mini_subset,scene-1094_019,2,Car,19.20388369,1.00000000,43,37,86.04651163
nuscenes_mini_subset,scene-1094_019,3,Car,23.54307356,1.00000000,14,12,85.71428571
nuscenes_mini_subset,scene-1094_019,0,Car,16.50725898,2.00000000,20,15,75.00000000
nuscenes_mini_subset,scene-1094_019,1,Car,26.37259879,2.00000000,36,32,88.88888889
nuscenes_mini_subset,scene-1094_019,2,Car,19.20388369,2.00000000,43,28,65.11627907
nuscenes_mini_subset,scene-1094_019,3,Car,23.54307356,2.00000000,14,11,78.57142857
nuscenes_mini_subset,scene-1094_019,0,Car,16.50725898,3.00000000,20,8,40.00000000
nuscenes_mini_subset,scene-1094_019,1,Car,26.37259879,3.00000000,36,26,72.22222222
nuscenes_mini_subset,scene-1094_019,2,Car,19.20388369,3.00000000,43,17,39.53488372
nuscenes_mini_subset,scene-1094_019,3,Car,23.54307356,3.00000000,14,11,78.57142857
nuscenes_mini_subset,scene-1094_020,1,Car,23.87640724,-3.00000000,21,4,19.04761905
nuscenes_mini_subset,scene-1094_020,3,Car,20.05736362,-3.00000000,37,19,51.35135135
nuscenes_mini_subset,scene-1094_020,4,Car,20.93829045,-3.00000000,25,18,72.00000000
nuscenes_mini_subset,scene-1094_020,7,Motorcycle,23.56016426,-3.00000000,7,0,0.00000000
nuscenes_mini_subset,scene-1094_020,1,Car,23.87640724,-2.00000000,21,8,38.09523810
nuscenes_mini_subset,scene-1094_020,3,Car,20.05736362,-2.00000000,37,27,72.97297297
nuscenes_mini_subset,scene-1094_020,4,Car,20.93829045,-2.00000000,25,21,84.00000000
nuscenes_mini_subset,scene-1094_020,7,Motorcycle,23.56016426,-2.00000000,7,1,14.28571429
nuscenes_mini_subset,scene-1094_020,1,Car,23.87640724,-1.00000000,21,13,61.90476190
nuscenes_mini_subset,scene-1094_020,3,Car,20.05736362,-1.00000000,37,35,94.59459459
nuscenes_mini_subset,scene-1094_020,4,Car,20.93829045,-1.00000000,25,24,96.00000000
nuscenes_mini_subset,scene-1094_020,7,Motorcycle,23.56016426,-1.00000000,7,7,100.00000000
nuscenes_mini_subset,scene-1094_020,1,Car,23.87640724,-0.50000000,21,15,71.42857143
nuscenes_mini_subset,scene-1094_020,3,Car,20.05736362,-0.50000000,37,37,100.00000000
nuscenes_mini_subset,scene-1094_020,4,Car,20.93829045,-0.50000000,25,25,100.00000000
nuscenes_mini_subset,scene-1094_020,7,Motorcycle,23.56016426,-0.50000000,7,7,100.00000000
nuscenes_mini_subset,scene-1094_020,1,Car,23.87640724,0.00000000,21,21,100.00000000
nuscenes_mini_subset,scene-1094_020,3,Car,20.05736362,0.00000000,37,37,100.00000000
nuscenes_mini_subset,scene-1094_020,4,Car,20.93829045,0.00000000,25,25,100.00000000
nuscenes_mini_subset,scene-1094_020,7,Motorcycle,23.56016426,0.00000000,7,7,100.00000000
nuscenes_mini_subset,scene-1094_020,1,Car,23.87640724,0.50000000,21,21,100.00000000
nuscenes_mini_subset,scene-1094_020,3,Car,20.05736362,0.50000000,37,34,91.89189189
nuscenes_mini_subset,scene-1094_020,4,Car,20.93829045,0.50000000,25,25,100.00000000
nuscenes_mini_subset,scene-1094_020,7,Motorcycle,23.56016426,0.50000000,7,7,100.00000000
nuscenes_mini_subset,scene-1094_020,1,Car,23.87640724,1.00000000,21,21,100.00000000
nuscenes_mini_subset,scene-1094_020,3,Car,20.05736362,1.00000000,37,31,83.78378378
nuscenes_mini_subset,scene-1094_020,4,Car,20.93829045,1.00000000,25,25,100.00000000
nuscenes_mini_subset,scene-1094_020,7,Motorcycle,23.56016426,1.00000000,7,6,85.71428571
nuscenes_mini_subset,scene-1094_020,1,Car,23.87640724,2.00000000,21,18,85.71428571
nuscenes_mini_subset,scene-1094_020,3,Car,20.05736362,2.00000000,37,22,59.45945946
nuscenes_mini_subset,scene-1094_020,4,Car,20.93829045,2.00000000,25,23,92.00000000
nuscenes_mini_subset,scene-1094_020,7,Motorcycle,23.56016426,2.00000000,7,3,42.85714286
nuscenes_mini_subset,scene-1094_020,1,Car,23.87640724,3.00000000,21,15,71.42857143
nuscenes_mini_subset,scene-1094_020,3,Car,20.05736362,3.00000000,37,16,43.24324324
nuscenes_mini_subset,scene-1094_020,4,Car,20.93829045,3.00000000,25,20,80.00000000
nuscenes_mini_subset,scene-1094_020,7,Motorcycle,23.56016426,3.00000000,7,0,0.00000000
nuscenes_mini_subset,scene-1094_021,3,Car,21.01040051,-3.00000000,40,19,47.50000000
nuscenes_mini_subset,scene-1094_021,4,Car,17.93286124,-3.00000000,24,4,16.66666667
nuscenes_mini_subset,scene-1094_021,7,Motorcycle,17.03434637,-3.00000000,16,8,50.00000000
nuscenes_mini_subset,scene-1094_021,3,Car,21.01040051,-2.00000000,40,28,70.00000000
nuscenes_mini_subset,scene-1094_021,4,Car,17.93286124,-2.00000000,24,13,54.16666667
nuscenes_mini_subset,scene-1094_021,7,Motorcycle,17.03434637,-2.00000000,16,13,81.25000000
nuscenes_mini_subset,scene-1094_021,3,Car,21.01040051,-1.00000000,40,35,87.50000000
nuscenes_mini_subset,scene-1094_021,4,Car,17.93286124,-1.00000000,24,20,83.33333333
nuscenes_mini_subset,scene-1094_021,7,Motorcycle,17.03434637,-1.00000000,16,16,100.00000000
nuscenes_mini_subset,scene-1094_021,3,Car,21.01040051,-0.50000000,40,40,100.00000000
nuscenes_mini_subset,scene-1094_021,4,Car,17.93286124,-0.50000000,24,22,91.66666667
nuscenes_mini_subset,scene-1094_021,7,Motorcycle,17.03434637,-0.50000000,16,16,100.00000000
nuscenes_mini_subset,scene-1094_021,3,Car,21.01040051,0.00000000,40,40,100.00000000
nuscenes_mini_subset,scene-1094_021,4,Car,17.93286124,0.00000000,24,24,100.00000000
nuscenes_mini_subset,scene-1094_021,7,Motorcycle,17.03434637,0.00000000,16,16,100.00000000
nuscenes_mini_subset,scene-1094_021,3,Car,21.01040051,0.50000000,40,36,90.00000000
nuscenes_mini_subset,scene-1094_021,4,Car,17.93286124,0.50000000,24,24,100.00000000
nuscenes_mini_subset,scene-1094_021,7,Motorcycle,17.03434637,0.50000000,16,16,100.00000000
nuscenes_mini_subset,scene-1094_021,3,Car,21.01040051,1.00000000,40,33,82.50000000
nuscenes_mini_subset,scene-1094_021,4,Car,17.93286124,1.00000000,24,24,100.00000000
nuscenes_mini_subset,scene-1094_021,7,Motorcycle,17.03434637,1.00000000,16,15,93.75000000
nuscenes_mini_subset,scene-1094_021,3,Car,21.01040051,2.00000000,40,24,60.00000000
nuscenes_mini_subset,scene-1094_021,4,Car,17.93286124,2.00000000,24,17,70.83333333
nuscenes_mini_subset,scene-1094_021,7,Motorcycle,17.03434637,2.00000000,16,11,68.75000000
nuscenes_mini_subset,scene-1094_021,3,Car,21.01040051,3.00000000,40,15,37.50000000
nuscenes_mini_subset,scene-1094_021,4,Car,17.93286124,3.00000000,24,9,37.50000000
nuscenes_mini_subset,scene-1094_021,7,Motorcycle,17.03434637,3.00000000,16,7,43.75000000
nuscenes_mini_subset,scene-1094_022,3,Car,21.88288488,-3.00000000,23,10,43.47826087
nuscenes_mini_subset,scene-1094_022,6,Pedestrian,25.27543457,-3.00000000,5,0,0.00000000
nuscenes_mini_subset,scene-1094_022,8,Car,20.58469894,-3.00000000,24,18,75.00000000
nuscenes_mini_subset,scene-1094_022,3,Car,21.88288488,-2.00000000,23,16,69.56521739
nuscenes_mini_subset,scene-1094_022,6,Pedestrian,25.27543457,-2.00000000,5,0,0.00000000
nuscenes_mini_subset,scene-1094_022,8,Car,20.58469894,-2.00000000,24,23,95.83333333
nuscenes_mini_subset,scene-1094_022,3,Car,21.88288488,-1.00000000,23,21,91.30434783
nuscenes_mini_subset,scene-1094_022,6,Pedestrian,25.27543457,-1.00000000,5,1,20.00000000
nuscenes_mini_subset,scene-1094_022,8,Car,20.58469894,-1.00000000,24,24,100.00000000
nuscenes_mini_subset,scene-1094_022,3,Car,21.88288488,-0.50000000,23,23,100.00000000
nuscenes_mini_subset,scene-1094_022,6,Pedestrian,25.27543457,-0.50000000,5,4,80.00000000
nuscenes_mini_subset,scene-1094_022,8,Car,20.58469894,-0.50000000,24,24,100.00000000
nuscenes_mini_subset,scene-1094_022,3,Car,21.88288488,0.00000000,23,23,100.00000000
nuscenes_mini_subset,scene-1094_022,6,Pedestrian,25.27543457,0.00000000,5,5,100.00000000
nuscenes_mini_subset,scene-1094_022,8,Car,20.58469894,0.00000000,24,24,100.00000000
nuscenes_mini_subset,scene-1094_022,3,Car,21.88288488,0.50000000,23,20,86.95652174
nuscenes_mini_subset,scene-1094_022,6,Pedestrian,25.27543457,0.50000000,5,4,80.00000000
nuscenes_mini_subset,scene-1094_022,8,Car,20.58469894,0.50000000,24,24,100.00000000
nuscenes_mini_subset,scene-1094_022,3,Car,21.88288488,1.00000000,23,20,86.95652174
nuscenes_mini_subset,scene-1094_022,6,Pedestrian,25.27543457,1.00000000,5,2,40.00000000
nuscenes_mini_subset,scene-1094_022,8,Car,20.58469894,1.00000000,24,24,100.00000000
nuscenes_mini_subset,scene-1094_022,3,Car,21.88288488,2.00000000,23,15,65.21739130
nuscenes_mini_subset,scene-1094_022,6,Pedestrian,25.27543457,2.00000000,5,0,0.00000000
nuscenes_mini_subset,scene-1094_022,8,Car,20.58469894,2.00000000,24,23,95.83333333
nuscenes_mini_subset,scene-1094_022,3,Car,21.88288488,3.00000000,23,9,39.13043478
nuscenes_mini_subset,scene-1094_022,6,Pedestrian,25.27543457,3.00000000,5,0,0.00000000
nuscenes_mini_subset,scene-1094_022,8,Car,20.58469894,3.00000000,24,20,83.33333333
nuscenes_mini_subset,scene-1094_023,3,Car,22.91134597,-3.00000000,18,8,44.44444444
nuscenes_mini_subset,scene-1094_023,6,Pedestrian,20.41153957,-3.00000000,6,0,0.00000000
nuscenes_mini_subset,scene-1094_023,8,Car,16.59190882,-3.00000000,10,0,0.00000000
nuscenes_mini_subset,scene-1094_023,3,Car,22.91134597,-2.00000000,18,11,61.11111111
nuscenes_mini_subset,scene-1094_023,6,Pedestrian,20.41153957,-2.00000000,6,0,0.00000000
nuscenes_mini_subset,scene-1094_023,8,Car,16.59190882,-2.00000000,10,0,0.00000000
nuscenes_mini_subset,scene-1094_023,3,Car,22.91134597,-1.00000000,18,15,83.33333333
nuscenes_mini_subset,scene-1094_023,6,Pedestrian,20.41153957,-1.00000000,6,2,33.33333333
nuscenes_mini_subset,scene-1094_023,8,Car,16.59190882,-1.00000000,10,3,30.00000000
nuscenes_mini_subset,scene-1094_023,3,Car,22.91134597,-0.50000000,18,17,94.44444444
nuscenes_mini_subset,scene-1094_023,6,Pedestrian,20.41153957,-0.50000000,6,4,66.66666667
nuscenes_mini_subset,scene-1094_023,8,Car,16.59190882,-0.50000000,10,7,70.00000000
nuscenes_mini_subset,scene-1094_023,3,Car,22.91134597,0.00000000,18,18,100.00000000
nuscenes_mini_subset,scene-1094_023,6,Pedestrian,20.41153957,0.00000000,6,6,100.00000000
nuscenes_mini_subset,scene-1094_023,8,Car,16.59190882,0.00000000,10,10,100.00000000
nuscenes_mini_subset,scene-1094_023,3,Car,22.91134597,0.50000000,18,16,88.88888889
nuscenes_mini_subset,scene-1094_023,6,Pedestrian,20.41153957,0.50000000,6,6,100.00000000
nuscenes_mini_subset,scene-1094_023,8,Car,16.59190882,0.50000000,10,10,100.00000000
nuscenes_mini_subset,scene-1094_023,3,Car,22.91134597,1.00000000,18,15,83.33333333
nuscenes_mini_subset,scene-1094_023,6,Pedestrian,20.41153957,1.00000000,6,5,83.33333333
nuscenes_mini_subset,scene-1094_023,8,Car,16.59190882,1.00000000,10,10,100.00000000
nuscenes_mini_subset,scene-1094_023,3,Car,22.91134597,2.00000000,18,10,55.55555556
nuscenes_mini_subset,scene-1094_023,6,Pedestrian,20.41153957,2.00000000,6,0,0.00000000
nuscenes_mini_subset,scene-1094_023,8,Car,16.59190882,2.00000000,10,5,50.00000000
nuscenes_mini_subset,scene-1094_023,3,Car,22.91134597,3.00000000,18,7,38.88888889
nuscenes_mini_subset,scene-1094_023,6,Pedestrian,20.41153957,3.00000000,6,0,0.00000000
nuscenes_mini_subset,scene-1094_023,8,Car,16.59190882,3.00000000,10,0,0.00000000
nuscenes_mini_subset,scene-1094_024,3,Car,23.56298078,-3.00000000,30,10,33.33333333
nuscenes_mini_subset,scene-1094_024,6,Pedestrian,15.90361329,-3.00000000,15,0,0.00000000
nuscenes_mini_subset,scene-1094_024,3,Car,23.56298078,-2.00000000,30,18,60.00000000
nuscenes_mini_subset,scene-1094_024,6,Pedestrian,15.90361329,-2.00000000,15,2,13.33333333
nuscenes_mini_subset,scene-1094_024,3,Car,23.56298078,-1.00000000,30,26,86.66666667
nuscenes_mini_subset,scene-1094_024,6,Pedestrian,15.90361329,-1.00000000,15,9,60.00000000
nuscenes_mini_subset,scene-1094_024,3,Car,23.56298078,-0.50000000,30,29,96.66666667
nuscenes_mini_subset,scene-1094_024,6,Pedestrian,15.90361329,-0.50000000,15,13,86.66666667
nuscenes_mini_subset,scene-1094_024,3,Car,23.56298078,0.00000000,30,30,100.00000000
nuscenes_mini_subset,scene-1094_024,6,Pedestrian,15.90361329,0.00000000,15,15,100.00000000
nuscenes_mini_subset,scene-1094_024,3,Car,23.56298078,0.50000000,30,29,96.66666667
nuscenes_mini_subset,scene-1094_024,6,Pedestrian,15.90361329,0.50000000,15,14,93.33333333
nuscenes_mini_subset,scene-1094_024,3,Car,23.56298078,1.00000000,30,26,86.66666667
nuscenes_mini_subset,scene-1094_024,6,Pedestrian,15.90361329,1.00000000,15,12,80.00000000
nuscenes_mini_subset,scene-1094_024,3,Car,23.56298078,2.00000000,30,18,60.00000000
nuscenes_mini_subset,scene-1094_024,6,Pedestrian,15.90361329,2.00000000,15,4,26.66666667
nuscenes_mini_subset,scene-1094_024,3,Car,23.56298078,3.00000000,30,10,33.33333333
nuscenes_mini_subset,scene-1094_024,6,Pedestrian,15.90361329,3.00000000,15,0,0.00000000
nuscenes_mini_subset,scene-1094_025,0,Pedestrian,29.05626974,-3.00000000,6,0,0.00000000
nuscenes_mini_subset,scene-1094_025,4,Car,24.32654201,-3.00000000,42,13,30.95238095
nuscenes_mini_subset,scene-1094_025,7,Pedestrian,11.37246518,-3.00000000,19,1,5.26315789
nuscenes_mini_subset,scene-1094_025,0,Pedestrian,29.05626974,-2.00000000,6,0,0.00000000
nuscenes_mini_subset,scene-1094_025,4,Car,24.32654201,-2.00000000,42,25,59.52380952
nuscenes_mini_subset,scene-1094_025,7,Pedestrian,11.37246518,-2.00000000,19,7,36.84210526
nuscenes_mini_subset,scene-1094_025,0,Pedestrian,29.05626974,-1.00000000,6,3,50.00000000
nuscenes_mini_subset,scene-1094_025,4,Car,24.32654201,-1.00000000,42,37,88.09523810
nuscenes_mini_subset,scene-1094_025,7,Pedestrian,11.37246518,-1.00000000,19,16,84.21052632
nuscenes_mini_subset,scene-1094_025,0,Pedestrian,29.05626974,-0.50000000,6,6,100.00000000
nuscenes_mini_subset,scene-1094_025,4,Car,24.32654201,-0.50000000,42,39,92.85714286
nuscenes_mini_subset,scene-1094_025,7,Pedestrian,11.37246518,-0.50000000,19,19,100.00000000
nuscenes_mini_subset,scene-1094_025,0,Pedestrian,29.05626974,0.00000000,6,6,100.00000000
nuscenes_mini_subset,scene-1094_025,4,Car,24.32654201,0.00000000,42,42,100.00000000
nuscenes_mini_subset,scene-1094_025,7,Pedestrian,11.37246518,0.00000000,19,19,100.00000000
nuscenes_mini_subset,scene-1094_025,0,Pedestrian,29.05626974,0.50000000,6,5,83.33333333
nuscenes_mini_subset,scene-1094_025,4,Car,24.32654201,0.50000000,42,39,92.85714286
nuscenes_mini_subset,scene-1094_025,7,Pedestrian,11.37246518,0.50000000,19,19,100.00000000
nuscenes_mini_subset,scene-1094_025,0,Pedestrian,29.05626974,1.00000000,6,3,50.00000000
nuscenes_mini_subset,scene-1094_025,4,Car,24.32654201,1.00000000,42,36,85.71428571
nuscenes_mini_subset,scene-1094_025,7,Pedestrian,11.37246518,1.00000000,19,18,94.73684211
nuscenes_mini_subset,scene-1094_025,0,Pedestrian,29.05626974,2.00000000,6,0,0.00000000
nuscenes_mini_subset,scene-1094_025,4,Car,24.32654201,2.00000000,42,25,59.52380952
nuscenes_mini_subset,scene-1094_025,7,Pedestrian,11.37246518,2.00000000,19,11,57.89473684
nuscenes_mini_subset,scene-1094_025,0,Pedestrian,29.05626974,3.00000000,6,0,0.00000000
nuscenes_mini_subset,scene-1094_025,4,Car,24.32654201,3.00000000,42,13,30.95238095
nuscenes_mini_subset,scene-1094_025,7,Pedestrian,11.37246518,3.00000000,19,2,10.52631579
nuscenes_mini_subset,scene-1094_026,0,Pedestrian,25.13484165,-3.00000000,5,0,0.00000000
nuscenes_mini_subset,scene-1094_026,4,Car,25.02973210,-3.00000000,30,7,23.33333333
nuscenes_mini_subset,scene-1094_026,5,Pedestrian,18.05261556,-3.00000000,5,0,0.00000000
nuscenes_mini_subset,scene-1094_026,6,Car,42.32875262,-3.00000000,6,1,16.66666667
nuscenes_mini_subset,scene-1094_026,7,Pedestrian,19.06629093,-3.00000000,6,0,0.00000000
nuscenes_mini_subset,scene-1094_026,0,Pedestrian,25.13484165,-2.00000000,5,0,0.00000000
nuscenes_mini_subset,scene-1094_026,4,Car,25.02973210,-2.00000000,30,15,50.00000000
nuscenes_mini_subset,scene-1094_026,5,Pedestrian,18.05261556,-2.00000000,5,0,0.00000000
nuscenes_mini_subset,scene-1094_026,6,Car,42.32875262,-2.00000000,6,3,50.00000000
nuscenes_mini_subset,scene-1094_026,7,Pedestrian,19.06629093,-2.00000000,6,0,0.00000000
nuscenes_mini_subset,scene-1094_026,0,Pedestrian,25.13484165,-1.00000000,5,4,80.00000000
nuscenes_mini_subset,scene-1094_026,4,Car,25.02973210,-1.00000000,30,24,80.00000000
nuscenes_mini_subset,scene-1094_026,5,Pedestrian,18.05261556,-1.00000000,5,2,40.00000000
nuscenes_mini_subset,scene-1094_026,6,Car,42.32875262,-1.00000000,6,6,100.00000000
nuscenes_mini_subset,scene-1094_026,7,Pedestrian,19.06629093,-1.00000000,6,5,83.33333333
nuscenes_mini_subset,scene-1094_026,0,Pedestrian,25.13484165,-0.50000000,5,5,100.00000000
nuscenes_mini_subset,scene-1094_026,4,Car,25.02973210,-0.50000000,30,28,93.33333333
nuscenes_mini_subset,scene-1094_026,5,Pedestrian,18.05261556,-0.50000000,5,4,80.00000000
nuscenes_mini_subset,scene-1094_026,6,Car,42.32875262,-0.50000000,6,6,100.00000000
nuscenes_mini_subset,scene-1094_026,7,Pedestrian,19.06629093,-0.50000000,6,6,100.00000000
nuscenes_mini_subset,scene-1094_026,0,Pedestrian,25.13484165,0.00000000,5,5,100.00000000
nuscenes_mini_subset,scene-1094_026,4,Car,25.02973210,0.00000000,30,30,100.00000000
nuscenes_mini_subset,scene-1094_026,5,Pedestrian,18.05261556,0.00000000,5,5,100.00000000
nuscenes_mini_subset,scene-1094_026,6,Car,42.32875262,0.00000000,6,6,100.00000000
nuscenes_mini_subset,scene-1094_026,7,Pedestrian,19.06629093,0.00000000,6,6,100.00000000
nuscenes_mini_subset,scene-1094_026,0,Pedestrian,25.13484165,0.50000000,5,5,100.00000000
nuscenes_mini_subset,scene-1094_026,4,Car,25.02973210,0.50000000,30,28,93.33333333
nuscenes_mini_subset,scene-1094_026,5,Pedestrian,18.05261556,0.50000000,5,5,100.00000000
nuscenes_mini_subset,scene-1094_026,6,Car,42.32875262,0.50000000,6,5,83.33333333
nuscenes_mini_subset,scene-1094_026,7,Pedestrian,19.06629093,0.50000000,6,6,100.00000000
nuscenes_mini_subset,scene-1094_026,0,Pedestrian,25.13484165,1.00000000,5,2,40.00000000
nuscenes_mini_subset,scene-1094_026,4,Car,25.02973210,1.00000000,30,27,90.00000000
nuscenes_mini_subset,scene-1094_026,5,Pedestrian,18.05261556,1.00000000,5,5,100.00000000
nuscenes_mini_subset,scene-1094_026,6,Car,42.32875262,1.00000000,6,5,83.33333333
nuscenes_mini_subset,scene-1094_026,7,Pedestrian,19.06629093,1.00000000,6,5,83.33333333
nuscenes_mini_subset,scene-1094_026,0,Pedestrian,25.13484165,2.00000000,5,0,0.00000000
nuscenes_mini_subset,scene-1094_026,4,Car,25.02973210,2.00000000,30,20,66.66666667
nuscenes_mini_subset,scene-1094_026,5,Pedestrian,18.05261556,2.00000000,5,0,0.00000000
nuscenes_mini_subset,scene-1094_026,6,Car,42.32875262,2.00000000,6,4,66.66666667
nuscenes_mini_subset,scene-1094_026,7,Pedestrian,19.06629093,2.00000000,6,0,0.00000000
nuscenes_mini_subset,scene-1094_026,0,Pedestrian,25.13484165,3.00000000,5,0,0.00000000
nuscenes_mini_subset,scene-1094_026,4,Car,25.02973210,3.00000000,30,11,36.66666667
nuscenes_mini_subset,scene-1094_026,5,Pedestrian,18.05261556,3.00000000,5,0,0.00000000
nuscenes_mini_subset,scene-1094_026,6,Car,42.32875262,3.00000000,6,1,16.66666667
nuscenes_mini_subset,scene-1094_026,7,Pedestrian,19.06629093,3.00000000,6,0,0.00000000
nuscenes_mini_subset,scene-1094_027,0,Pedestrian,21.11522978,-3.00000000,6,0,0.00000000
nuscenes_mini_subset,scene-1094_027,4,Car,25.79445321,-3.00000000,29,6,20.68965517
nuscenes_mini_subset,scene-1094_027,6,Pedestrian,13.03577487,-3.00000000,13,0,0.00000000
nuscenes_mini_subset,scene-1094_027,7,Car,34.70765637,-3.00000000,5,2,40.00000000
nuscenes_mini_subset,scene-1094_027,8,Pedestrian,14.20431198,-3.00000000,22,2,9.09090909
nuscenes_mini_subset,scene-1094_027,0,Pedestrian,21.11522978,-2.00000000,6,0,0.00000000
nuscenes_mini_subset,scene-1094_027,4,Car,25.79445321,-2.00000000,29,15,51.72413793
nuscenes_mini_subset,scene-1094_027,6,Pedestrian,13.03577487,-2.00000000,13,0,0.00000000
nuscenes_mini_subset,scene-1094_027,7,Car,34.70765637,-2.00000000,5,3,60.00000000
nuscenes_mini_subset,scene-1094_027,8,Pedestrian,14.20431198,-2.00000000,22,7,31.81818182
nuscenes_mini_subset,scene-1094_027,0,Pedestrian,21.11522978,-1.00000000,6,4,66.66666667
nuscenes_mini_subset,scene-1094_027,4,Car,25.79445321,-1.00000000,29,23,79.31034483
nuscenes_mini_subset,scene-1094_027,6,Pedestrian,13.03577487,-1.00000000,13,5,38.46153846
nuscenes_mini_subset,scene-1094_027,7,Car,34.70765637,-1.00000000,5,5,100.00000000
nuscenes_mini_subset,scene-1094_027,8,Pedestrian,14.20431198,-1.00000000,22,17,77.27272727
nuscenes_mini_subset,scene-1094_027,0,Pedestrian,21.11522978,-0.50000000,6,6,100.00000000
nuscenes_mini_subset,scene-1094_027,4,Car,25.79445321,-0.50000000,29,27,93.10344828
nuscenes_mini_subset,scene-1094_027,6,Pedestrian,13.03577487,-0.50000000,13,11,84.61538462
nuscenes_mini_subset,scene-1094_027,7,Car,34.70765637,-0.50000000,5,5,100.00000000
nuscenes_mini_subset,scene-1094_027,8,Pedestrian,14.20431198,-0.50000000,22,21,95.45454545
nuscenes_mini_subset,scene-1094_027,0,Pedestrian,21.11522978,0.00000000,6,6,100.00000000
nuscenes_mini_subset,scene-1094_027,4,Car,25.79445321,0.00000000,29,29,100.00000000
nuscenes_mini_subset,scene-1094_027,6,Pedestrian,13.03577487,0.00000000,13,13,100.00000000
nuscenes_mini_subset,scene-1094_027,7,Car,34.70765637,0.00000000,5,5,100.00000000
nuscenes_mini_subset,scene-1094_027,8,Pedestrian,14.20431198,0.00000000,22,22,100.00000000
nuscenes_mini_subset,scene-1094_027,0,Pedestrian,21.11522978,0.50000000,6,6,100.00000000
nuscenes_mini_subset,scene-1094_027,4,Car,25.79445321,0.50000000,29,27,93.10344828
nuscenes_mini_subset,scene-1094_027,6,Pedestrian,13.03577487,0.50000000,13,13,100.00000000
nuscenes_mini_subset,scene-1094_027,7,Car,34.70765637,0.50000000,5,5,100.00000000
nuscenes_mini_subset,scene-1094_027,8,Pedestrian,14.20431198,0.50000000,22,22,100.00000000
nuscenes_mini_subset,scene-1094_027,0,Pedestrian,21.11522978,1.00000000,6,3,50.00000000
nuscenes_mini_subset,scene-1094_027,4,Car,25.79445321,1.00000000,29,25,86.20689655
nuscenes_mini_subset,scene-1094_027,6,Pedestrian,13.03577487,1.00000000,13,13,100.00000000
nuscenes_mini_subset,scene-1094_027,7,Car,34.70765637,1.00000000,5,4,80.00000000
nuscenes_mini_subset,scene-1094_027,8,Pedestrian,14.20431198,1.00000000,22,20,90.90909091
nuscenes_mini_subset,scene-1094_027,0,Pedestrian,21.11522978,2.00000000,6,0,0.00000000
nuscenes_mini_subset,scene-1094_027,4,Car,25.79445321,2.00000000,29,17,58.62068966
nuscenes_mini_subset,scene-1094_027,6,Pedestrian,13.03577487,2.00000000,13,6,46.15384615
nuscenes_mini_subset,scene-1094_027,7,Car,34.70765637,2.00000000,5,3,60.00000000
nuscenes_mini_subset,scene-1094_027,8,Pedestrian,14.20431198,2.00000000,22,13,59.09090909
nuscenes_mini_subset,scene-1094_027,0,Pedestrian,21.11522978,3.00000000,6,0,0.00000000
nuscenes_mini_subset,scene-1094_027,4,Car,25.79445321,3.00000000,29,9,31.03448276
nuscenes_mini_subset,scene-1094_027,6,Pedestrian,13.03577487,3.00000000,13,0,0.00000000
nuscenes_mini_subset,scene-1094_027,7,Car,34.70765637,3.00000000,5,2,40.00000000
nuscenes_mini_subset,scene-1094_027,8,Pedestrian,14.20431198,3.00000000,22,4,18.18181818
nuscenes_mini_subset,scene-1094_028,0,Pedestrian,17.07971457,-3.00000000,9,0,0.00000000
nuscenes_mini_subset,scene-1094_028,2,Car,25.26737292,-3.00000000,7,3,42.85714286
nuscenes_mini_subset,scene-1094_028,4,Car,26.64049540,-3.00000000,9,2,22.22222222
nuscenes_mini_subset,scene-1094_028,6,Pedestrian,8.06600903,-3.00000000,49,9,18.36734694
nuscenes_mini_subset,scene-1094_028,7,Car,27.38516847,-3.00000000,9,4,44.44444444
nuscenes_mini_subset,scene-1094_028,0,Pedestrian,17.07971457,-2.00000000,9,3,33.33333333
nuscenes_mini_subset,scene-1094_028,2,Car,25.26737292,-2.00000000,7,4,57.14285714
nuscenes_mini_subset,scene-1094_028,4,Car,26.64049540,-2.00000000,9,3,33.33333333
nuscenes_mini_subset,scene-1094_028,6,Pedestrian,8.06600903,-2.00000000,49,19,38.77551020
nuscenes_mini_subset,scene-1094_028,7,Car,27.38516847,-2.00000000,9,6,66.66666667
nuscenes_mini_subset,scene-1094_028,0,Pedestrian,17.07971457,-1.00000000,9,9,100.00000000
nuscenes_mini_subset,scene-1094_028,2,Car,25.26737292,-1.00000000,7,7,100.00000000
nuscenes_mini_subset,scene-1094_028,4,Car,26.64049540,-1.00000000,9,7,77.77777778
nuscenes_mini_subset,scene-1094_028,6,Pedestrian,8.06600903,-1.00000000,49,41,83.67346939
nuscenes_mini_subset,scene-1094_028,7,Car,27.38516847,-1.00000000,9,9,100.00000000
nuscenes_mini_subset,scene-1094_028,0,Pedestrian,17.07971457,-0.50000000,9,9,100.00000000
nuscenes_mini_subset,scene-1094_028,2,Car,25.26737292,-0.50000000,7,7,100.00000000
nuscenes_mini_subset,scene-1094_028,4,Car,26.64049540,-0.50000000,9,9,100.00000000
nuscenes_mini_subset,scene-1094_028,6,Pedestrian,8.06600903,-0.50000000,49,47,95.91836735
nuscenes_mini_subset,scene-1094_028,7,Car,27.38516847,-0.50000000,9,9,100.00000000
nuscenes_mini_subset,scene-1094_028,0,Pedestrian,17.07971457,0.00000000,9,9,100.00000000
nuscenes_mini_subset,scene-1094_028,2,Car,25.26737292,0.00000000,7,7,100.00000000
nuscenes_mini_subset,scene-1094_028,4,Car,26.64049540,0.00000000,9,9,100.00000000
nuscenes_mini_subset,scene-1094_028,6,Pedestrian,8.06600903,0.00000000,49,49,100.00000000
nuscenes_mini_subset,scene-1094_028,7,Car,27.38516847,0.00000000,9,9,100.00000000
nuscenes_mini_subset,scene-1094_028,0,Pedestrian,17.07971457,0.50000000,9,9,100.00000000
nuscenes_mini_subset,scene-1094_028,2,Car,25.26737292,0.50000000,7,7,100.00000000
nuscenes_mini_subset,scene-1094_028,4,Car,26.64049540,0.50000000,9,8,88.88888889
nuscenes_mini_subset,scene-1094_028,6,Pedestrian,8.06600903,0.50000000,49,49,100.00000000
nuscenes_mini_subset,scene-1094_028,7,Car,27.38516847,0.50000000,9,9,100.00000000
nuscenes_mini_subset,scene-1094_028,0,Pedestrian,17.07971457,1.00000000,9,8,88.88888889
nuscenes_mini_subset,scene-1094_028,2,Car,25.26737292,1.00000000,7,7,100.00000000
nuscenes_mini_subset,scene-1094_028,4,Car,26.64049540,1.00000000,9,7,77.77777778
nuscenes_mini_subset,scene-1094_028,6,Pedestrian,8.06600903,1.00000000,49,46,93.87755102
nuscenes_mini_subset,scene-1094_028,7,Car,27.38516847,1.00000000,9,9,100.00000000
nuscenes_mini_subset,scene-1094_028,0,Pedestrian,17.07971457,2.00000000,9,1,11.11111111
nuscenes_mini_subset,scene-1094_028,2,Car,25.26737292,2.00000000,7,7,100.00000000
nuscenes_mini_subset,scene-1094_028,4,Car,26.64049540,2.00000000,9,6,66.66666667
nuscenes_mini_subset,scene-1094_028,6,Pedestrian,8.06600903,2.00000000,49,43,87.75510204
nuscenes_mini_subset,scene-1094_028,7,Car,27.38516847,2.00000000,9,9,100.00000000
nuscenes_mini_subset,scene-1094_028,0,Pedestrian,17.07971457,3.00000000,9,0,0.00000000
nuscenes_mini_subset,scene-1094_028,2,Car,25.26737292,3.00000000,7,6,85.71428571
nuscenes_mini_subset,scene-1094_028,4,Car,26.64049540,3.00000000,9,3,33.33333333
nuscenes_mini_subset,scene-1094_028,6,Pedestrian,8.06600903,3.00000000,49,34,69.38775510
nuscenes_mini_subset,scene-1094_028,7,Car,27.38516847,3.00000000,9,8,88.88888889
nuscenes_mini_subset,scene-1094_029,0,Pedestrian,13.04789244,-3.00000000,19,3,15.78947368
nuscenes_mini_subset,scene-1094_029,1,Bus,50.46688714,-3.00000000,6,6,100.00000000
nuscenes_mini_subset,scene-1094_029,2,Car,17.05631867,-3.00000000,6,2,33.33333333
nuscenes_mini_subset,scene-1094_029,3,Car,27.36059449,-3.00000000,19,3,15.78947368
nuscenes_mini_subset,scene-1094_029,0,Pedestrian,13.04789244,-2.00000000,19,15,78.94736842
nuscenes_mini_subset,scene-1094_029,1,Bus,50.46688714,-2.00000000,6,6,100.00000000
nuscenes_mini_subset,scene-1094_029,2,Car,17.05631867,-2.00000000,6,3,50.00000000
nuscenes_mini_subset,scene-1094_029,3,Car,27.36059449,-2.00000000,19,8,42.10526316
nuscenes_mini_subset,scene-1094_029,0,Pedestrian,13.04789244,-1.00000000,19,19,100.00000000
nuscenes_mini_subset,scene-1094_029,1,Bus,50.46688714,-1.00000000,6,6,100.00000000
nuscenes_mini_subset,scene-1094_029,2,Car,17.05631867,-1.00000000,6,5,83.33333333
nuscenes_mini_subset,scene-1094_029,3,Car,27.36059449,-1.00000000,19,16,84.21052632
nuscenes_mini_subset,scene-1094_029,0,Pedestrian,13.04789244,-0.50000000,19,19,100.00000000
nuscenes_mini_subset,scene-1094_029,1,Bus,50.46688714,-0.50000000,6,6,100.00000000
nuscenes_mini_subset,scene-1094_029,2,Car,17.05631867,-0.50000000,6,5,83.33333333
nuscenes_mini_subset,scene-1094_029,3,Car,27.36059449,-0.50000000,19,19,100.00000000
nuscenes_mini_subset,scene-1094_029,0,Pedestrian,13.04789244,0.00000000,19,19,100.00000000
nuscenes_mini_subset,scene-1094_029,1,Bus,50.46688714,0.00000000,6,6,100.00000000
nuscenes_mini_subset,scene-1094_029,2,Car,17.05631867,0.00000000,6,6,100.00000000
nuscenes_mini_subset,scene-1094_029,3,Car,27.36059449,0.00000000,19,19,100.00000000
nuscenes_mini_subset,scene-1094_029,0,Pedestrian,13.04789244,0.50000000,19,19,100.00000000
nuscenes_mini_subset,scene-1094_029,1,Bus,50.46688714,0.50000000,6,6,100.00000000
nuscenes_mini_subset,scene-1094_029,2,Car,17.05631867,0.50000000,6,6,100.00000000
nuscenes_mini_subset,scene-1094_029,3,Car,27.36059449,0.50000000,19,18,94.73684211
nuscenes_mini_subset,scene-1094_029,0,Pedestrian,13.04789244,1.00000000,19,17,89.47368421
nuscenes_mini_subset,scene-1094_029,1,Bus,50.46688714,1.00000000,6,6,100.00000000
nuscenes_mini_subset,scene-1094_029,2,Car,17.05631867,1.00000000,6,6,100.00000000
nuscenes_mini_subset,scene-1094_029,3,Car,27.36059449,1.00000000,19,16,84.21052632
nuscenes_mini_subset,scene-1094_029,0,Pedestrian,13.04789244,2.00000000,19,5,26.31578947
nuscenes_mini_subset,scene-1094_029,1,Bus,50.46688714,2.00000000,6,3,50.00000000
nuscenes_mini_subset,scene-1094_029,2,Car,17.05631867,2.00000000,6,5,83.33333333
nuscenes_mini_subset,scene-1094_029,3,Car,27.36059449,2.00000000,19,11,57.89473684
nuscenes_mini_subset,scene-1094_029,0,Pedestrian,13.04789244,3.00000000,19,0,0.00000000
nuscenes_mini_subset,scene-1094_029,1,Bus,50.46688714,3.00000000,6,1,16.66666667
nuscenes_mini_subset,scene-1094_029,2,Car,17.05631867,3.00000000,6,5,83.33333333
nuscenes_mini_subset,scene-1094_029,3,Car,27.36059449,3.00000000,19,3,15.78947368
nuscenes_mini_subset,scene-1094_030,0,Pedestrian,9.05649421,-3.00000000,42,27,64.28571429
nuscenes_mini_subset,scene-1094_030,1,Bus,42.42741310,-3.00000000,32,24,75.00000000
nuscenes_mini_subset,scene-1094_030,2,Car,28.22670570,-3.00000000,8,1,12.50000000
nuscenes_mini_subset,scene-1094_030,0,Pedestrian,9.05649421,-2.00000000,42,37,88.09523810
nuscenes_mini_subset,scene-1094_030,1,Bus,42.42741310,-2.00000000,32,27,84.37500000
nuscenes_mini_subset,scene-1094_030,2,Car,28.22670570,-2.00000000,8,4,50.00000000
nuscenes_mini_subset,scene-1094_030,0,Pedestrian,9.05649421,-1.00000000,42,41,97.61904762
nuscenes_mini_subset,scene-1094_030,1,Bus,42.42741310,-1.00000000,32,30,93.75000000
nuscenes_mini_subset,scene-1094_030,2,Car,28.22670570,-1.00000000,8,7,87.50000000
nuscenes_mini_subset,scene-1094_030,0,Pedestrian,9.05649421,-0.50000000,42,42,100.00000000
nuscenes_mini_subset,scene-1094_030,1,Bus,42.42741310,-0.50000000,32,32,100.00000000
nuscenes_mini_subset,scene-1094_030,2,Car,28.22670570,-0.50000000,8,8,100.00000000
nuscenes_mini_subset,scene-1094_030,0,Pedestrian,9.05649421,0.00000000,42,42,100.00000000
nuscenes_mini_subset,scene-1094_030,1,Bus,42.42741310,0.00000000,32,32,100.00000000
nuscenes_mini_subset,scene-1094_030,2,Car,28.22670570,0.00000000,8,8,100.00000000
nuscenes_mini_subset,scene-1094_030,0,Pedestrian,9.05649421,0.50000000,42,42,100.00000000
nuscenes_mini_subset,scene-1094_030,1,Bus,42.42741310,0.50000000,32,32,100.00000000
nuscenes_mini_subset,scene-1094_030,2,Car,28.22670570,0.50000000,8,7,87.50000000
nuscenes_mini_subset,scene-1094_030,0,Pedestrian,9.05649421,1.00000000,42,39,92.85714286
nuscenes_mini_subset,scene-1094_030,1,Bus,42.42741310,1.00000000,32,30,93.75000000
nuscenes_mini_subset,scene-1094_030,2,Car,28.22670570,1.00000000,8,7,87.50000000
nuscenes_mini_subset,scene-1094_030,0,Pedestrian,9.05649421,2.00000000,42,19,45.23809524
nuscenes_mini_subset,scene-1094_030,1,Bus,42.42741310,2.00000000,32,22,68.75000000
nuscenes_mini_subset,scene-1094_030,2,Car,28.22670570,2.00000000,8,4,50.00000000
nuscenes_mini_subset,scene-1094_030,0,Pedestrian,9.05649421,3.00000000,42,8,19.04761905
nuscenes_mini_subset,scene-1094_030,1,Bus,42.42741310,3.00000000,32,17,53.12500000
nuscenes_mini_subset,scene-1094_030,2,Car,28.22670570,3.00000000,8,1,12.50000000
nuscenes_mini_subset,scene-1094_031,0,Bus,34.20660117,-3.00000000,47,39,82.97872340
nuscenes_mini_subset,scene-1094_031,1,Car,28.75016833,-3.00000000,9,3,33.33333333
nuscenes_mini_subset,scene-1094_031,0,Bus,34.20660117,-2.00000000,47,42,89.36170213
nuscenes_mini_subset,scene-1094_031,1,Car,28.75016833,-2.00000000,9,5,55.55555556
nuscenes_mini_subset,scene-1094_031,0,Bus,34.20660117,-1.00000000,47,45,95.74468085
nuscenes_mini_subset,scene-1094_031,1,Car,28.75016833,-1.00000000,9,7,77.77777778
nuscenes_mini_subset,scene-1094_031,0,Bus,34.20660117,-0.50000000,47,47,100.00000000
nuscenes_mini_subset,scene-1094_031,1,Car,28.75016833,-0.50000000,9,9,100.00000000
nuscenes_mini_subset,scene-1094_031,0,Bus,34.20660117,0.00000000,47,47,100.00000000
nuscenes_mini_subset,scene-1094_031,1,Car,28.75016833,0.00000000,9,9,100.00000000
nuscenes_mini_subset,scene-1094_031,0,Bus,34.20660117,0.50000000,47,46,97.87234043
nuscenes_mini_subset,scene-1094_031,1,Car,28.75016833,0.50000000,9,8,88.88888889
nuscenes_mini_subset,scene-1094_031,0,Bus,34.20660117,1.00000000,47,44,93.61702128
nuscenes_mini_subset,scene-1094_031,1,Car,28.75016833,1.00000000,9,6,66.66666667
nuscenes_mini_subset,scene-1094_031,0,Bus,34.20660117,2.00000000,47,35,74.46808511
nuscenes_mini_subset,scene-1094_031,1,Car,28.75016833,2.00000000,9,3,33.33333333
nuscenes_mini_subset,scene-1094_031,0,Bus,34.20660117,3.00000000,47,27,57.44680851
nuscenes_mini_subset,scene-1094_031,1,Car,28.75016833,3.00000000,9,1,11.11111111
nuscenes_mini_subset,scene-1094_032,0,Bus,26.23380614,-3.00000000,108,89,82.40740741
nuscenes_mini_subset,scene-1094_032,1,Car,29.26878440,-3.00000000,7,1,14.28571429
nuscenes_mini_subset,scene-1094_032,0,Bus,26.23380614,-2.00000000,108,100,92.59259259
nuscenes_mini_subset,scene-1094_032,1,Car,29.26878440,-2.00000000,7,2,28.57142857
nuscenes_mini_subset,scene-1094_032,0,Bus,26.23380614,-1.00000000,108,108,100.00000000
nuscenes_mini_subset,scene-1094_032,1,Car,29.26878440,-1.00000000,7,5,71.42857143
nuscenes_mini_subset,scene-1094_032,0,Bus,26.23380614,-0.50000000,108,108,100.00000000
nuscenes_mini_subset,scene-1094_032,1,Car,29.26878440,-0.50000000,7,6,85.71428571
nuscenes_mini_subset,scene-1094_032,0,Bus,26.23380614,0.00000000,108,108,100.00000000
nuscenes_mini_subset,scene-1094_032,1,Car,29.26878440,0.00000000,7,7,100.00000000
nuscenes_mini_subset,scene-1094_032,0,Bus,26.23380614,0.50000000,108,108,100.00000000
nuscenes_mini_subset,scene-1094_032,1,Car,29.26878440,0.50000000,7,7,100.00000000
nuscenes_mini_subset,scene-1094_032,0,Bus,26.23380614,1.00000000,108,104,96.29629630
nuscenes_mini_subset,scene-1094_032,1,Car,29.26878440,1.00000000,7,6,85.71428571
nuscenes_mini_subset,scene-1094_032,0,Bus,26.23380614,2.00000000,108,95,87.96296296
nuscenes_mini_subset,scene-1094_032,1,Car,29.26878440,2.00000000,7,4,57.14285714
nuscenes_mini_subset,scene-1094_032,0,Bus,26.23380614,3.00000000,108,87,80.55555556
nuscenes_mini_subset,scene-1094_032,1,Car,29.26878440,3.00000000,7,1,14.28571429
nuscenes_mini_subset,scene-1094_033,0,Bus,18.84726759,-3.00000000,73,38,52.05479452
nuscenes_mini_subset,scene-1094_033,1,Car,29.70596195,-3.00000000,17,2,11.76470588
nuscenes_mini_subset,scene-1094_033,2,Pedestrian,19.30876800,-3.00000000,6,0,0.00000000
nuscenes_mini_subset,scene-1094_033,0,Bus,18.84726759,-2.00000000,73,47,64.38356164
nuscenes_mini_subset,scene-1094_033,1,Car,29.70596195,-2.00000000,17,8,47.05882353
nuscenes_mini_subset,scene-1094_033,2,Pedestrian,19.30876800,-2.00000000,6,0,0.00000000
nuscenes_mini_subset,scene-1094_033,0,Bus,18.84726759,-1.00000000,73,61,83.56164384
nuscenes_mini_subset,scene-1094_033,1,Car,29.70596195,-1.00000000,17,14,82.35294118
nuscenes_mini_subset,scene-1094_033,2,Pedestrian,19.30876800,-1.00000000,6,5,83.33333333
nuscenes_mini_subset,scene-1094_033,0,Bus,18.84726759,-0.50000000,73,69,94.52054795
nuscenes_mini_subset,scene-1094_033,1,Car,29.70596195,-0.50000000,17,16,94.11764706
nuscenes_mini_subset,scene-1094_033,2,Pedestrian,19.30876800,-0.50000000,6,6,100.00000000
nuscenes_mini_subset,scene-1094_033,0,Bus,18.84726759,0.00000000,73,73,100.00000000
nuscenes_mini_subset,scene-1094_033,1,Car,29.70596195,0.00000000,17,17,100.00000000
nuscenes_mini_subset,scene-1094_033,2,Pedestrian,19.30876800,0.00000000,6,6,100.00000000
nuscenes_mini_subset,scene-1094_033,0,Bus,18.84726759,0.50000000,73,73,100.00000000
nuscenes_mini_subset,scene-1094_033,1,Car,29.70596195,0.50000000,17,17,100.00000000
nuscenes_mini_subset,scene-1094_033,2,Pedestrian,19.30876800,0.50000000,6,6,100.00000000
nuscenes_mini_subset,scene-1094_033,0,Bus,18.84726759,1.00000000,73,70,95.89041096
nuscenes_mini_subset,scene-1094_033,1,Car,29.70596195,1.00000000,17,13,76.47058824
nuscenes_mini_subset,scene-1094_033,2,Pedestrian,19.30876800,1.00000000,6,6,100.00000000
nuscenes_mini_subset,scene-1094_033,0,Bus,18.84726759,2.00000000,73,59,80.82191781
nuscenes_mini_subset,scene-1094_033,1,Car,29.70596195,2.00000000,17,7,41.17647059
nuscenes_mini_subset,scene-1094_033,2,Pedestrian,19.30876800,2.00000000,6,0,0.00000000
nuscenes_mini_subset,scene-1094_033,0,Bus,18.84726759,3.00000000,73,46,63.01369863
nuscenes_mini_subset,scene-1094_033,1,Car,29.70596195,3.00000000,17,1,5.88235294
nuscenes_mini_subset,scene-1094_033,2,Pedestrian,19.30876800,3.00000000,6,0,0.00000000
nuscenes_mini_subset,scene-1094_034,0,Car,30.01012601,-3.00000000,7,0,0.00000000
nuscenes_mini_subset,scene-1094_034,1,Pedestrian,13.48299612,-3.00000000,13,0,0.00000000
nuscenes_mini_subset,scene-1094_034,0,Car,30.01012601,-2.00000000,7,3,42.85714286
nuscenes_mini_subset,scene-1094_034,1,Pedestrian,13.48299612,-2.00000000,13,6,46.15384615
nuscenes_mini_subset,scene-1094_034,0,Car,30.01012601,-1.00000000,7,6,85.71428571
nuscenes_mini_subset,scene-1094_034,1,Pedestrian,13.48299612,-1.00000000,13,13,100.00000000
nuscenes_mini_subset,scene-1094_034,0,Car,30.01012601,-0.50000000,7,7,100.00000000
nuscenes_mini_subset,scene-1094_034,1,Pedestrian,13.48299612,-0.50000000,13,13,100.00000000
nuscenes_mini_subset,scene-1094_034,0,Car,30.01012601,0.00000000,7,7,100.00000000
nuscenes_mini_subset,scene-1094_034,1,Pedestrian,13.48299612,0.00000000,13,13,100.00000000
nuscenes_mini_subset,scene-1094_034,0,Car,30.01012601,0.50000000,7,7,100.00000000
nuscenes_mini_subset,scene-1094_034,1,Pedestrian,13.48299612,0.50000000,13,13,100.00000000
nuscenes_mini_subset,scene-1094_034,0,Car,30.01012601,1.00000000,7,6,85.71428571
nuscenes_mini_subset,scene-1094_034,1,Pedestrian,13.48299612,1.00000000,13,13,100.00000000
nuscenes_mini_subset,scene-1094_034,0,Car,30.01012601,2.00000000,7,3,42.85714286
nuscenes_mini_subset,scene-1094_034,1,Pedestrian,13.48299612,2.00000000,13,7,53.84615385
nuscenes_mini_subset,scene-1094_034,0,Car,30.01012601,3.00000000,7,0,0.00000000
nuscenes_mini_subset,scene-1094_034,1,Pedestrian,13.48299612,3.00000000,13,1,7.69230769
nuscenes_mini_subset,scene-1094_035,0,Car,30.01022876,-3.00000000,8,0,0.00000000
nuscenes_mini_subset,scene-1094_035,0,Car,30.01022876,-2.00000000,8,3,37.50000000
nuscenes_mini_subset,scene-1094_035,0,Car,30.01022876,-1.00000000,8,6,75.00000000
nuscenes_mini_subset,scene-1094_035,0,Car,30.01022876,-0.50000000,8,7,87.50000000
nuscenes_mini_subset,scene-1094_035,0,Car,30.01022876,0.00000000,8,8,100.00000000
nuscenes_mini_subset,scene-1094_035,0,Car,30.01022876,0.50000000,8,8,100.00000000
nuscenes_mini_subset,scene-1094_035,0,Car,30.01022876,1.00000000,8,7,87.50000000
nuscenes_mini_subset,scene-1094_035,0,Car,30.01022876,2.00000000,8,4,50.00000000
nuscenes_mini_subset,scene-1094_035,0,Car,30.01022876,3.00000000,8,1,12.50000000
nuscenes_mini_subset,scene-1094_036,0,Car,30.03476312,-3.00000000,17,1,5.88235294
nuscenes_mini_subset,scene-1094_036,0,Car,30.03476312,-2.00000000,17,7,41.17647059
nuscenes_mini_subset,scene-1094_036,0,Car,30.03476312,-1.00000000,17,13,76.47058824
nuscenes_mini_subset,scene-1094_036,0,Car,30.03476312,-0.50000000,17,17,100.00000000
nuscenes_mini_subset,scene-1094_036,0,Car,30.03476312,0.00000000,17,17,100.00000000
nuscenes_mini_subset,scene-1094_036,0,Car,30.03476312,0.50000000,17,17,100.00000000
nuscenes_mini_subset,scene-1094_036,0,Car,30.03476312,1.00000000,17,14,82.35294118
nuscenes_mini_subset,scene-1094_036,0,Car,30.03476312,2.00000000,17,8,47.05882353
nuscenes_mini_subset,scene-1094_036,0,Car,30.03476312,3.00000000,17,2,11.76470588
nuscenes_mini_subset,scene-1094_037,0,Car,30.03608325,-3.00000000,7,0,0.00000000
nuscenes_mini_subset,scene-1094_037,4,Car,30.25095575,-3.00000000,5,2,40.00000000
nuscenes_mini_subset,scene-1094_037,0,Car,30.03608325,-2.00000000,7,2,28.57142857
nuscenes_mini_subset,scene-1094_037,4,Car,30.25095575,-2.00000000,5,2,40.00000000
nuscenes_mini_subset,scene-1094_037,0,Car,30.03608325,-1.00000000,7,5,71.42857143
nuscenes_mini_subset,scene-1094_037,4,Car,30.25095575,-1.00000000,5,3,60.00000000
nuscenes_mini_subset,scene-1094_037,0,Car,30.03608325,-0.50000000,7,7,100.00000000
nuscenes_mini_subset,scene-1094_037,4,Car,30.25095575,-0.50000000,5,4,80.00000000
nuscenes_mini_subset,scene-1094_037,0,Car,30.03608325,0.00000000,7,7,100.00000000
nuscenes_mini_subset,scene-1094_037,4,Car,30.25095575,0.00000000,5,5,100.00000000
nuscenes_mini_subset,scene-1094_037,0,Car,30.03608325,0.50000000,7,7,100.00000000
nuscenes_mini_subset,scene-1094_037,4,Car,30.25095575,0.50000000,5,4,80.00000000
nuscenes_mini_subset,scene-1094_037,0,Car,30.03608325,1.00000000,7,7,100.00000000
nuscenes_mini_subset,scene-1094_037,4,Car,30.25095575,1.00000000,5,4,80.00000000
nuscenes_mini_subset,scene-1094_037,0,Car,30.03608325,2.00000000,7,4,57.14285714
nuscenes_mini_subset,scene-1094_037,4,Car,30.25095575,2.00000000,5,4,80.00000000
nuscenes_mini_subset,scene-1094_037,0,Car,30.03608325,3.00000000,7,1,14.28571429
nuscenes_mini_subset,scene-1094_037,4,Car,30.25095575,3.00000000,5,3,60.00000000
nuscenes_mini_subset,scene-1094_038,0,Car,29.99339298,-3.00000000,18,3,16.66666667
nuscenes_mini_subset,scene-1094_038,1,Pedestrian,26.35082477,-3.00000000,5,0,0.00000000
nuscenes_mini_subset,scene-1094_038,3,Car,18.93808701,-3.00000000,42,29,69.04761905
nuscenes_mini_subset,scene-1094_038,0,Car,29.99339298,-2.00000000,18,8,44.44444444
nuscenes_mini_subset,scene-1094_038,1,Pedestrian,26.35082477,-2.00000000,5,0,0.00000000
nuscenes_mini_subset,scene-1094_038,3,Car,18.93808701,-2.00000000,42,34,80.95238095
nuscenes_mini_subset,scene-1094_038,0,Car,29.99339298,-1.00000000,18,14,77.77777778
nuscenes_mini_subset,scene-1094_038,1,Pedestrian,26.35082477,-1.00000000,5,2,40.00000000
nuscenes_mini_subset,scene-1094_038,3,Car,18.93808701,-1.00000000,42,40,95.23809524
nuscenes_mini_subset,scene-1094_038,0,Car,29.99339298,-0.50000000,18,18,100.00000000
nuscenes_mini_subset,scene-1094_038,1,Pedestrian,26.35082477,-0.50000000,5,4,80.00000000
nuscenes_mini_subset,scene-1094_038,3,Car,18.93808701,-0.50000000,42,42,100.00000000
nuscenes_mini_subset,scene-1094_038,0,Car,29.99339298,0.00000000,18,18,100.00000000
nuscenes_mini_subset,scene-1094_038,1,Pedestrian,26.35082477,0.00000000,5,5,100.00000000
nuscenes_mini_subset,scene-1094_038,3,Car,18.93808701,0.00000000,42,42,100.00000000
nuscenes_mini_subset,scene-1094_038,0,Car,29.99339298,0.50000000,18,15,83.33333333
nuscenes_mini_subset,scene-1094_038,1,Pedestrian,26.35082477,0.50000000,5,3,60.00000000
nuscenes_mini_subset,scene-1094_038,3,Car,18.93808701,0.50000000,42,42,100.00000000
nuscenes_mini_subset,scene-1094_038,0,Car,29.99339298,1.00000000,18,14,77.77777778
nuscenes_mini_subset,scene-1094_038,1,Pedestrian,26.35082477,1.00000000,5,1,20.00000000
nuscenes_mini_subset,scene-1094_038,3,Car,18.93808701,1.00000000,42,41,97.61904762
nuscenes_mini_subset,scene-1094_038,0,Car,29.99339298,2.00000000,18,8,44.44444444
nuscenes_mini_subset,scene-1094_038,1,Pedestrian,26.35082477,2.00000000,5,0,0.00000000
nuscenes_mini_subset,scene-1094_038,3,Car,18.93808701,2.00000000,42,38,90.47619048
nuscenes_mini_subset,scene-1094_038,0,Car,29.99339298,3.00000000,18,2,11.11111111
nuscenes_mini_subset,scene-1094_038,1,Pedestrian,26.35082477,3.00000000,5,0,0.00000000
nuscenes_mini_subset,scene-1094_038,3,Car,18.93808701,3.00000000,42,30,71.42857143
nuscenes_mini_subset,scene-1094_039,0,Car,29.87767748,-3.00000000,10,1,10.00000000
nuscenes_mini_subset,scene-1094_039,1,Pedestrian,19.67397481,-3.00000000,11,0,0.00000000
nuscenes_mini_subset,scene-1094_039,2,Pedestrian,15.38288366,-3.00000000,7,0,0.00000000
nuscenes_mini_subset,scene-1094_039,0,Car,29.87767748,-2.00000000,10,4,40.00000000
nuscenes_mini_subset,scene-1094_039,1,Pedestrian,19.67397481,-2.00000000,11,0,0.00000000
nuscenes_mini_subset,scene-1094_039,2,Pedestrian,15.38288366,-2.00000000,7,0,0.00000000
nuscenes_mini_subset,scene-1094_039,0,Car,29.87767748,-1.00000000,10,7,70.00000000
nuscenes_mini_subset,scene-1094_039,1,Pedestrian,19.67397481,-1.00000000,11,6,54.54545455
nuscenes_mini_subset,scene-1094_039,2,Pedestrian,15.38288366,-1.00000000,7,6,85.71428571
nuscenes_mini_subset,scene-1094_039,0,Car,29.87767748,-0.50000000,10,9,90.00000000
nuscenes_mini_subset,scene-1094_039,1,Pedestrian,19.67397481,-0.50000000,11,10,90.90909091
nuscenes_mini_subset,scene-1094_039,2,Pedestrian,15.38288366,-0.50000000,7,7,100.00000000
nuscenes_mini_subset,scene-1094_039,0,Car,29.87767748,0.00000000,10,10,100.00000000
nuscenes_mini_subset,scene-1094_039,1,Pedestrian,19.67397481,0.00000000,11,11,100.00000000
nuscenes_mini_subset,scene-1094_039,2,Pedestrian,15.38288366,0.00000000,7,7,100.00000000
nuscenes_mini_subset,scene-1094_039,0,Car,29.87767748,0.50000000,10,9,90.00000000
nuscenes_mini_subset,scene-1094_039,1,Pedestrian,19.67397481,0.50000000,11,11,100.00000000
nuscenes_mini_subset,scene-1094_039,2,Pedestrian,15.38288366,0.50000000,7,7,100.00000000
nuscenes_mini_subset,scene-1094_039,0,Car,29.87767748,1.00000000,10,8,80.00000000
nuscenes_mini_subset,scene-1094_039,1,Pedestrian,19.67397481,1.00000000,11,7,63.63636364
nuscenes_mini_subset,scene-1094_039,2,Pedestrian,15.38288366,1.00000000,7,7,100.00000000
nuscenes_mini_subset,scene-1094_039,0,Car,29.87767748,2.00000000,10,5,50.00000000
nuscenes_mini_subset,scene-1094_039,1,Pedestrian,19.67397481,2.00000000,11,0,0.00000000
nuscenes_mini_subset,scene-1094_039,2,Pedestrian,15.38288366,2.00000000,7,0,0.00000000
nuscenes_mini_subset,scene-1094_039,0,Car,29.87767748,3.00000000,10,2,20.00000000
nuscenes_mini_subset,scene-1094_039,1,Pedestrian,19.67397481,3.00000000,11,0,0.00000000
nuscenes_mini_subset,scene-1094_039,2,Pedestrian,15.38288366,3.00000000,7,0,0.00000000
