dataset,frame,yaw_deg,valid_points,inside_fov,fov_pct,fov_change_pp,reference_object_points,retained_points,retention_pct,gt_points,gt_inside_own_box,gt_inside_own_box_pct,median_shift_px
kitti_mini,000001,-3.00000000,120268,18637,15.49622510,0.00582033,97,0,0.00000000,97,0,0.00000000,44.09297402
kitti_mini,000001,-2.00000000,120268,18627,15.48791033,-0.00249443,97,13,13.40206186,97,13,13.40206186,29.47018977
kitti_mini,000001,-1.00000000,120268,18635,15.49456214,0.00415738,97,54,55.67010309,97,54,55.67010309,14.77552880
kitti_mini,000001,-0.50000000,120268,18633,15.49289919,0.00249443,97,76,78.35051546,97,76,78.35051546,7.39937966
kitti_mini,000001,0.00000000,120268,18630,15.49040476,0.00000000,97,97,100.00000000,97,97,100.00000000,0.00000000
kitti_mini,000001,0.50000000,120268,18629,15.48957329,-0.00083148,97,72,74.22680412,97,72,74.22680412,7.39445266
kitti_mini,000001,1.00000000,120268,18630,15.49040476,0.00000000,97,41,42.26804124,97,41,42.26804124,14.75720923
kitti_mini,000001,2.00000000,120268,18633,15.49289919,0.00249443,97,7,7.21649485,97,7,7.21649485,29.38994392
kitti_mini,000001,3.00000000,120268,18635,15.49456214,0.00415738,97,0,0.00000000,97,0,0.00000000,43.90004925
kitti_mini,000004,-3.00000000,115976,19049,16.42494999,-0.01207146,103,18,17.47572816,103,18,17.47572816,43.93081760
kitti_mini,000004,-2.00000000,115976,19067,16.44047044,0.00344899,103,47,45.63106796,103,47,45.63106796,29.38472551
kitti_mini,000004,-1.00000000,115976,19080,16.45167966,0.01465821,103,80,77.66990291,103,80,77.66990291,14.73309677
kitti_mini,000004,-0.50000000,115976,19076,16.44823067,0.01120922,103,95,92.23300971,103,95,92.23300971,7.37807905
kitti_mini,000004,0.00000000,115976,19063,16.43702145,0.00000000,103,103,100.00000000,103,103,100.00000000,0.00000000
kitti_mini,000004,0.50000000,115976,19053,16.42839898,-0.00862247,103,97,94.17475728,103,97,94.17475728,7.37672217
kitti_mini,000004,1.00000000,115976,19032,16.41029178,-0.02672967,103,82,79.61165049,103,82,79.61165049,14.73063969
kitti_mini,000004,2.00000000,115976,18975,16.36114368,-0.07587777,103,56,54.36893204,103,56,54.36893204,29.35634159
kitti_mini,000004,3.00000000,115976,18965,16.35252121,-0.08450024,103,21,20.38834951,103,21,20.38834951,43.88508972
kitti_mini,000007,-3.00000000,122798,19515,15.89195264,0.07491979,240,46,19.16666667,240,46,19.16666667,43.62085486
kitti_mini,000007,-2.00000000,122798,19508,15.88625222,0.06921937,240,105,43.75000000,240,105,43.75000000,29.14877576
kitti_mini,000007,-1.00000000,122798,19363,15.76817212,-0.04886073,240,177,73.75000000,240,177,73.75000000,14.59119426
kitti_mini,000007,-0.50000000,122798,19351,15.75839997,-0.05863288,240,222,92.50000000,240,222,92.50000000,7.30577826
kitti_mini,000007,0.00000000,122798,19423,15.81703285,0.00000000,240,240,100.00000000,240,240,100.00000000,0.00000000
kitti_mini,000007,0.50000000,122798,19433,15.82517631,0.00814346,240,212,88.33333333,240,212,88.33333333,7.31091472
kitti_mini,000007,1.00000000,122798,19388,15.78853076,-0.02850209,240,172,71.66666667,240,172,71.66666667,14.59960180
kitti_mini,000007,2.00000000,122798,19236,15.66475024,-0.15228261,240,99,41.25000000,240,99,41.25000000,29.10777094
kitti_mini,000007,3.00000000,122798,19268,15.69080930,-0.12622355,240,42,17.50000000,240,42,17.50000000,43.52763133
kitti_mini,000008,-3.00000000,122555,17099,13.95210314,-0.11341847,5108,4264,83.47689898,5127,4276,83.40159938,42.79901342
kitti_mini,000008,-2.00000000,122555,17106,13.95781486,-0.10770674,5108,4634,90.72043853,5127,4646,90.61829530,28.61762602
kitti_mini,000008,-1.00000000,122555,17161,14.00269267,-0.06282893,5108,4961,97.12216132,5127,4973,96.99629413,14.35525319
kitti_mini,000008,-0.50000000,122555,17198,14.03288320,-0.03263841,5108,5061,99.07987471,5127,5070,98.88823874,7.19067209
kitti_mini,000008,0.00000000,122555,17238,14.06552160,0.00000000,5108,5108,100.00000000,5127,5108,99.62941291,0.00000000
kitti_mini,000008,0.50000000,122555,17281,14.10060789,0.03508629,5108,5060,99.06029757,5127,5067,98.82972499,7.19466335
kitti_mini,000008,1.00000000,122555,17316,14.12916650,0.06364489,5108,4971,97.31793265,5127,4978,97.09381705,14.36672089
kitti_mini,000008,2.00000000,122555,17384,14.18465179,0.11913019,5108,4702,92.05168363,5127,4709,91.84708406,28.68333522
kitti_mini,000008,3.00000000,122555,17436,14.22708172,0.16156012,5108,4436,86.84416601,5127,4443,86.65886483,42.93690703
kitti_mini,000009,-3.00000000,123928,19443,15.68894842,0.02582144,219,70,31.96347032,219,70,31.96347032,43.68037685
kitti_mini,000009,-2.00000000,123928,19440,15.68652766,0.02340068,219,124,56.62100457,219,124,56.62100457,29.21250047
kitti_mini,000009,-1.00000000,123928,19429,15.67765154,0.01452456,219,176,80.36529680,219,176,80.36529680,14.64808121
kitti_mini,000009,-0.50000000,123928,19427,15.67603770,0.01291072,219,205,93.60730594,219,205,93.60730594,7.33432726
kitti_mini,000009,0.00000000,123928,19411,15.66312698,0.00000000,219,219,100.00000000,219,219,100.00000000,0.00000000
kitti_mini,000009,0.50000000,123928,19412,15.66393390,0.00080692,219,203,92.69406393,219,203,92.69406393,7.33416669
kitti_mini,000009,1.00000000,123928,19395,15.65021625,-0.01291072,219,180,82.19178082,219,180,82.19178082,14.64490231
kitti_mini,000009,2.00000000,123928,19381,15.63891937,-0.02420760,219,120,54.79452055,219,120,54.79452055,29.19455920
kitti_mini,000009,3.00000000,123928,19381,15.63891937,-0.02420760,219,66,30.13698630,219,66,30.13698630,43.66310221
kitti_mini,000010,-3.00000000,115875,16717,14.42675297,0.21833873,2058,1381,67.10398445,2064,1381,66.90891473,43.44522825
kitti_mini,000010,-2.00000000,115875,16646,14.36548004,0.15706580,2058,1629,79.15451895,2064,1629,78.92441860,29.00675777
kitti_mini,000010,-1.00000000,115875,16555,14.28694714,0.07853290,2058,1901,92.37123421,2064,1901,92.10271318,14.52150359
kitti_mini,000010,-0.50000000,115875,16501,14.24034520,0.03193096,2058,2004,97.37609329,2064,2004,97.09302326,7.26641669
kitti_mini,000010,0.00000000,115875,16464,14.20841424,0.00000000,2058,2058,100.00000000,2064,2058,99.70930233,0.00000000
kitti_mini,000010,0.50000000,115875,16412,14.16353830,-0.04487594,2058,2045,99.36831876,2064,2051,99.37015504,7.25993807
kitti_mini,000010,1.00000000,115875,16369,14.12642934,-0.08198490,2058,1969,95.67541302,2064,1975,95.68798450,14.49381120
kitti_mini,000010,2.00000000,115875,16299,14.06601942,-0.14239482,2058,1769,85.95724004,2064,1775,85.99806202,28.89466176
kitti_mini,000010,3.00000000,115875,16271,14.04185545,-0.16655879,2058,1530,74.34402332,2064,1536,74.41860465,43.20035216
kitti_mini,000011,-3.00000000,108004,19832,18.36228288,-0.10555165,721,136,18.86269071,725,136,18.75862069,43.41497408
kitti_mini,000011,-2.00000000,108004,19876,18.40302211,-0.06481241,721,328,45.49237171,725,331,45.65517241,29.00958981
kitti_mini,000011,-1.00000000,108004,19933,18.45579793,-0.01203659,721,562,77.94729542,725,565,77.93103448,14.54877808
kitti_mini,000011,-0.50000000,108004,19955,18.47616755,0.00833302,721,669,92.78779473,725,672,92.68965517,7.28870804
kitti_mini,000011,0.00000000,108004,19946,18.46783452,0.00000000,721,721,100.00000000,725,721,99.44827586,0.00000000
kitti_mini,000011,0.50000000,108004,19946,18.46783452,0.00000000,721,633,87.79472954,725,634,87.44827586,7.28597141
kitti_mini,000011,1.00000000,108004,19952,18.47338987,0.00555535,721,507,70.31900139,725,508,70.06896552,14.55137705
kitti_mini,000011,2.00000000,108004,19963,18.48357468,0.01574016,721,268,37.17059639,725,269,37.10344828,29.04445509
kitti_mini,000011,3.00000000,108004,19948,18.46968631,0.00185178,721,113,15.67267684,725,114,15.72413793,43.47832989
kitti_mini,000012,-3.00000000,120007,18664,15.55242611,-0.03416467,52,0,0.00000000,52,0,0.00000000,43.83265448
kitti_mini,000012,-2.00000000,120007,18666,15.55409268,-0.03249810,52,5,9.61538462,52,5,9.61538462,29.27145432
kitti_mini,000012,-1.00000000,120007,18666,15.55409268,-0.03249810,52,28,53.84615385,52,28,53.84615385,14.65472329
kitti_mini,000012,-0.50000000,120007,18677,15.56325881,-0.02333197,52,46,88.46153846,52,46,88.46153846,7.33294146
kitti_mini,000012,0.00000000,120007,18705,15.58659078,0.00000000,52,52,100.00000000,52,52,100.00000000,0.00000000
kitti_mini,000012,0.50000000,120007,18688,15.57242494,-0.01416584,52,48,92.30769231,52,48,92.30769231,7.31534674
kitti_mini,000012,1.00000000,120007,18698,15.58075779,-0.00583299,52,34,65.38461538,52,34,65.38461538,14.59807772
kitti_mini,000012,2.00000000,120007,18699,15.58159107,-0.00499971,52,5,9.61538462,52,5,9.61538462,29.09825588
kitti_mini,000012,3.00000000,120007,18713,15.59325706,0.00666628,52,0,0.00000000,52,0,0.00000000,43.52322788
kitti_mini,000015,-3.00000000,122583,18302,14.93029213,-0.02610476,2182,1651,75.66452796,2227,1673,75.12348451,42.69406500
kitti_mini,000015,-2.00000000,122583,18327,14.95068647,-0.00571042,2182,1901,87.12190651,2227,1923,86.34934890,28.53432992
kitti_mini,000015,-1.00000000,122583,18347,14.96700195,0.01060506,2182,2078,95.23373052,2227,2117,95.06061967,14.29211202
kitti_mini,000015,-0.50000000,122583,18347,14.96700195,0.01060506,2182,2158,98.90009166,2227,2195,98.56308936,7.15562442
kitti_mini,000015,0.00000000,122583,18334,14.95639689,0.00000000,2182,2182,100.00000000,2227,2182,97.97934441,0.00000000
kitti_mini,000015,0.50000000,122583,18379,14.99310671,0.03670982,2182,2039,93.44637947,2227,2042,91.69286035,7.16678096
kitti_mini,000015,1.00000000,122583,18441,15.04368469,0.08728780,2182,1876,85.97616865,2227,1881,84.46340368,14.32010517
kitti_mini,000015,2.00000000,122583,18470,15.06734213,0.11094524,2182,1667,76.39780018,2227,1673,75.12348451,28.54105494
kitti_mini,000015,3.00000000,122583,18540,15.12444629,0.16804940,2182,1532,70.21081577,2227,1538,69.06151774,42.67441594
kitti_mini,000016,-3.00000000,113070,17840,15.77783674,-0.02476342,3819,3479,91.09714585,3824,3484,91.10878661,43.15492807
kitti_mini,000016,-2.00000000,113070,17869,15.80348457,0.00088441,3819,3646,95.47001833,3824,3651,95.47594142,28.85109651
kitti_mini,000016,-1.00000000,113070,17879,15.81232865,0.00972849,3819,3784,99.08352972,3824,3789,99.08472803,14.47173892
kitti_mini,000016,-0.50000000,113070,17881,15.81409746,0.01149730,3819,3817,99.94763027,3824,3822,99.94769874,7.24800513
kitti_mini,000016,0.00000000,113070,17868,15.80260016,0.00000000,3819,3819,100.00000000,3824,3819,99.86924686,0.00000000
kitti_mini,000016,0.50000000,113070,17872,15.80613779,0.00353763,3819,3742,97.98376538,3824,3742,97.85564854,7.24619118
kitti_mini,000016,1.00000000,113070,17871,15.80525338,0.00265322,3819,3630,95.05106049,3824,3630,94.92677824,14.47030767
kitti_mini,000016,2.00000000,113070,17883,15.81586628,0.01326612,3819,3411,89.31657502,3824,3411,89.19979079,28.87805704
kitti_mini,000016,3.00000000,113070,17899,15.83001680,0.02741664,3819,3200,83.79156847,3824,3200,83.68200837,43.23117086
kitti_mini,000019,-3.00000000,115697,18613,16.08771187,-0.15471447,6223,5485,88.14076812,6228,5490,88.15028902,43.76265695
kitti_mini,000019,-2.00000000,115697,18699,16.16204396,-0.08038238,6223,5850,94.00610638,6228,5855,94.01091843,29.26786491
kitti_mini,000019,-1.00000000,115697,18740,16.19748135,-0.04494499,6223,6154,98.89121003,6228,6159,98.89210019,14.68306341
kitti_mini,000019,-0.50000000,115697,18765,16.21908952,-0.02333682,6223,6208,99.75895870,6228,6213,99.75915222,7.35489386
kitti_mini,000019,0.00000000,115697,18792,16.24242634,0.00000000,6223,6223,100.00000000,6228,6223,99.91971741,0.00000000
kitti_mini,000019,0.50000000,115697,18828,16.27354210,0.03111576,6223,6113,98.23236381,6228,6113,98.15350032,7.35656577
kitti_mini,000019,1.00000000,115697,18859,16.30033622,0.05790989,6223,5993,96.30403342,6228,5993,96.22671805,14.69313609
kitti_mini,000019,2.00000000,115697,18912,16.34614554,0.10371920,6223,5691,91.45106862,6228,5691,91.37764933,29.29216223
kitti_mini,000019,3.00000000,115697,18936,16.36688937,0.12446304,6223,5394,86.67845091,6228,5394,86.60886320,43.80416973
kitti_mini,000021,-3.00000000,125260,19920,15.90292192,0.07664059,2595,1720,66.28131021,2605,1720,66.02687140,43.59021468
kitti_mini,000021,-2.00000000,125260,19860,15.85502156,0.02874022,2595,2045,78.80539499,2605,2045,78.50287908,29.12265828
kitti_mini,000021,-1.00000000,125260,19815,15.81909628,-0.00718506,2595,2353,90.67437380,2605,2353,90.32629559,14.60215137
kitti_mini,000021,-0.50000000,125260,19814,15.81829794,-0.00798339,2595,2514,96.87861272,2605,2514,96.50671785,7.31210622
kitti_mini,000021,0.00000000,125260,19824,15.82628133,0.00000000,2595,2595,100.00000000,2605,2595,99.61612284,0.00000000
kitti_mini,000021,0.50000000,125260,19818,15.82149130,-0.00479004,2595,2590,99.80732177,2605,2600,99.80806142,7.31703087
kitti_mini,000021,1.00000000,125260,19827,15.82867635,0.00239502,2595,2524,97.26396917,2605,2534,97.27447217,14.61727841
kitti_mini,000021,2.00000000,125260,19841,15.83985311,0.01357177,2595,2357,90.82851638,2605,2367,90.86372361,29.17528668
kitti_mini,000021,3.00000000,125260,19863,15.85741657,0.03113524,2595,2087,80.42389210,2605,2097,80.49904031,43.63034189
kitti_mini,000023,-3.00000000,120412,18578,15.42869481,-0.00747434,107,0,0.00000000,107,0,0.00000000,44.07476637
kitti_mini,000023,-2.00000000,120412,18581,15.43118626,-0.00498289,107,17,15.88785047,107,17,15.88785047,29.46707679
kitti_mini,000023,-1.00000000,120412,18584,15.43367771,-0.00249145,107,56,52.33644860,107,56,52.33644860,14.77370077
kitti_mini,000023,-0.50000000,120412,18595,15.44281301,0.00664386,107,82,76.63551402,107,82,76.63551402,7.39909419
kitti_mini,000023,0.00000000,120412,18587,15.43616915,0.00000000,107,107,100.00000000,107,107,100.00000000,0.00000000
kitti_mini,000023,0.50000000,120412,18585,15.43450819,-0.00166096,107,84,78.50467290,107,84,78.50467290,7.39407323
kitti_mini,000023,1.00000000,120412,18583,15.43284722,-0.00332193,107,50,46.72897196,107,50,46.72897196,14.75645336
kitti_mini,000023,2.00000000,120412,18592,15.44032156,0.00415241,107,10,9.34579439,107,10,9.34579439,29.39514103
kitti_mini,000023,3.00000000,120412,18594,15.44198253,0.00581337,107,0,0.00000000,107,0,0.00000000,43.90431496
kitti_mini,000025,-3.00000000,115780,17549,15.15719468,0.01727414,1684,1277,75.83135392,1686,1277,75.74139976,42.56706386
kitti_mini,000025,-2.00000000,115780,17528,15.13905683,-0.00086371,1684,1441,85.57007126,1686,1441,85.46856465,28.42902536
kitti_mini,000025,-1.00000000,115780,17543,15.15201244,0.01209190,1684,1598,94.89311164,1686,1598,94.78054567,14.24288222
kitti_mini,000025,-0.50000000,115780,17538,15.14769390,0.00777336,1684,1654,98.21852732,1686,1654,98.10201661,7.12982052
kitti_mini,000025,0.00000000,115780,17529,15.13992054,0.00000000,1684,1684,100.00000000,1686,1684,99.88137604,0.00000000
kitti_mini,000025,0.50000000,115780,17534,15.14423907,0.00431854,1684,1643,97.56532067,1686,1645,97.56820878,7.12926852
kitti_mini,000025,1.00000000,115780,17540,15.14942132,0.00950078,1684,1576,93.58669834,1686,1578,93.59430605,14.24772512
kitti_mini,000025,2.00000000,115780,17541,15.15028502,0.01036448,1684,1403,83.31353919,1686,1405,83.33333333,28.44745031
kitti_mini,000025,3.00000000,115780,17514,15.12696493,-0.01295561,1684,1232,73.15914489,1686,1234,73.19098458,42.58571948
kitti_mini,000031,-3.00000000,121291,18968,15.63842330,0.05936137,3074,2332,75.86206897,3074,2332,75.86206897,43.39025691
kitti_mini,000031,-2.00000000,121291,18931,15.60791815,0.02885622,3074,2648,86.14183474,3074,2648,86.14183474,29.07694528
kitti_mini,000031,-1.00000000,121291,18905,15.58648210,0.00742017,3074,2948,95.90110605,3074,2948,95.90110605,14.61682897
kitti_mini,000031,-0.50000000,121291,18907,15.58813102,0.00906910,3074,3039,98.86141835,3074,3039,98.86141835,7.33002732
kitti_mini,000031,0.00000000,121291,18896,15.57906193,0.00000000,3074,3074,100.00000000,3074,3074,100.00000000,0.00000000
kitti_mini,000031,0.50000000,121291,18877,15.56339712,-0.01566481,3074,3040,98.89394925,3074,3040,98.89394925,7.33759196
kitti_mini,000031,1.00000000,121291,18837,15.53041858,-0.04864335,3074,2941,95.67338972,3074,2941,95.67338972,14.65659538
kitti_mini,000031,2.00000000,121291,18783,15.48589755,-0.09316437,3074,2638,85.81652570,3074,2638,85.81652570,29.24433080
kitti_mini,000031,3.00000000,121291,18731,15.44302545,-0.13603647,3074,2343,76.21990891,3074,2343,76.21990891,43.76528684
kitti_mini,000032,-3.00000000,118661,19537,16.46455027,0.00168547,4985,4036,80.96288867,4987,4036,80.93041909,43.47913607
kitti_mini,000032,-2.00000000,118661,19540,16.46707848,0.00421368,4985,4484,89.94984955,4987,4484,89.91377582,29.10770883
kitti_mini,000032,-1.00000000,118661,19539,16.46623575,0.00337095,4985,4842,97.13139418,4987,4842,97.09244034,14.60750831
kitti_mini,000032,-0.50000000,118661,19536,16.46370754,0.00084274,4985,4946,99.21765296,4987,4946,99.17786244,7.31528667
kitti_mini,000032,0.00000000,118661,19535,16.46286480,0.00000000,4985,4985,100.00000000,4987,4985,99.95989573,0.00000000
kitti_mini,000032,0.50000000,118661,19547,16.47297764,0.01011284,4985,4961,99.51855567,4987,4963,99.51874875,7.32006603
kitti_mini,000032,1.00000000,118661,19546,16.47213491,0.00927011,4985,4871,97.71313942,4987,4873,97.71405655,14.62098614
kitti_mini,000032,2.00000000,118661,19548,16.47382038,0.01095558,4985,4623,92.73821464,4987,4625,92.74112693,29.15681191
kitti_mini,000032,3.00000000,118661,19552,16.47719133,0.01432653,4985,4341,87.08124373,4987,4343,87.08642470,43.58198837
kitti_mini,000043,-3.00000000,122591,19565,15.95957289,-0.07341485,503,0,0.00000000,514,0,0.00000000,43.33333059
kitti_mini,000043,-2.00000000,122591,19572,15.96528293,-0.06770481,503,30,5.96421471,514,36,7.00389105,29.01129111
kitti_mini,000043,-1.00000000,122591,19623,16.00688468,-0.02610306,503,331,65.80516899,514,337,65.56420233,14.55373352
kitti_mini,000043,-0.50000000,122591,19619,16.00362180,-0.02936594,503,467,92.84294235,514,473,92.02334630,7.28839306
kitti_mini,000043,0.00000000,122591,19655,16.03298774,0.00000000,503,503,100.00000000,514,503,97.85992218,0.00000000
kitti_mini,000043,0.50000000,122591,19689,16.06072224,0.02773450,503,414,82.30616302,514,419,81.51750973,7.28709970
kitti_mini,000043,1.00000000,122591,19713,16.08029953,0.04731179,503,247,49.10536779,514,252,49.02723735,14.55231502
kitti_mini,000043,2.00000000,122591,19769,16.12597988,0.09299214,503,12,2.38568588,514,17,3.30739300,29.02720204
kitti_mini,000043,3.00000000,122591,19811,16.16024015,0.12725241,503,0,0.00000000,514,0,0.00000000,43.42849766
kitti_mini,000048,-3.00000000,122675,19795,16.13613206,-0.02037905,370,0,0.00000000,402,0,0.00000000,43.35928861
kitti_mini,000048,-2.00000000,122675,19848,16.17933564,0.02282454,370,29,7.83783784,402,61,15.17412935,28.97286481
kitti_mini,000048,-1.00000000,122675,19870,16.19726921,0.04075810,370,278,75.13513514,402,310,77.11442786,14.52896891
kitti_mini,000048,-0.50000000,122675,19824,16.15977175,0.00326065,370,348,94.05405405,402,380,94.52736318,7.27346477
kitti_mini,000048,0.00000000,122675,19820,16.15651111,0.00000000,370,370,100.00000000,402,370,92.03980100,0.00000000
kitti_mini,000048,0.50000000,122675,19841,16.17362951,0.01711840,370,286,77.29729730,402,286,71.14427861,7.27145395
kitti_mini,000048,1.00000000,122675,19852,16.18259629,0.02608518,370,142,38.37837838,402,142,35.32338308,14.51857106
kitti_mini,000048,2.00000000,122675,19883,16.20786631,0.05135521,370,2,0.54054054,402,2,0.49751244,28.94502486
kitti_mini,000048,3.00000000,122675,19897,16.21927858,0.06276748,370,0,0.00000000,402,0,0.00000000,43.27129209
kitti_mini,000049,-3.00000000,113691,17790,15.64767660,-0.26651186,4521,3475,76.86352577,4555,3501,76.86059276,43.05853572
kitti_mini,000049,-2.00000000,113691,17890,15.73563431,-0.17855415,4521,3902,86.30833886,4555,3928,86.23490670,28.79619602
kitti_mini,000049,-1.00000000,113691,17986,15.82007371,-0.09411475,4521,4342,96.04069896,4555,4373,96.00439078,14.45548511
kitti_mini,000049,-0.50000000,113691,18033,15.86141383,-0.05277463,4521,4475,98.98252599,4555,4497,98.72667398,7.24354091
kitti_mini,000049,0.00000000,113691,18093,15.91418846,0.00000000,4521,4521,100.00000000,4555,4521,99.25356751,0.00000000
kitti_mini,000049,0.50000000,113691,18134,15.95025112,0.03606266,4521,4438,98.16412298,4555,4441,97.49725576,7.25458292
kitti_mini,000049,1.00000000,113691,18174,15.98543420,0.07124575,4521,4250,94.00575094,4555,4253,93.36992316,14.49790051
kitti_mini,000049,2.00000000,113691,18229,16.03381094,0.11962249,4521,3818,84.45034284,4555,3821,83.88583974,28.96335829
kitti_mini,000049,3.00000000,113691,18231,16.03557010,0.12138164,4521,3315,73.32448573,4555,3318,72.84302964,43.38560918
kitti_mini,000061,-3.00000000,125247,19657,15.69458750,-0.10698859,1348,669,49.62908012,1348,669,49.62908012,42.45656112
kitti_mini,000061,-2.00000000,125247,19690,15.72093543,-0.08064065,1348,855,63.42729970,1348,855,63.42729970,28.38100293
kitti_mini,000061,-1.00000000,125247,19733,15.75526759,-0.04630849,1348,1145,84.94065282,1348,1145,84.94065282,14.22458256
kitti_mini,000061,-0.50000000,125247,19765,15.78081711,-0.02075898,1348,1287,95.47477745,1348,1287,95.47477745,7.12323722
kitti_mini,000061,0.00000000,125247,19791,15.80157609,0.00000000,1348,1348,100.00000000,1348,1348,100.00000000,0.00000000
kitti_mini,000061,0.50000000,125247,19813,15.81914138,0.01756529,1348,1299,96.36498516,1348,1299,96.36498516,7.12551389
kitti_mini,000061,1.00000000,125247,19825,15.82872244,0.02714636,1348,1213,89.98516320,1348,1213,89.98516320,14.23545068
kitti_mini,000061,2.00000000,125247,19866,15.86145776,0.05988167,1348,1022,75.81602374,1348,1022,75.81602374,28.40859605
kitti_mini,000061,3.00000000,125247,19899,15.88780570,0.08622961,1348,818,60.68249258,1348,818,60.68249258,42.52697033
nuscenes_mini_subset,scene-0103_000,-3.00000000,34752,3054,8.78798343,0.20142726,27,0,0.00000000,27,0,0.00000000,74.65185133
nuscenes_mini_subset,scene-0103_000,-2.00000000,34752,3035,8.73331031,0.14675414,27,0,0.00000000,27,0,0.00000000,49.86620264
nuscenes_mini_subset,scene-0103_000,-1.00000000,34752,3009,8.65849448,0.07193831,27,11,40.74074074,27,11,40.74074074,24.97837148
nuscenes_mini_subset,scene-0103_000,-0.50000000,34752,3000,8.63259669,0.04604052,27,24,88.88888889,27,24,88.88888889,12.49986493
nuscenes_mini_subset,scene-0103_000,0.00000000,34752,2984,8.58655617,0.00000000,27,27,100.00000000,27,27,100.00000000,0.00000000
nuscenes_mini_subset,scene-0103_000,0.50000000,34752,2972,8.55202578,-0.03453039,27,26,96.29629630,27,26,96.29629630,12.48192779
nuscenes_mini_subset,scene-0103_000,1.00000000,34752,2959,8.51461786,-0.07193831,27,16,59.25925926,27,16,59.25925926,24.94111732
nuscenes_mini_subset,scene-0103_000,2.00000000,34752,2934,8.44267956,-0.14387661,27,1,3.70370370,27,1,3.70370370,49.77780087
nuscenes_mini_subset,scene-0103_000,3.00000000,34752,2914,8.38512891,-0.20142726,27,0,0.00000000,27,0,0.00000000,74.52638521
nuscenes_mini_subset,scene-0103_001,-3.00000000,34688,3102,8.94257380,0.15855627,41,0,0.00000000,41,0,0.00000000,74.84368679
nuscenes_mini_subset,scene-0103_001,-2.00000000,34688,3083,8.88779982,0.10378229,41,0,0.00000000,41,0,0.00000000,49.98175448
nuscenes_mini_subset,scene-0103_001,-1.00000000,34688,3057,8.81284594,0.02882841,41,17,41.46341463,41,17,41.46341463,25.04130057
nuscenes_mini_subset,scene-0103_001,-0.50000000,34688,3051,8.79554889,0.01153137,41,36,87.80487805,41,36,87.80487805,12.53234276
nuscenes_mini_subset,scene-0103_001,0.00000000,34688,3047,8.78401753,0.00000000,41,41,100.00000000,41,41,100.00000000,0.00000000
nuscenes_mini_subset,scene-0103_001,0.50000000,34688,3036,8.75230627,-0.03171125,41,38,92.68292683,41,38,92.68292683,12.52480973
nuscenes_mini_subset,scene-0103_001,1.00000000,34688,3023,8.71482934,-0.06918819,41,29,70.73170732,41,29,70.73170732,25.01333127
nuscenes_mini_subset,scene-0103_001,2.00000000,34688,3005,8.66293819,-0.12107934,41,13,31.70731707,41,13,31.70731707,49.91363481
nuscenes_mini_subset,scene-0103_001,3.00000000,34688,2994,8.63122694,-0.15279059,41,0,0.00000000,41,0,0.00000000,74.69419360
nuscenes_mini_subset,scene-0103_002,-3.00000000,34752,3093,8.90020718,0.02589779,29,0,0.00000000,29,0,0.00000000,74.73216200
nuscenes_mini_subset,scene-0103_002,-2.00000000,34752,3080,8.86279926,-0.01151013,29,3,10.34482759,29,3,10.34482759,49.91108803
nuscenes_mini_subset,scene-0103_002,-1.00000000,34752,3088,8.88581952,0.01151013,29,18,62.06896552,29,18,62.06896552,25.02996739
nuscenes_mini_subset,scene-0103_002,-0.50000000,34752,3092,8.89732965,0.02302026,29,27,93.10344828,29,27,93.10344828,12.54072342
nuscenes_mini_subset,scene-0103_002,0.00000000,34752,3084,8.87430939,0.00000000,29,29,100.00000000,29,29,100.00000000,0.00000000
nuscenes_mini_subset,scene-0103_002,0.50000000,34752,3078,8.85704420,-0.01726519,29,23,79.31034483,29,23,79.31034483,12.53240736
nuscenes_mini_subset,scene-0103_002,1.00000000,34752,3071,8.83690147,-0.03740792,29,14,48.27586207,29,14,48.27586207,25.00717727
nuscenes_mini_subset,scene-0103_002,2.00000000,34752,3050,8.77647330,-0.09783610,29,1,3.44827586,29,1,3.44827586,49.88952521
nuscenes_mini_subset,scene-0103_002,3.00000000,34752,3033,8.72755525,-0.14675414,29,0,0.00000000,29,0,0.00000000,74.65743297
nuscenes_mini_subset,scene-0103_003,-3.00000000,34720,3097,8.91993088,-0.00864055,47,10,21.27659574,47,10,21.27659574,74.65388422
nuscenes_mini_subset,scene-0103_003,-2.00000000,34720,3092,8.90552995,-0.02304147,47,21,44.68085106,47,21,44.68085106,49.86560125
nuscenes_mini_subset,scene-0103_003,-1.00000000,34720,3097,8.91993088,-0.00864055,47,41,87.23404255,47,41,87.23404255,25.00938158
nuscenes_mini_subset,scene-0103_003,-0.50000000,34720,3091,8.90264977,-0.02592166,47,47,100.00000000,47,47,100.00000000,12.52098820
nuscenes_mini_subset,scene-0103_003,0.00000000,34720,3100,8.92857143,0.00000000,47,47,100.00000000,47,47,100.00000000,0.00000000
nuscenes_mini_subset,scene-0103_003,0.50000000,34720,3100,8.92857143,0.00000000,47,46,97.87234043,47,46,97.87234043,12.52544181
nuscenes_mini_subset,scene-0103_003,1.00000000,34720,3104,8.94009217,0.01152074,47,37,78.72340426,47,37,78.72340426,25.02754858
nuscenes_mini_subset,scene-0103_003,2.00000000,34720,3102,8.93433180,0.00576037,47,16,34.04255319,47,16,34.04255319,49.94257082
nuscenes_mini_subset,scene-0103_003,3.00000000,34720,3089,8.89688940,-0.03168203,47,6,12.76595745,47,6,12.76595745,74.73037702
nuscenes_mini_subset,scene-0103_004,-3.00000000,34784,3062,8.80289788,0.00000000,112,46,41.07142857,112,46,41.07142857,75.11394626
nuscenes_mini_subset,scene-0103_004,-2.00000000,34784,3075,8.84027139,0.03737351,112,49,43.75000000,112,49,43.75000000,50.19046937
nuscenes_mini_subset,scene-0103_004,-1.00000000,34784,3063,8.80577277,0.00287489,112,85,75.89285714,112,85,75.89285714,25.14515394
nuscenes_mini_subset,scene-0103_004,-0.50000000,34784,3061,8.80002300,-0.00287489,112,106,94.64285714,112,106,94.64285714,12.58938856
nuscenes_mini_subset,scene-0103_004,0.00000000,34784,3062,8.80289788,0.00000000,112,112,100.00000000,112,112,100.00000000,0.00000000
nuscenes_mini_subset,scene-0103_004,0.50000000,34784,3052,8.77414903,-0.02874885,112,102,91.07142857,112,102,91.07142857,12.58059492
nuscenes_mini_subset,scene-0103_004,1.00000000,34784,3056,8.78564857,-0.01724931,112,89,79.46428571,112,89,79.46428571,25.13596489
nuscenes_mini_subset,scene-0103_004,2.00000000,34784,3065,8.81152254,0.00862466,112,59,52.67857143,112,59,52.67857143,50.11845656
nuscenes_mini_subset,scene-0103_004,3.00000000,34784,3073,8.83452162,0.03162374,112,47,41.96428571,112,47,41.96428571,74.99456516
nuscenes_mini_subset,scene-0103_005,-3.00000000,34720,3055,8.79896313,-0.08064516,119,80,67.22689076,119,80,67.22689076,74.45214018
nuscenes_mini_subset,scene-0103_005,-2.00000000,34720,3064,8.82488479,-0.05472350,119,85,71.42857143,119,85,71.42857143,49.74851249
nuscenes_mini_subset,scene-0103_005,-1.00000000,34720,3074,8.85368664,-0.02592166,119,102,85.71428571,119,102,85.71428571,24.95094486
nuscenes_mini_subset,scene-0103_005,-0.50000000,34720,3077,8.86232719,-0.01728111,119,113,94.95798319,119,113,94.95798319,12.48851372
nuscenes_mini_subset,scene-0103_005,0.00000000,34720,3083,8.87960829,0.00000000,119,119,100.00000000,119,119,100.00000000,0.00000000
nuscenes_mini_subset,scene-0103_005,0.50000000,34720,3089,8.89688940,0.01728111,119,116,97.47899160,119,116,97.47899160,12.49006714
nuscenes_mini_subset,scene-0103_005,1.00000000,34720,3087,8.89112903,0.01152074,119,103,86.55462185,119,103,86.55462185,24.96894405
nuscenes_mini_subset,scene-0103_005,2.00000000,34720,3109,8.95449309,0.07488479,119,76,63.86554622,119,76,63.86554622,49.86604362
nuscenes_mini_subset,scene-0103_005,3.00000000,34720,3122,8.99193548,0.11232719,119,61,51.26050420,119,61,51.26050420,74.66781240
nuscenes_mini_subset,scene-0103_006,-3.00000000,34688,3175,9.15302122,-0.01441421,46,22,47.82608696,46,22,47.82608696,74.91314225
nuscenes_mini_subset,scene-0103_006,-2.00000000,34688,3175,9.15302122,-0.01441421,46,35,76.08695652,46,35,76.08695652,50.06369903
nuscenes_mini_subset,scene-0103_006,-1.00000000,34688,3177,9.15878690,-0.00864852,46,43,93.47826087,46,43,93.47826087,25.12136426
nuscenes_mini_subset,scene-0103_006,-0.50000000,34688,3176,9.15590406,-0.01153137,46,46,100.00000000,46,46,100.00000000,12.57810516
nuscenes_mini_subset,scene-0103_006,0.00000000,34688,3180,9.16743542,0.00000000,46,46,100.00000000,46,46,100.00000000,0.00000000
nuscenes_mini_subset,scene-0103_006,0.50000000,34688,3183,9.17608395,0.00864852,46,45,97.82608696,46,45,97.82608696,12.58292573
nuscenes_mini_subset,scene-0103_006,1.00000000,34688,3183,9.17608395,0.00864852,46,42,91.30434783,46,42,91.30434783,25.13230100
nuscenes_mini_subset,scene-0103_006,2.00000000,34688,3183,9.17608395,0.00864852,46,33,71.73913043,46,33,71.73913043,50.12322558
nuscenes_mini_subset,scene-0103_006,3.00000000,34688,3183,9.17608395,0.00864852,46,25,54.34782609,46,25,54.34782609,75.00395447
nuscenes_mini_subset,scene-0103_007,-3.00000000,34688,3141,9.05500461,-0.00576568,132,97,73.48484848,132,97,73.48484848,75.07274655
nuscenes_mini_subset,scene-0103_007,-2.00000000,34688,3139,9.04923893,-0.01153137,132,110,83.33333333,132,110,83.33333333,50.13416055
nuscenes_mini_subset,scene-0103_007,-1.00000000,34688,3146,9.06941882,0.00864852,132,124,93.93939394,132,124,93.93939394,25.13624543
nuscenes_mini_subset,scene-0103_007,-0.50000000,34688,3141,9.05500461,-0.00576568,132,129,97.72727273,132,129,97.72727273,12.58337228
nuscenes_mini_subset,scene-0103_007,0.00000000,34688,3143,9.06077030,0.00000000,132,132,100.00000000,132,132,100.00000000,0.00000000
nuscenes_mini_subset,scene-0103_007,0.50000000,34688,3141,9.05500461,-0.00576568,132,132,100.00000000,132,132,100.00000000,12.58633840
nuscenes_mini_subset,scene-0103_007,1.00000000,34688,3140,9.05212177,-0.00864852,132,128,96.96969697,132,128,96.96969697,25.13772241
nuscenes_mini_subset,scene-0103_007,2.00000000,34688,3139,9.04923893,-0.01153137,132,115,87.12121212,132,115,87.12121212,50.12836459
nuscenes_mini_subset,scene-0103_007,3.00000000,34688,3139,9.04923893,-0.01153137,132,107,81.06060606,132,107,81.06060606,74.97717623
nuscenes_mini_subset,scene-0103_008,-3.00000000,34720,2994,8.62327189,0.07488479,126,94,74.60317460,126,94,74.60317460,74.87969709
nuscenes_mini_subset,scene-0103_008,-2.00000000,34720,3004,8.65207373,0.10368664,126,107,84.92063492,126,107,84.92063492,50.03397800
nuscenes_mini_subset,scene-0103_008,-1.00000000,34720,2984,8.59447005,0.04608295,126,117,92.85714286,126,117,92.85714286,25.04628569
nuscenes_mini_subset,scene-0103_008,-0.50000000,34720,2972,8.55990783,0.01152074,126,125,99.20634921,126,125,99.20634921,12.53346965
nuscenes_mini_subset,scene-0103_008,0.00000000,34720,2968,8.54838710,0.00000000,126,126,100.00000000,126,126,100.00000000,0.00000000
nuscenes_mini_subset,scene-0103_008,0.50000000,34720,2970,8.55414747,0.00576037,126,117,92.85714286,126,117,92.85714286,12.53124673
nuscenes_mini_subset,scene-0103_008,1.00000000,34720,2972,8.55990783,0.01152074,126,106,84.12698413,126,106,84.12698413,25.01506176
nuscenes_mini_subset,scene-0103_008,2.00000000,34720,2978,8.57718894,0.02880184,126,78,61.90476190,126,78,61.90476190,49.87837821
nuscenes_mini_subset,scene-0103_008,3.00000000,34720,2981,8.58582949,0.03744240,126,53,42.06349206,126,53,42.06349206,74.64017872
nuscenes_mini_subset,scene-0103_009,-3.00000000,34720,3043,8.76440092,-0.00288018,103,70,67.96116505,103,70,67.96116505,74.84284568
nuscenes_mini_subset,scene-0103_009,-2.00000000,34720,3046,8.77304147,0.00576037,103,81,78.64077670,103,81,78.64077670,50.03340348
nuscenes_mini_subset,scene-0103_009,-1.00000000,34720,3046,8.77304147,0.00576037,103,97,94.17475728,103,97,94.17475728,25.08606232
nuscenes_mini_subset,scene-0103_009,-0.50000000,34720,3046,8.77304147,0.00576037,103,102,99.02912621,103,102,99.02912621,12.56090197
nuscenes_mini_subset,scene-0103_009,0.00000000,34720,3044,8.76728111,0.00000000,103,103,100.00000000,103,103,100.00000000,0.00000000
nuscenes_mini_subset,scene-0103_009,0.50000000,34720,3040,8.75576037,-0.01152074,103,98,95.14563107,103,98,95.14563107,12.56022837
nuscenes_mini_subset,scene-0103_009,1.00000000,34720,3045,8.77016129,0.00288018,103,91,88.34951456,103,91,88.34951456,25.08980860
nuscenes_mini_subset,scene-0103_009,2.00000000,34720,3033,8.73559908,-0.03168203,103,71,68.93203883,103,71,68.93203883,50.04800007
nuscenes_mini_subset,scene-0103_009,3.00000000,34720,3034,8.73847926,-0.02880184,103,56,54.36893204,103,56,54.36893204,74.91817268
nuscenes_mini_subset,scene-0103_010,-3.00000000,34720,3091,8.90264977,-0.08352535,99,56,56.56565657,99,56,56.56565657,75.08865327
nuscenes_mini_subset,scene-0103_010,-2.00000000,34720,3108,8.95161290,-0.03456221,99,75,75.75757576,99,75,75.75757576,50.22502359
nuscenes_mini_subset,scene-0103_010,-1.00000000,34720,3114,8.96889401,-0.01728111,99,95,95.95959596,99,95,95.95959596,25.18732311
nuscenes_mini_subset,scene-0103_010,-0.50000000,34720,3120,8.98617512,0.00000000,99,99,100.00000000,99,99,100.00000000,12.61157450
nuscenes_mini_subset,scene-0103_010,0.00000000,34720,3120,8.98617512,0.00000000,99,99,100.00000000,99,99,100.00000000,0.00000000
nuscenes_mini_subset,scene-0103_010,0.50000000,34720,3126,9.00345622,0.01728111,99,96,96.96969697,99,96,96.96969697,12.61142046
nuscenes_mini_subset,scene-0103_010,1.00000000,34720,3125,9.00057604,0.01440092,99,90,90.90909091,99,90,90.90909091,25.18132555
nuscenes_mini_subset,scene-0103_010,2.00000000,34720,3126,9.00345622,0.01728111,99,70,70.70707071,99,70,70.70707071,50.20320493
nuscenes_mini_subset,scene-0103_010,3.00000000,34720,3133,9.02361751,0.03744240,99,57,57.57575758,99,57,57.57575758,75.12120401
nuscenes_mini_subset,scene-0103_011,-3.00000000,34688,3098,8.93104244,0.00288284,91,62,68.13186813,91,62,68.13186813,75.41034388
nuscenes_mini_subset,scene-0103_011,-2.00000000,34688,3099,8.93392528,0.00576568,91,72,79.12087912,91,72,79.12087912,50.40491408
nuscenes_mini_subset,scene-0103_011,-1.00000000,34688,3095,8.92239391,-0.00576568,91,82,90.10989011,91,82,90.10989011,25.27970594
nuscenes_mini_subset,scene-0103_011,-0.50000000,34688,3099,8.93392528,0.00576568,91,87,95.60439560,91,87,95.60439560,12.66854142
nuscenes_mini_subset,scene-0103_011,0.00000000,34688,3097,8.92815959,0.00000000,91,91,100.00000000,91,91,100.00000000,0.00000000
nuscenes_mini_subset,scene-0103_011,0.50000000,34688,3098,8.93104244,0.00288284,91,91,100.00000000,91,91,100.00000000,12.68167240
nuscenes_mini_subset,scene-0103_011,1.00000000,34688,3099,8.93392528,0.00576568,91,87,95.60439560,91,87,95.60439560,25.32596722
nuscenes_mini_subset,scene-0103_011,2.00000000,34688,3103,8.94545664,0.01729705,91,76,83.51648352,91,76,83.51648352,50.56693644
nuscenes_mini_subset,scene-0103_011,3.00000000,34688,3103,8.94545664,0.01729705,91,66,72.52747253,91,66,72.52747253,75.68295098
nuscenes_mini_subset,scene-0103_012,-3.00000000,34688,3030,8.73500923,0.02017989,125,91,72.80000000,125,91,72.80000000,75.60763026
nuscenes_mini_subset,scene-0103_012,-2.00000000,34688,3028,8.72924354,0.01441421,125,105,84.00000000,125,105,84.00000000,50.55353558
nuscenes_mini_subset,scene-0103_012,-1.00000000,34688,3031,8.73789207,0.02306273,125,121,96.80000000,125,121,96.80000000,25.34385215
nuscenes_mini_subset,scene-0103_012,-0.50000000,34688,3023,8.71482934,0.00000000,125,122,97.60000000,125,122,97.60000000,12.69183086
nuscenes_mini_subset,scene-0103_012,0.00000000,34688,3023,8.71482934,0.00000000,125,125,100.00000000,125,125,100.00000000,0.00000000
nuscenes_mini_subset,scene-0103_012,0.50000000,34688,3016,8.69464945,-0.02017989,125,125,100.00000000,125,125,100.00000000,12.69312917
nuscenes_mini_subset,scene-0103_012,1.00000000,34688,3020,8.70618081,-0.00864852,125,122,97.60000000,125,122,97.60000000,25.36128442
nuscenes_mini_subset,scene-0103_012,2.00000000,34688,3017,8.69753229,-0.01729705,125,109,87.20000000,125,109,87.20000000,50.56233949
nuscenes_mini_subset,scene-0103_012,3.00000000,34688,3013,8.68600092,-0.02882841,125,98,78.40000000,125,98,78.40000000,75.67579249
nuscenes_mini_subset,scene-0103_013,-3.00000000,34688,3050,8.79266605,0.07495387,182,151,82.96703297,182,151,82.96703297,75.89163674
nuscenes_mini_subset,scene-0103_013,-2.00000000,34688,3030,8.73500923,0.01729705,182,164,90.10989011,182,164,90.10989011,50.71831744
nuscenes_mini_subset,scene-0103_013,-1.00000000,34688,3028,8.72924354,0.01153137,182,178,97.80219780,182,178,97.80219780,25.41226349
nuscenes_mini_subset,scene-0103_013,-0.50000000,34688,3025,8.72059502,0.00288284,182,180,98.90109890,182,180,98.90109890,12.73020159
nuscenes_mini_subset,scene-0103_013,0.00000000,34688,3024,8.71771218,0.00000000,182,182,100.00000000,182,182,100.00000000,0.00000000
nuscenes_mini_subset,scene-0103_013,0.50000000,34688,3018,8.70041513,-0.01729705,182,182,100.00000000,182,182,100.00000000,12.72521728
nuscenes_mini_subset,scene-0103_013,1.00000000,34688,3014,8.68888376,-0.02882841,182,181,99.45054945,182,181,99.45054945,25.41317220
nuscenes_mini_subset,scene-0103_013,2.00000000,34688,3014,8.68888376,-0.02882841,182,168,92.30769231,182,168,92.30769231,50.70083857
nuscenes_mini_subset,scene-0103_013,3.00000000,34688,3009,8.67446956,-0.04324262,182,155,85.16483516,182,155,85.16483516,75.87669840
nuscenes_mini_subset,scene-0103_014,-3.00000000,34720,3027,8.71831797,0.04032258,292,264,90.41095890,292,264,90.41095890,76.10467100
nuscenes_mini_subset,scene-0103_014,-2.00000000,34720,3020,8.69815668,0.02016129,292,281,96.23287671,292,281,96.23287671,50.90845882
nuscenes_mini_subset,scene-0103_014,-1.00000000,34720,3020,8.69815668,0.02016129,292,291,99.65753425,292,291,99.65753425,25.52960565
nuscenes_mini_subset,scene-0103_014,-0.50000000,34720,3020,8.69815668,0.02016129,292,292,100.00000000,292,292,100.00000000,12.78157966
nuscenes_mini_subset,scene-0103_014,0.00000000,34720,3013,8.67799539,0.00000000,292,292,100.00000000,292,292,100.00000000,0.00000000
nuscenes_mini_subset,scene-0103_014,0.50000000,34720,3012,8.67511521,-0.00288018,292,292,100.00000000,292,292,100.00000000,12.78314573
nuscenes_mini_subset,scene-0103_014,1.00000000,34720,3006,8.65783410,-0.02016129,292,286,97.94520548,292,286,97.94520548,25.53694674
nuscenes_mini_subset,scene-0103_014,2.00000000,34720,2995,8.62615207,-0.05184332,292,267,91.43835616,292,267,91.43835616,50.97408553
nuscenes_mini_subset,scene-0103_014,3.00000000,34720,2998,8.63479263,-0.04320276,292,252,86.30136986,292,252,86.30136986,76.35735263
nuscenes_mini_subset,scene-0103_015,-3.00000000,34688,2967,8.55339022,0.09225092,356,283,79.49438202,356,283,79.49438202,76.70038741
nuscenes_mini_subset,scene-0103_015,-2.00000000,34688,2966,8.55050738,0.08936808,356,311,87.35955056,356,311,87.35955056,51.31409354
nuscenes_mini_subset,scene-0103_015,-1.00000000,34688,2941,8.47843635,0.01729705,356,332,93.25842697,356,332,93.25842697,25.70441524
nuscenes_mini_subset,scene-0103_015,-0.50000000,34688,2937,8.46690498,0.00576568,356,345,96.91011236,356,345,96.91011236,12.87489993
nuscenes_mini_subset,scene-0103_015,0.00000000,34688,2935,8.46113930,0.00000000,356,356,100.00000000,356,356,100.00000000,0.00000000
nuscenes_mini_subset,scene-0103_015,0.50000000,34688,2941,8.47843635,0.01729705,356,356,100.00000000,356,356,100.00000000,12.87432574
nuscenes_mini_subset,scene-0103_015,1.00000000,34688,2943,8.48420203,0.02306273,356,352,98.87640449,356,352,98.87640449,25.72340422
nuscenes_mini_subset,scene-0103_015,2.00000000,34688,2943,8.48420203,0.02306273,356,331,92.97752809,356,331,92.97752809,51.34226000
nuscenes_mini_subset,scene-0103_015,3.00000000,34688,2940,8.47555351,0.01441421,356,316,88.76404494,356,316,88.76404494,76.82931130
nuscenes_mini_subset,scene-0103_016,-3.00000000,34720,2975,8.56854839,0.06912442,318,269,84.59119497,320,269,84.06250000,76.88226022
nuscenes_mini_subset,scene-0103_016,-2.00000000,34720,2967,8.54550691,0.04608295,318,285,89.62264151,320,285,89.06250000,51.40783357
nuscenes_mini_subset,scene-0103_016,-1.00000000,34720,2965,8.53974654,0.04032258,318,303,95.28301887,320,303,94.68750000,25.77210550
nuscenes_mini_subset,scene-0103_016,-0.50000000,34720,2962,8.53110599,0.03168203,318,311,97.79874214,320,311,97.18750000,12.90963308
nuscenes_mini_subset,scene-0103_016,0.00000000,34720,2951,8.49942396,0.00000000,318,318,100.00000000,320,318,99.37500000,0.00000000
nuscenes_mini_subset,scene-0103_016,0.50000000,34720,2942,8.47350230,-0.02592166,318,316,99.37106918,320,318,99.37500000,12.89875169
nuscenes_mini_subset,scene-0103_016,1.00000000,34720,2940,8.46774194,-0.03168203,318,314,98.74213836,320,316,98.75000000,25.76962310
nuscenes_mini_subset,scene-0103_016,2.00000000,34720,2938,8.46198157,-0.03744240,318,298,93.71069182,320,300,93.75000000,51.38849961
nuscenes_mini_subset,scene-0103_016,3.00000000,34720,2935,8.45334101,-0.04608295,318,281,88.36477987,320,283,88.43750000,76.90849810
nuscenes_mini_subset,scene-0103_017,-3.00000000,34720,2950,8.49654378,0.02880184,304,229,75.32894737,305,229,75.08196721,76.76998741
nuscenes_mini_subset,scene-0103_017,-2.00000000,34720,2942,8.47350230,0.00576037,304,252,82.89473684,305,252,82.62295082,51.35219035
nuscenes_mini_subset,scene-0103_017,-1.00000000,34720,2949,8.49366359,0.02592166,304,283,93.09210526,305,283,92.78688525,25.75505234
nuscenes_mini_subset,scene-0103_017,-0.50000000,34720,2951,8.49942396,0.03168203,304,292,96.05263158,305,292,95.73770492,12.90225865
nuscenes_mini_subset,scene-0103_017,0.00000000,34720,2940,8.46774194,0.00000000,304,304,100.00000000,305,304,99.67213115,0.00000000
nuscenes_mini_subset,scene-0103_017,0.50000000,34720,2946,8.48502304,0.01728111,304,303,99.67105263,305,304,99.67213115,12.89921622
nuscenes_mini_subset,scene-0103_017,1.00000000,34720,2928,8.43317972,-0.03456221,304,297,97.69736842,305,298,97.70491803,25.76359331
nuscenes_mini_subset,scene-0103_017,2.00000000,34720,2904,8.36405530,-0.10368664,304,277,91.11842105,305,278,91.14754098,51.39076932
nuscenes_mini_subset,scene-0103_017,3.00000000,34720,2902,8.35829493,-0.10944700,304,255,83.88157895,305,256,83.93442623,76.90893919
nuscenes_mini_subset,scene-0103_018,-3.00000000,34784,2965,8.52403404,0.07762190,327,240,73.39449541,327,240,73.39449541,76.65381052
nuscenes_mini_subset,scene-0103_018,-2.00000000,34784,2960,8.50965961,0.06324747,327,271,82.87461774,327,271,82.87461774,51.23704646
nuscenes_mini_subset,scene-0103_018,-1.00000000,34784,2949,8.47803588,0.03162374,327,303,92.66055046,327,303,92.66055046,25.68754992
nuscenes_mini_subset,scene-0103_018,-0.50000000,34784,2939,8.44928703,0.00287489,327,314,96.02446483,327,314,96.02446483,12.85882177
nuscenes_mini_subset,scene-0103_018,0.00000000,34784,2938,8.44641214,0.00000000,327,327,100.00000000,327,327,100.00000000,0.00000000
nuscenes_mini_subset,scene-0103_018,0.50000000,34784,2925,8.40903864,-0.03737351,327,326,99.69418960,327,326,99.69418960,12.85966524
nuscenes_mini_subset,scene-0103_018,1.00000000,34784,2933,8.43203772,-0.01437443,327,321,98.16513761,327,321,98.16513761,25.68956759
nuscenes_mini_subset,scene-0103_018,2.00000000,34784,2924,8.40616375,-0.04024839,327,301,92.04892966,327,301,92.04892966,51.27047275
nuscenes_mini_subset,scene-0103_018,3.00000000,34784,2898,8.33141674,-0.11499540,327,270,82.56880734,327,270,82.56880734,76.75289682
nuscenes_mini_subset,scene-0103_019,-3.00000000,34784,2994,8.60740570,0.10349586,256,177,69.14062500,257,177,68.87159533,76.44390388
nuscenes_mini_subset,scene-0103_019,-2.00000000,34784,2982,8.57290708,0.06899724,256,211,82.42187500,257,211,82.10116732,51.03753332
nuscenes_mini_subset,scene-0103_019,-1.00000000,34784,2966,8.52690892,0.02299908,256,234,91.40625000,257,234,91.05058366,25.58023111
nuscenes_mini_subset,scene-0103_019,-0.50000000,34784,2955,8.49528519,-0.00862466,256,245,95.70312500,257,245,95.33073930,12.79848955
nuscenes_mini_subset,scene-0103_019,0.00000000,34784,2958,8.50390984,0.00000000,256,256,100.00000000,257,256,99.61089494,0.00000000
nuscenes_mini_subset,scene-0103_019,0.50000000,34784,2949,8.47803588,-0.02587397,256,256,100.00000000,257,257,100.00000000,12.80023376
nuscenes_mini_subset,scene-0103_019,1.00000000,34784,2946,8.46941122,-0.03449862,256,250,97.65625000,257,251,97.66536965,25.57033981
nuscenes_mini_subset,scene-0103_019,2.00000000,34784,2942,8.45791168,-0.04599816,256,230,89.84375000,257,231,89.88326848,51.01618282
nuscenes_mini_subset,scene-0103_019,3.00000000,34784,2933,8.43203772,-0.07187213,256,208,81.25000000,257,209,81.32295720,76.40002315
nuscenes_mini_subset,scene-0103_020,-3.00000000,34752,3019,8.68726980,0.08344843,238,157,65.96638655,238,157,65.96638655,76.30325025
nuscenes_mini_subset,scene-0103_020,-2.00000000,34752,3009,8.65849448,0.05467311,238,191,80.25210084,238,191,80.25210084,50.94600679
nuscenes_mini_subset,scene-0103_020,-1.00000000,34752,3002,8.63835175,0.03453039,238,218,91.59663866,238,218,91.59663866,25.51879810
nuscenes_mini_subset,scene-0103_020,-0.50000000,34752,3001,8.63547422,0.03165285,238,231,97.05882353,238,231,97.05882353,12.77987139
nuscenes_mini_subset,scene-0103_020,0.00000000,34752,2990,8.60382136,0.00000000,238,238,100.00000000,238,238,100.00000000,0.00000000
nuscenes_mini_subset,scene-0103_020,0.50000000,34752,2982,8.58080110,-0.02302026,238,237,99.57983193,238,237,99.57983193,12.77857183
nuscenes_mini_subset,scene-0103_020,1.00000000,34752,2973,8.55490331,-0.04891805,238,234,98.31932773,238,234,98.31932773,25.52452702
nuscenes_mini_subset,scene-0103_020,2.00000000,34752,2965,8.53188306,-0.07193831,238,213,89.49579832,238,213,89.49579832,50.93450605
nuscenes_mini_subset,scene-0103_020,3.00000000,34752,2960,8.51749540,-0.08632597,238,184,77.31092437,238,184,77.31092437,76.22615011
nuscenes_mini_subset,scene-0103_021,-3.00000000,34752,3009,8.65849448,0.03740792,219,164,74.88584475,219,164,74.88584475,76.21693951
nuscenes_mini_subset,scene-0103_021,-2.00000000,34752,3008,8.65561694,0.03453039,219,187,85.38812785,219,187,85.38812785,50.90483104
nuscenes_mini_subset,scene-0103_021,-1.00000000,34752,3003,8.64122928,0.02014273,219,208,94.97716895,219,208,94.97716895,25.52141188
nuscenes_mini_subset,scene-0103_021,-0.50000000,34752,3002,8.63835175,0.01726519,219,216,98.63013699,219,216,98.63013699,12.77912615
nuscenes_mini_subset,scene-0103_021,0.00000000,34752,2996,8.62108656,0.00000000,219,219,100.00000000,219,219,100.00000000,0.00000000
nuscenes_mini_subset,scene-0103_021,0.50000000,34752,2999,8.62971915,0.00863260,219,218,99.54337900,219,218,99.54337900,12.77362562
nuscenes_mini_subset,scene-0103_021,1.00000000,34752,2987,8.59518877,-0.02589779,219,210,95.89041096,219,210,95.89041096,25.52317682
nuscenes_mini_subset,scene-0103_021,2.00000000,34752,2971,8.54914825,-0.07193831,219,195,89.04109589,219,195,89.04109589,50.93258237
nuscenes_mini_subset,scene-0103_021,3.00000000,34752,2960,8.51749540,-0.10359116,219,180,82.19178082,219,180,82.19178082,76.21736079
nuscenes_mini_subset,scene-0103_022,-3.00000000,34752,2982,8.58080110,0.11222376,203,165,81.28078818,203,165,81.28078818,76.21852705
nuscenes_mini_subset,scene-0103_022,-2.00000000,34752,2979,8.57216851,0.10359116,203,182,89.65517241,203,182,89.65517241,50.91200591
nuscenes_mini_subset,scene-0103_022,-1.00000000,34752,2963,8.52612799,0.05755064,203,193,95.07389163,203,193,95.07389163,25.49920600
nuscenes_mini_subset,scene-0103_022,-0.50000000,34752,2954,8.50023020,0.03165285,203,200,98.52216749,203,200,98.52216749,12.75943790
nuscenes_mini_subset,scene-0103_022,0.00000000,34752,2943,8.46857735,0.00000000,203,203,100.00000000,203,203,100.00000000,0.00000000
nuscenes_mini_subset,scene-0103_022,0.50000000,34752,2935,8.44555709,-0.02302026,203,199,98.02955665,203,199,98.02955665,12.76175306
nuscenes_mini_subset,scene-0103_022,1.00000000,34752,2927,8.42253683,-0.04604052,203,192,94.58128079,203,192,94.58128079,25.48188235
nuscenes_mini_subset,scene-0103_022,2.00000000,34752,2928,8.42541436,-0.04316298,203,178,87.68472906,203,178,87.68472906,50.84146107
nuscenes_mini_subset,scene-0103_022,3.00000000,34752,2942,8.46569982,-0.00287753,203,157,77.33990148,203,157,77.33990148,76.06021198
nuscenes_mini_subset,scene-0103_023,-3.00000000,34720,2985,8.59735023,-0.02016129,231,184,79.65367965,231,184,79.65367965,76.26971929
nuscenes_mini_subset,scene-0103_023,-2.00000000,34720,2986,8.60023041,-0.01728111,231,200,86.58008658,231,200,86.58008658,50.96350292
nuscenes_mini_subset,scene-0103_023,-1.00000000,34720,2988,8.60599078,-0.01152074,231,215,93.07359307,231,215,93.07359307,25.53676381
nuscenes_mini_subset,scene-0103_023,-0.50000000,34720,2988,8.60599078,-0.01152074,231,225,97.40259740,231,225,97.40259740,12.79296504
nuscenes_mini_subset,scene-0103_023,0.00000000,34720,2992,8.61751152,0.00000000,231,231,100.00000000,231,231,100.00000000,0.00000000
nuscenes_mini_subset,scene-0103_023,0.50000000,34720,2985,8.59735023,-0.02016129,231,221,95.67099567,231,221,95.67099567,12.77695701
nuscenes_mini_subset,scene-0103_023,1.00000000,34720,2988,8.60599078,-0.01152074,231,205,88.74458874,231,205,88.74458874,25.51634609
nuscenes_mini_subset,scene-0103_023,2.00000000,34720,2987,8.60311060,-0.01440092,231,176,76.19047619,231,176,76.19047619,50.89940232
nuscenes_mini_subset,scene-0103_023,3.00000000,34720,2979,8.58006912,-0.03744240,231,150,64.93506494,231,150,64.93506494,76.14661356
nuscenes_mini_subset,scene-0103_024,-3.00000000,34688,2954,8.51591328,0.00576568,188,123,65.42553191,188,123,65.42553191,76.07019678
nuscenes_mini_subset,scene-0103_024,-2.00000000,34688,2956,8.52167897,0.01153137,188,146,77.65957447,188,146,77.65957447,50.81798403
nuscenes_mini_subset,scene-0103_024,-1.00000000,34688,2956,8.52167897,0.01153137,188,175,93.08510638,188,175,93.08510638,25.46624214
nuscenes_mini_subset,scene-0103_024,-0.50000000,34688,2954,8.51591328,0.00576568,188,183,97.34042553,188,183,97.34042553,12.74707603
nuscenes_mini_subset,scene-0103_024,0.00000000,34688,2952,8.51014760,0.00000000,188,188,100.00000000,188,188,100.00000000,0.00000000
nuscenes_mini_subset,scene-0103_024,0.50000000,34688,2950,8.50438192,-0.00576568,188,176,93.61702128,188,176,93.61702128,12.74259229
nuscenes_mini_subset,scene-0103_024,1.00000000,34688,2952,8.51014760,0.00000000,188,163,86.70212766,188,163,86.70212766,25.44053628
nuscenes_mini_subset,scene-0103_024,2.00000000,34688,2958,8.52744465,0.01729705,188,134,71.27659574,188,134,71.27659574,50.72321604
nuscenes_mini_subset,scene-0103_024,3.00000000,34688,2956,8.52167897,0.01153137,188,105,55.85106383,188,105,55.85106383,75.87673321
nuscenes_mini_subset,scene-0103_025,-3.00000000,34688,2940,8.47555351,-0.00288284,85,39,45.88235294,85,39,45.88235294,75.95590408
nuscenes_mini_subset,scene-0103_025,-2.00000000,34688,2933,8.45537362,-0.02306273,85,53,62.35294118,85,53,62.35294118,50.71101021
nuscenes_mini_subset,scene-0103_025,-1.00000000,34688,2931,8.44960793,-0.02882841,85,75,88.23529412,85,75,88.23529412,25.42041581
nuscenes_mini_subset,scene-0103_025,-0.50000000,34688,2944,8.48708487,0.00864852,85,82,96.47058824,85,82,96.47058824,12.72618250
nuscenes_mini_subset,scene-0103_025,0.00000000,34688,2941,8.47843635,0.00000000,85,85,100.00000000,85,85,100.00000000,0.00000000
nuscenes_mini_subset,scene-0103_025,0.50000000,34688,2956,8.52167897,0.04324262,85,83,97.64705882,85,83,97.64705882,12.72699007
nuscenes_mini_subset,scene-0103_025,1.00000000,34688,2954,8.51591328,0.03747694,85,74,87.05882353,85,74,87.05882353,25.43152624
nuscenes_mini_subset,scene-0103_025,2.00000000,34688,2945,8.48996771,0.01153137,85,56,65.88235294,85,56,65.88235294,50.70254933
nuscenes_mini_subset,scene-0103_025,3.00000000,34688,2945,8.48996771,0.01153137,85,44,51.76470588,85,44,51.76470588,75.84168120
nuscenes_mini_subset,scene-0103_026,-3.00000000,34688,2887,8.32276292,0.01441421,105,56,53.33333333,105,56,53.33333333,75.76542067
nuscenes_mini_subset,scene-0103_026,-2.00000000,34688,2892,8.33717712,0.02882841,105,73,69.52380952,105,73,69.52380952,50.63327461
nuscenes_mini_subset,scene-0103_026,-1.00000000,34688,2884,8.31411439,0.00576568,105,94,89.52380952,105,94,89.52380952,25.38976012
nuscenes_mini_subset,scene-0103_026,-0.50000000,34688,2884,8.31411439,0.00576568,105,102,97.14285714,105,102,97.14285714,12.71371814
nuscenes_mini_subset,scene-0103_026,0.00000000,34688,2882,8.30834871,0.00000000,105,105,100.00000000,105,105,100.00000000,0.00000000
nuscenes_mini_subset,scene-0103_026,0.50000000,34688,2888,8.32564576,0.01729705,105,103,98.09523810,105,103,98.09523810,12.70586147
nuscenes_mini_subset,scene-0103_026,1.00000000,34688,2887,8.32276292,0.01441421,105,99,94.28571429,105,99,94.28571429,25.39490860
nuscenes_mini_subset,scene-0103_026,2.00000000,34688,2886,8.31988007,0.01153137,105,79,75.23809524,105,79,75.23809524,50.59189785
nuscenes_mini_subset,scene-0103_026,3.00000000,34688,2882,8.30834871,0.00000000,105,60,57.14285714,105,60,57.14285714,75.71991089
nuscenes_mini_subset,scene-0103_027,-3.00000000,34752,2821,8.11751842,-0.05467311,116,60,51.72413793,116,60,51.72413793,75.67656897
nuscenes_mini_subset,scene-0103_027,-2.00000000,34752,2826,8.13190608,-0.04028545,116,80,68.96551724,116,80,68.96551724,50.59112152
nuscenes_mini_subset,scene-0103_027,-1.00000000,34752,2838,8.16643646,-0.00575506,116,104,89.65517241,116,104,89.65517241,25.35303858
nuscenes_mini_subset,scene-0103_027,-0.50000000,34752,2835,8.15780387,-0.01438766,116,114,98.27586207,116,114,98.27586207,12.69640767
nuscenes_mini_subset,scene-0103_027,0.00000000,34752,2840,8.17219153,0.00000000,116,116,100.00000000,116,116,100.00000000,0.00000000
nuscenes_mini_subset,scene-0103_027,0.50000000,34752,2830,8.14341621,-0.02877532,116,115,99.13793103,116,115,99.13793103,12.69645418
nuscenes_mini_subset,scene-0103_027,1.00000000,34752,2839,8.16931400,-0.00287753,116,109,93.96551724,116,109,93.96551724,25.36860569
nuscenes_mini_subset,scene-0103_027,2.00000000,34752,2863,8.23837477,0.06618324,116,96,82.75862069,116,96,82.75862069,50.62065383
nuscenes_mini_subset,scene-0103_027,3.00000000,34752,2873,8.26715009,0.09495856,116,80,68.96551724,116,80,68.96551724,75.75169263
nuscenes_mini_subset,scene-0103_028,-3.00000000,34720,2779,8.00403226,-0.03456221,139,88,63.30935252,139,88,63.30935252,75.43695070
nuscenes_mini_subset,scene-0103_028,-2.00000000,34720,2786,8.02419355,-0.01440092,139,103,74.10071942,139,103,74.10071942,50.39827820
nuscenes_mini_subset,scene-0103_028,-1.00000000,34720,2783,8.01555300,-0.02304147,139,128,92.08633094,139,128,92.08633094,25.23892769
nuscenes_mini_subset,scene-0103_028,-0.50000000,34720,2792,8.04147465,0.00288018,139,138,99.28057554,139,138,99.28057554,12.63445433
nuscenes_mini_subset,scene-0103_028,0.00000000,34720,2791,8.03859447,0.00000000,139,139,100.00000000,139,139,100.00000000,0.00000000
nuscenes_mini_subset,scene-0103_028,0.50000000,34720,2796,8.05299539,0.01440092,139,136,97.84172662,139,136,97.84172662,12.63651633
nuscenes_mini_subset,scene-0103_028,1.00000000,34720,2802,8.07027650,0.03168203,139,128,92.08633094,139,128,92.08633094,25.25763227
nuscenes_mini_subset,scene-0103_028,2.00000000,34720,2807,8.08467742,0.04608295,139,110,79.13669065,139,110,79.13669065,50.42949343
nuscenes_mini_subset,scene-0103_028,3.00000000,34720,2819,8.11923963,0.08064516,139,91,65.46762590,139,91,65.46762590,75.45636901
nuscenes_mini_subset,scene-0103_029,-3.00000000,34720,2760,7.94930876,-0.07200461,173,115,66.47398844,173,115,66.47398844,75.49570495
nuscenes_mini_subset,scene-0103_029,-2.00000000,34720,2768,7.97235023,-0.04896313,173,128,73.98843931,173,128,73.98843931,50.42541672
nuscenes_mini_subset,scene-0103_029,-1.00000000,34720,2774,7.98963134,-0.03168203,173,161,93.06358382,173,161,93.06358382,25.26728704
nuscenes_mini_subset,scene-0103_029,-0.50000000,34720,2784,8.01843318,-0.00288018,173,172,99.42196532,173,172,99.42196532,12.64685887
nuscenes_mini_subset,scene-0103_029,0.00000000,34720,2785,8.02131336,0.00000000,173,173,100.00000000,173,173,100.00000000,0.00000000
nuscenes_mini_subset,scene-0103_029,0.50000000,34720,2793,8.04435484,0.02304147,173,168,97.10982659,173,168,97.10982659,12.64346233
nuscenes_mini_subset,scene-0103_029,1.00000000,34720,2799,8.06163594,0.04032258,173,156,90.17341040,173,156,90.17341040,25.26963261
nuscenes_mini_subset,scene-0103_029,2.00000000,34720,2805,8.07891705,0.05760369,173,132,76.30057803,173,132,76.30057803,50.41320689
nuscenes_mini_subset,scene-0103_029,3.00000000,34720,2814,8.10483871,0.08352535,173,108,62.42774566,173,108,62.42774566,75.42669756
nuscenes_mini_subset,scene-0103_030,-3.00000000,34688,2804,8.08348708,-0.06342251,231,161,69.69696970,231,161,69.69696970,75.43483421
nuscenes_mini_subset,scene-0103_030,-2.00000000,34688,2815,8.11519834,-0.03171125,231,191,82.68398268,231,191,82.68398268,50.40516111
nuscenes_mini_subset,scene-0103_030,-1.00000000,34688,2817,8.12096402,-0.02594557,231,221,95.67099567,231,221,95.67099567,25.25461476
nuscenes_mini_subset,scene-0103_030,-0.50000000,34688,2820,8.12961255,-0.01729705,231,229,99.13419913,231,229,99.13419913,12.64319192
nuscenes_mini_subset,scene-0103_030,0.00000000,34688,2826,8.14690959,0.00000000,231,231,100.00000000,231,231,100.00000000,0.00000000
nuscenes_mini_subset,scene-0103_030,0.50000000,34688,2826,8.14690959,0.00000000,231,225,97.40259740,231,225,97.40259740,12.64548127
nuscenes_mini_subset,scene-0103_030,1.00000000,34688,2833,8.16708948,0.02017989,231,213,92.20779221,231,213,92.20779221,25.25169547
nuscenes_mini_subset,scene-0103_030,2.00000000,34688,2838,8.18150369,0.03459410,231,190,82.25108225,231,190,82.25108225,50.41131454
nuscenes_mini_subset,scene-0103_030,3.00000000,34688,2841,8.19015221,0.04324262,231,166,71.86147186,231,166,71.86147186,75.48294991
nuscenes_mini_subset,scene-0103_031,-3.00000000,34688,2811,8.10366697,-0.02594557,316,217,68.67088608,316,217,68.67088608,75.42383091
nuscenes_mini_subset,scene-0103_031,-2.00000000,34688,2809,8.09790129,-0.03171125,316,255,80.69620253,316,255,80.69620253,50.36291008
nuscenes_mini_subset,scene-0103_031,-1.00000000,34688,2816,8.11808118,-0.01153137,316,292,92.40506329,316,292,92.40506329,25.25365966
nuscenes_mini_subset,scene-0103_031,-0.50000000,34688,2822,8.13537823,0.00576568,316,303,95.88607595,316,303,95.88607595,12.64375838
nuscenes_mini_subset,scene-0103_031,0.00000000,34688,2820,8.12961255,0.00000000,316,316,100.00000000,316,316,100.00000000,0.00000000
nuscenes_mini_subset,scene-0103_031,0.50000000,34688,2829,8.15555812,0.02594557,316,314,99.36708861,316,314,99.36708861,12.63841896
nuscenes_mini_subset,scene-0103_031,1.00000000,34688,2832,8.16420664,0.03459410,316,307,97.15189873,316,307,97.15189873,25.25557498
nuscenes_mini_subset,scene-0103_031,2.00000000,34688,2833,8.16708948,0.03747694,316,276,87.34177215,316,276,87.34177215,50.36159227
nuscenes_mini_subset,scene-0103_031,3.00000000,34688,2837,8.17862085,0.04900830,316,233,73.73417722,316,233,73.73417722,75.39315631
nuscenes_mini_subset,scene-0103_032,-3.00000000,34752,2843,8.18082413,0.01726519,324,227,70.06172840,324,227,70.06172840,75.39729901
nuscenes_mini_subset,scene-0103_032,-2.00000000,34752,2839,8.16931400,0.00575506,324,269,83.02469136,324,269,83.02469136,50.40778525
nuscenes_mini_subset,scene-0103_032,-1.00000000,34752,2843,8.18082413,0.01726519,324,310,95.67901235,324,310,95.67901235,25.27557244
nuscenes_mini_subset,scene-0103_032,-0.50000000,34752,2847,8.19233425,0.02877532,324,321,99.07407407,324,321,99.07407407,12.65497828
nuscenes_mini_subset,scene-0103_032,0.00000000,34752,2837,8.16355893,0.00000000,324,324,100.00000000,324,324,100.00000000,0.00000000
nuscenes_mini_subset,scene-0103_032,0.50000000,34752,2839,8.16931400,0.00575506,324,321,99.07407407,324,321,99.07407407,12.65511013
nuscenes_mini_subset,scene-0103_032,1.00000000,34752,2831,8.14629374,-0.01726519,324,311,95.98765432,324,311,95.98765432,25.27287391
nuscenes_mini_subset,scene-0103_032,2.00000000,34752,2823,8.12327348,-0.04028545,324,273,84.25925926,324,273,84.25925926,50.38433101
nuscenes_mini_subset,scene-0103_032,3.00000000,34752,2821,8.11751842,-0.04604052,324,227,70.06172840,324,227,70.06172840,75.42693771
nuscenes_mini_subset,scene-0103_033,-3.00000000,34784,2856,8.21067157,0.00862466,374,272,72.72727273,374,272,72.72727273,75.30671294
nuscenes_mini_subset,scene-0103_033,-2.00000000,34784,2855,8.20779669,0.00574977,374,321,85.82887701,374,321,85.82887701,50.30871311
nuscenes_mini_subset,scene-0103_033,-1.00000000,34784,2857,8.21354646,0.01149954,374,356,95.18716578,374,356,95.18716578,25.22283073
nuscenes_mini_subset,scene-0103_033,-0.50000000,34784,2854,8.20492180,0.00287489,374,369,98.66310160,374,369,98.66310160,12.63318888
nuscenes_mini_subset,scene-0103_033,0.00000000,34784,2853,8.20204692,0.00000000,374,374,100.00000000,374,374,100.00000000,0.00000000
nuscenes_mini_subset,scene-0103_033,0.50000000,34784,2846,8.18192272,-0.02012420,374,368,98.39572193,374,368,98.39572193,12.63537100
nuscenes_mini_subset,scene-0103_033,1.00000000,34784,2850,8.19342226,-0.00862466,374,357,95.45454545,374,357,95.45454545,25.24166565
nuscenes_mini_subset,scene-0103_033,2.00000000,34784,2844,8.17617295,-0.02587397,374,324,86.63101604,374,324,86.63101604,50.37206164
nuscenes_mini_subset,scene-0103_033,3.00000000,34784,2840,8.16467341,-0.03737351,374,281,75.13368984,374,281,75.13368984,75.39923275
nuscenes_mini_subset,scene-0103_034,-3.00000000,34688,2865,8.25934041,0.06053967,427,324,75.87822014,428,324,75.70093458,75.49514525
nuscenes_mini_subset,scene-0103_034,-2.00000000,34688,2858,8.23916052,0.04035978,427,371,86.88524590,428,371,86.68224299,50.46997729
nuscenes_mini_subset,scene-0103_034,-1.00000000,34688,2856,8.23339483,0.03459410,427,410,96.01873536,428,410,95.79439252,25.30501810
nuscenes_mini_subset,scene-0103_034,-0.50000000,34688,2848,8.21033210,0.01153137,427,424,99.29742389,428,424,99.06542056,12.66187629
nuscenes_mini_subset,scene-0103_034,0.00000000,34688,2844,8.19880074,0.00000000,427,427,100.00000000,428,427,99.76635514,0.00000000
nuscenes_mini_subset,scene-0103_034,0.50000000,34688,2836,8.17573801,-0.02306273,427,417,97.65807963,428,418,97.66355140,12.64993279
nuscenes_mini_subset,scene-0103_034,1.00000000,34688,2836,8.17573801,-0.02306273,427,407,95.31615925,428,408,95.32710280,25.26230329
nuscenes_mini_subset,scene-0103_034,2.00000000,34688,2830,8.15844096,-0.04035978,427,369,86.41686183,428,370,86.44859813,50.41245608
nuscenes_mini_subset,scene-0103_034,3.00000000,34688,2824,8.14114391,-0.05765683,427,323,75.64402810,428,324,75.70093458,75.39088545
nuscenes_mini_subset,scene-0103_035,-3.00000000,34720,2854,8.22004608,0.12960829,381,280,73.49081365,382,280,73.29842932,75.64526347
nuscenes_mini_subset,scene-0103_035,-2.00000000,34720,2840,8.17972350,0.08928571,381,321,84.25196850,382,321,84.03141361,50.52789222
nuscenes_mini_subset,scene-0103_035,-1.00000000,34720,2823,8.13076037,0.04032258,381,362,95.01312336,382,362,94.76439791,25.30163865
nuscenes_mini_subset,scene-0103_035,-0.50000000,34720,2810,8.09331797,0.00288018,381,372,97.63779528,382,372,97.38219895,12.65974365
nuscenes_mini_subset,scene-0103_035,0.00000000,34720,2809,8.09043779,0.00000000,381,381,100.00000000,382,381,99.73821990,0.00000000
nuscenes_mini_subset,scene-0103_035,0.50000000,34720,2795,8.05011521,-0.04032258,381,368,96.58792651,382,369,96.59685864,12.64985940
nuscenes_mini_subset,scene-0103_035,1.00000000,34720,2785,8.02131336,-0.06912442,381,352,92.38845144,382,353,92.40837696,25.25080643
nuscenes_mini_subset,scene-0103_035,2.00000000,34720,2781,8.00979263,-0.08064516,381,305,80.05249344,382,306,80.10471204,50.32364299
nuscenes_mini_subset,scene-0103_035,3.00000000,34720,2776,7.99539171,-0.09504608,381,242,63.51706037,382,243,63.61256545,75.15049579
nuscenes_mini_subset,scene-0103_036,-3.00000000,34752,2803,8.06572284,0.02302026,277,178,64.25992780,277,178,64.25992780,75.31557390
nuscenes_mini_subset,scene-0103_036,-2.00000000,34752,2798,8.05133517,0.00863260,277,215,77.61732852,277,215,77.61732852,50.32894076
nuscenes_mini_subset,scene-0103_036,-1.00000000,34752,2794,8.03982505,-0.00287753,277,254,91.69675090,277,254,91.69675090,25.21128058
nuscenes_mini_subset,scene-0103_036,-0.50000000,34752,2794,8.03982505,-0.00287753,277,269,97.11191336,277,269,97.11191336,12.62694369
nuscenes_mini_subset,scene-0103_036,0.00000000,34752,2795,8.04270258,0.00000000,277,277,100.00000000,277,277,100.00000000,0.00000000
nuscenes_mini_subset,scene-0103_036,0.50000000,34752,2804,8.06860037,0.02589779,277,273,98.55595668,277,273,98.55595668,12.61624726
nuscenes_mini_subset,scene-0103_036,1.00000000,34752,2795,8.04270258,0.00000000,277,263,94.94584838,277,263,94.94584838,25.18007146
nuscenes_mini_subset,scene-0103_036,2.00000000,34752,2795,8.04270258,0.00000000,277,239,86.28158845,277,239,86.28158845,50.18975560
nuscenes_mini_subset,scene-0103_036,3.00000000,34752,2786,8.01680479,-0.02589779,277,208,75.09025271,277,208,75.09025271,75.04779666
nuscenes_mini_subset,scene-0103_037,-3.00000000,34720,2730,7.86290323,0.02592166,336,235,69.94047619,337,235,69.73293769,75.27560035
nuscenes_mini_subset,scene-0103_037,-2.00000000,34720,2729,7.86002304,0.02304147,336,278,82.73809524,337,278,82.49258160,50.24940105
nuscenes_mini_subset,scene-0103_037,-1.00000000,34720,2722,7.83986175,0.00288018,336,314,93.45238095,337,314,93.17507418,25.16890650
nuscenes_mini_subset,scene-0103_037,-0.50000000,34720,2718,7.82834101,-0.00864055,336,327,97.32142857,337,327,97.03264095,12.59449299
nuscenes_mini_subset,scene-0103_037,0.00000000,34720,2721,7.83698157,0.00000000,336,336,100.00000000,337,336,99.70326409,0.00000000
nuscenes_mini_subset,scene-0103_037,0.50000000,34720,2714,7.81682028,-0.02016129,336,329,97.91666667,337,330,97.92284866,12.60211154
nuscenes_mini_subset,scene-0103_037,1.00000000,34720,2712,7.81105991,-0.02592166,336,317,94.34523810,337,318,94.36201780,25.15344262
nuscenes_mini_subset,scene-0103_037,2.00000000,34720,2707,7.79665899,-0.04032258,336,288,85.71428571,337,289,85.75667656,50.13165027
nuscenes_mini_subset,scene-0103_037,3.00000000,34720,2709,7.80241935,-0.03456221,336,254,75.59523810,337,255,75.66765579,74.91902172
nuscenes_mini_subset,scene-0103_038,-3.00000000,34752,2724,7.83839779,-0.02877532,388,291,75.00000000,389,292,75.06426735,74.60331457
nuscenes_mini_subset,scene-0103_038,-2.00000000,34752,2732,7.86141805,-0.00575506,388,335,86.34020619,389,336,86.37532134,49.80388082
nuscenes_mini_subset,scene-0103_038,-1.00000000,34752,2729,7.85278545,-0.01438766,388,367,94.58762887,389,368,94.60154242,24.94030906
nuscenes_mini_subset,scene-0103_038,-0.50000000,34752,2731,7.85854052,-0.00863260,388,381,98.19587629,389,382,98.20051414,12.48623991
nuscenes_mini_subset,scene-0103_038,0.00000000,34752,2734,7.86717311,0.00000000,388,388,100.00000000,389,388,99.74293059,0.00000000
nuscenes_mini_subset,scene-0103_038,0.50000000,34752,2738,7.87868324,0.01151013,388,379,97.68041237,389,379,97.42930591,12.48457760
nuscenes_mini_subset,scene-0103_038,1.00000000,34752,2735,7.87005064,0.00287753,388,357,92.01030928,389,357,91.77377892,24.92524251
nuscenes_mini_subset,scene-0103_038,2.00000000,34752,2743,7.89307090,0.02589779,388,311,80.15463918,389,311,79.94858612,49.72719294
nuscenes_mini_subset,scene-0103_038,3.00000000,34752,2753,7.92184622,0.05467311,388,259,66.75257732,389,259,66.58097686,74.42470388
nuscenes_mini_subset,scene-0103_039,-3.00000000,34720,2704,7.78801843,0.02592166,265,201,75.84905660,265,201,75.84905660,74.68054572
nuscenes_mini_subset,scene-0103_039,-2.00000000,34720,2705,7.79089862,0.02880184,265,231,87.16981132,265,231,87.16981132,49.89511395
nuscenes_mini_subset,scene-0103_039,-1.00000000,34720,2703,7.78513825,0.02304147,265,257,96.98113208,265,257,96.98113208,25.01129859
nuscenes_mini_subset,scene-0103_039,-0.50000000,34720,2687,7.73905530,-0.02304147,265,263,99.24528302,265,263,99.24528302,12.50959179
nuscenes_mini_subset,scene-0103_039,0.00000000,34720,2695,7.76209677,0.00000000,265,265,100.00000000,265,265,100.00000000,0.00000000
nuscenes_mini_subset,scene-0103_039,0.50000000,34720,2702,7.78225806,0.02016129,265,263,99.24528302,265,263,99.24528302,12.51709238
nuscenes_mini_subset,scene-0103_039,1.00000000,34720,2718,7.82834101,0.06624424,265,257,96.98113208,265,257,96.98113208,25.01594179
nuscenes_mini_subset,scene-0103_039,2.00000000,34720,2741,7.89458525,0.13248848,265,237,89.43396226,265,237,89.43396226,49.95856679
nuscenes_mini_subset,scene-0103_039,3.00000000,34720,2753,7.92914747,0.16705069,265,208,78.49056604,265,208,78.49056604,74.74728488
nuscenes_mini_subset,scene-1094_000,-3.00000000,34400,3492,10.15116279,-0.16569767,592,504,85.13513514,592,504,85.13513514,76.20297232
nuscenes_mini_subset,scene-1094_000,-2.00000000,34400,3515,10.21802326,-0.09883721,592,556,93.91891892,592,556,93.91891892,50.82180271
nuscenes_mini_subset,scene-1094_000,-1.00000000,34400,3534,10.27325581,-0.04360465,592,587,99.15540541,592,587,99.15540541,25.42116120
nuscenes_mini_subset,scene-1094_000,-0.50000000,34400,3545,10.30523256,-0.01162791,592,592,100.00000000,592,592,100.00000000,12.71294309
nuscenes_mini_subset,scene-1094_000,0.00000000,34400,3549,10.31686047,0.00000000,592,592,100.00000000,592,592,100.00000000,0.00000000
nuscenes_mini_subset,scene-1094_000,0.50000000,34400,3559,10.34593023,0.02906977,592,587,99.15540541,592,587,99.15540541,12.71575983
nuscenes_mini_subset,scene-1094_000,1.00000000,34400,3570,10.37790698,0.06104651,592,575,97.12837838,592,575,97.12837838,25.41674590
nuscenes_mini_subset,scene-1094_000,2.00000000,34400,3587,10.42732558,0.11046512,592,526,88.85135135,592,526,88.85135135,50.80448577
nuscenes_mini_subset,scene-1094_000,3.00000000,34400,3598,10.45930233,0.14244186,592,489,82.60135135,592,489,82.60135135,76.15120638
nuscenes_mini_subset,scene-1094_001,-3.00000000,34688,3498,10.08417897,-0.16432196,572,475,83.04195804,572,475,83.04195804,75.90868790
nuscenes_mini_subset,scene-1094_001,-2.00000000,34688,3521,10.15048432,-0.09801661,572,531,92.83216783,572,531,92.83216783,50.62954987
nuscenes_mini_subset,scene-1094_001,-1.00000000,34688,3542,10.21102399,-0.03747694,572,568,99.30069930,572,568,99.30069930,25.33322385
nuscenes_mini_subset,scene-1094_001,-0.50000000,34688,3552,10.23985240,-0.00864852,572,572,100.00000000,572,572,100.00000000,12.67454516
nuscenes_mini_subset,scene-1094_001,0.00000000,34688,3555,10.24850092,0.00000000,572,572,100.00000000,572,572,100.00000000,0.00000000
nuscenes_mini_subset,scene-1094_001,0.50000000,34688,3562,10.26868081,0.02017989,572,567,99.12587413,572,567,99.12587413,12.66936926
nuscenes_mini_subset,scene-1094_001,1.00000000,34688,3560,10.26291513,0.01441421,572,559,97.72727273,572,559,97.72727273,25.32756169
nuscenes_mini_subset,scene-1094_001,2.00000000,34688,3567,10.28309502,0.03459410,572,521,91.08391608,572,521,91.08391608,50.60230893
nuscenes_mini_subset,scene-1094_001,3.00000000,34688,3571,10.29462638,0.04612546,572,463,80.94405594,572,463,80.94405594,75.82131015
nuscenes_mini_subset,scene-1094_002,-3.00000000,34720,3503,10.08928571,-0.13824885,560,443,79.10714286,560,443,79.10714286,75.46485309
nuscenes_mini_subset,scene-1094_002,-2.00000000,34720,3527,10.15841014,-0.06912442,560,497,88.75000000,560,497,88.75000000,50.34519150
nuscenes_mini_subset,scene-1094_002,-1.00000000,34720,3544,10.20737327,-0.02016129,560,547,97.67857143,560,547,97.67857143,25.19742062
nuscenes_mini_subset,scene-1094_002,-0.50000000,34720,3544,10.20737327,-0.02016129,560,555,99.10714286,560,555,99.10714286,12.60361747
nuscenes_mini_subset,scene-1094_002,0.00000000,34720,3551,10.22753456,0.00000000,560,560,100.00000000,560,560,100.00000000,0.00000000
nuscenes_mini_subset,scene-1094_002,0.50000000,34720,3556,10.24193548,0.01440092,560,558,99.64285714,560,558,99.64285714,12.60567791
nuscenes_mini_subset,scene-1094_002,1.00000000,34720,3551,10.22753456,0.00000000,560,546,97.50000000,560,546,97.50000000,25.18888203
nuscenes_mini_subset,scene-1094_002,2.00000000,34720,3544,10.20737327,-0.02016129,560,504,90.00000000,560,504,90.00000000,50.31520444
nuscenes_mini_subset,scene-1094_002,3.00000000,34720,3542,10.20161290,-0.02592166,560,456,81.42857143,560,456,81.42857143,75.45194912
nuscenes_mini_subset,scene-1094_003,-3.00000000,34688,3543,10.21390683,-0.10954797,550,440,80.00000000,550,440,80.00000000,75.13600495
nuscenes_mini_subset,scene-1094_003,-2.00000000,34688,3559,10.26003229,-0.06342251,550,493,89.63636364,550,493,89.63636364,50.13671296
nuscenes_mini_subset,scene-1094_003,-1.00000000,34688,3566,10.28021218,-0.04324262,550,533,96.90909091,550,533,96.90909091,25.11225990
nuscenes_mini_subset,scene-1094_003,-0.50000000,34688,3570,10.29174354,-0.03171125,550,543,98.72727273,550,543,98.72727273,12.57002557
nuscenes_mini_subset,scene-1094_003,0.00000000,34688,3581,10.32345480,0.00000000,550,550,100.00000000,550,550,100.00000000,0.00000000
nuscenes_mini_subset,scene-1094_003,0.50000000,34688,3583,10.32922048,0.00576568,550,547,99.45454545,550,547,99.45454545,12.57488931
nuscenes_mini_subset,scene-1094_003,1.00000000,34688,3587,10.34075185,0.01729705,550,533,96.90909091,550,533,96.90909091,25.13187752
nuscenes_mini_subset,scene-1094_003,2.00000000,34688,3589,10.34651753,0.02306273,550,485,88.18181818,550,485,88.18181818,50.23299318
nuscenes_mini_subset,scene-1094_003,3.00000000,34688,3576,10.30904059,-0.01441421,550,443,80.54545455,550,443,80.54545455,75.26982023
nuscenes_mini_subset,scene-1094_004,-3.00000000,34720,3561,10.25633641,-0.11808756,538,431,80.11152416,538,431,80.11152416,75.00271072
nuscenes_mini_subset,scene-1094_004,-2.00000000,34720,3579,10.30817972,-0.06624424,538,481,89.40520446,538,481,89.40520446,50.10038562
nuscenes_mini_subset,scene-1094_004,-1.00000000,34720,3592,10.34562212,-0.02880184,538,518,96.28252788,538,518,96.28252788,25.09912039
nuscenes_mini_subset,scene-1094_004,-0.50000000,34720,3588,10.33410138,-0.04032258,538,530,98.51301115,538,530,98.51301115,12.55725262
nuscenes_mini_subset,scene-1094_004,0.00000000,34720,3602,10.37442396,0.00000000,538,538,100.00000000,538,538,100.00000000,0.00000000
nuscenes_mini_subset,scene-1094_004,0.50000000,34720,3599,10.36578341,-0.00864055,538,531,98.69888476,538,531,98.69888476,12.56733730
nuscenes_mini_subset,scene-1094_004,1.00000000,34720,3593,10.34850230,-0.02592166,538,508,94.42379182,538,508,94.42379182,25.11457139
nuscenes_mini_subset,scene-1094_004,2.00000000,34720,3558,10.24769585,-0.12672811,538,476,88.47583643,538,476,88.47583643,50.18198642
nuscenes_mini_subset,scene-1094_004,3.00000000,34720,3531,10.16993088,-0.20449309,538,445,82.71375465,538,445,82.71375465,75.23932804
nuscenes_mini_subset,scene-1094_005,-3.00000000,34752,3553,10.22387201,0.01438766,565,464,82.12389381,565,464,82.12389381,74.99211169
nuscenes_mini_subset,scene-1094_005,-2.00000000,34752,3548,10.20948435,0.00000000,565,515,91.15044248,565,515,91.15044248,50.11009245
nuscenes_mini_subset,scene-1094_005,-1.00000000,34752,3543,10.19509669,-0.01438766,565,557,98.58407080,565,557,98.58407080,25.12014573
nuscenes_mini_subset,scene-1094_005,-0.50000000,34752,3550,10.21523941,0.00575506,565,564,99.82300885,565,564,99.82300885,12.57708114
nuscenes_mini_subset,scene-1094_005,0.00000000,34752,3548,10.20948435,0.00000000,565,565,100.00000000,565,565,100.00000000,0.00000000
nuscenes_mini_subset,scene-1094_005,0.50000000,34752,3550,10.21523941,0.00575506,565,556,98.40707965,565,556,98.40707965,12.57668917
nuscenes_mini_subset,scene-1094_005,1.00000000,34752,3550,10.21523941,0.00575506,565,534,94.51327434,565,534,94.51327434,25.12441407
nuscenes_mini_subset,scene-1094_005,2.00000000,34752,3554,10.22674954,0.01726519,565,489,86.54867257,565,489,86.54867257,50.19632330
nuscenes_mini_subset,scene-1094_005,3.00000000,34752,3569,10.26991252,0.06042818,565,451,79.82300885,565,451,79.82300885,75.24220742
nuscenes_mini_subset,scene-1094_006,-3.00000000,34688,3540,10.20525830,-0.17873616,567,483,85.18518519,567,483,85.18518519,75.35549971
nuscenes_mini_subset,scene-1094_006,-2.00000000,34688,3554,10.24561808,-0.13837638,567,526,92.76895944,567,526,92.76895944,50.35211237
nuscenes_mini_subset,scene-1094_006,-1.00000000,34688,3576,10.30904059,-0.07495387,567,550,97.00176367,567,550,97.00176367,25.21649694
nuscenes_mini_subset,scene-1094_006,-0.50000000,34688,3588,10.34363469,-0.04035978,567,565,99.64726631,567,565,99.64726631,12.62009286
nuscenes_mini_subset,scene-1094_006,0.00000000,34688,3602,10.38399446,0.00000000,567,567,100.00000000,567,567,100.00000000,0.00000000
nuscenes_mini_subset,scene-1094_006,0.50000000,34688,3617,10.42723708,0.04324262,567,562,99.11816578,567,562,99.11816578,12.62648921
nuscenes_mini_subset,scene-1094_006,1.00000000,34688,3629,10.46183118,0.07783672,567,545,96.11992945,567,545,96.11992945,25.22811951
nuscenes_mini_subset,scene-1094_006,2.00000000,34688,3637,10.48489391,0.10089945,567,512,90.29982363,567,512,90.29982363,50.38058580
nuscenes_mini_subset,scene-1094_006,3.00000000,34688,3631,10.46759686,0.08360240,567,476,83.95061728,567,476,83.95061728,75.44190040
nuscenes_mini_subset,scene-1094_007,-3.00000000,34720,3643,10.49251152,-0.10080645,609,529,86.86371100,609,529,86.86371100,75.46981002
nuscenes_mini_subset,scene-1094_007,-2.00000000,34720,3660,10.54147465,-0.05184332,609,563,92.44663383,609,563,92.44663383,50.40529241
nuscenes_mini_subset,scene-1094_007,-1.00000000,34720,3669,10.56739631,-0.02592166,609,595,97.70114943,609,595,97.70114943,25.25428148
nuscenes_mini_subset,scene-1094_007,-0.50000000,34720,3671,10.57315668,-0.02016129,609,609,100.00000000,609,609,100.00000000,12.63947976
nuscenes_mini_subset,scene-1094_007,0.00000000,34720,3678,10.59331797,0.00000000,609,609,100.00000000,609,609,100.00000000,0.00000000
nuscenes_mini_subset,scene-1094_007,0.50000000,34720,3676,10.58755760,-0.00576037,609,603,99.01477833,609,603,99.01477833,12.63568668
nuscenes_mini_subset,scene-1094_007,1.00000000,34720,3678,10.59331797,0.00000000,609,578,94.90968801,609,578,94.90968801,25.23290897
nuscenes_mini_subset,scene-1094_007,2.00000000,34720,3681,10.60195853,0.00864055,609,533,87.52052545,609,533,87.52052545,50.32448521
nuscenes_mini_subset,scene-1094_007,3.00000000,34720,3682,10.60483871,0.01152074,609,500,82.10180624,609,500,82.10180624,75.34243539
nuscenes_mini_subset,scene-1094_008,-3.00000000,34752,3647,10.49436004,0.00287753,633,570,90.04739336,633,570,90.04739336,75.58253788
nuscenes_mini_subset,scene-1094_008,-2.00000000,34752,3647,10.49436004,0.00287753,633,604,95.41864139,633,604,95.41864139,50.46124988
nuscenes_mini_subset,scene-1094_008,-1.00000000,34752,3648,10.49723757,0.00575506,633,621,98.10426540,633,621,98.10426540,25.27210786
nuscenes_mini_subset,scene-1094_008,-0.50000000,34752,3647,10.49436004,0.00287753,633,630,99.52606635,633,630,99.52606635,12.64641266
nuscenes_mini_subset,scene-1094_008,0.00000000,34752,3646,10.49148250,0.00000000,633,633,100.00000000,633,633,100.00000000,0.00000000
nuscenes_mini_subset,scene-1094_008,0.50000000,34752,3650,10.50299263,0.01151013,633,625,98.73617694,633,625,98.73617694,12.63197203
nuscenes_mini_subset,scene-1094_008,1.00000000,34752,3652,10.50874770,0.01726519,633,607,95.89257504,633,607,95.89257504,25.22647895
nuscenes_mini_subset,scene-1094_008,2.00000000,34752,3647,10.49436004,0.00287753,633,556,87.83570300,633,556,87.83570300,50.27068520
nuscenes_mini_subset,scene-1094_008,3.00000000,34752,3653,10.51162523,0.02014273,633,509,80.41074250,633,509,80.41074250,75.12732069
nuscenes_mini_subset,scene-1094_009,-3.00000000,34720,3607,10.38882488,-0.03744240,454,361,79.51541850,454,361,79.51541850,75.09303654
nuscenes_mini_subset,scene-1094_009,-2.00000000,34720,3615,10.41186636,-0.01440092,454,392,86.34361233,454,392,86.34361233,50.12625392
nuscenes_mini_subset,scene-1094_009,-1.00000000,34720,3618,10.42050691,-0.00576037,454,434,95.59471366,454,434,95.59471366,25.10950869
nuscenes_mini_subset,scene-1094_009,-0.50000000,34720,3617,10.41762673,-0.00864055,454,452,99.55947137,454,452,99.55947137,12.56726754
nuscenes_mini_subset,scene-1094_009,0.00000000,34720,3620,10.42626728,0.00000000,454,454,100.00000000,454,454,100.00000000,0.00000000
nuscenes_mini_subset,scene-1094_009,0.50000000,34720,3624,10.43778802,0.01152074,454,439,96.69603524,454,439,96.69603524,12.56451466
nuscenes_mini_subset,scene-1094_009,1.00000000,34720,3633,10.46370968,0.03744240,454,417,91.85022026,454,417,91.85022026,25.10796533
nuscenes_mini_subset,scene-1094_009,2.00000000,34720,3636,10.47235023,0.04608295,454,358,78.85462555,454,358,78.85462555,50.08644960
nuscenes_mini_subset,scene-1094_009,3.00000000,34720,3641,10.48675115,0.06048387,454,302,66.51982379,454,302,66.51982379,74.98639457
nuscenes_mini_subset,scene-1094_010,-3.00000000,34688,3550,10.23408672,-0.12107934,355,259,72.95774648,355,259,72.95774648,75.41737674
nuscenes_mini_subset,scene-1094_010,-2.00000000,34688,3565,10.27732934,-0.07783672,355,295,83.09859155,355,295,83.09859155,50.39110946
nuscenes_mini_subset,scene-1094_010,-1.00000000,34688,3581,10.32345480,-0.03171125,355,332,93.52112676,355,332,93.52112676,25.25246489
nuscenes_mini_subset,scene-1094_010,-0.50000000,34688,3584,10.33210332,-0.02306273,355,347,97.74647887,355,347,97.74647887,12.64358841
nuscenes_mini_subset,scene-1094_010,0.00000000,34688,3592,10.35516605,0.00000000,355,355,100.00000000,355,355,100.00000000,0.00000000
nuscenes_mini_subset,scene-1094_010,0.50000000,34688,3594,10.36093173,0.00576568,355,343,96.61971831,355,343,96.61971831,12.64945687
nuscenes_mini_subset,scene-1094_010,1.00000000,34688,3600,10.37822878,0.02306273,355,323,90.98591549,355,323,90.98591549,25.27667646
nuscenes_mini_subset,scene-1094_010,2.00000000,34688,3609,10.40417435,0.04900830,355,269,75.77464789,355,269,75.77464789,50.44681798
nuscenes_mini_subset,scene-1094_010,3.00000000,34688,3618,10.43011993,0.07495387,355,217,61.12676056,355,217,61.12676056,75.51649846
nuscenes_mini_subset,scene-1094_011,-3.00000000,34688,3478,10.02652214,-0.23351015,336,273,81.25000000,336,273,81.25000000,75.38151642
nuscenes_mini_subset,scene-1094_011,-2.00000000,34688,3504,10.10147601,-0.15855627,336,296,88.09523810,336,296,88.09523810,50.35276408
nuscenes_mini_subset,scene-1094_011,-1.00000000,34688,3530,10.17642989,-0.08360240,336,328,97.61904762,336,328,97.61904762,25.22721762
nuscenes_mini_subset,scene-1094_011,-0.50000000,34688,3543,10.21390683,-0.04612546,336,335,99.70238095,336,335,99.70238095,12.63027712
nuscenes_mini_subset,scene-1094_011,0.00000000,34688,3559,10.26003229,0.00000000,336,336,100.00000000,336,336,100.00000000,0.00000000
nuscenes_mini_subset,scene-1094_011,0.50000000,34688,3567,10.28309502,0.02306273,336,323,96.13095238,336,323,96.13095238,12.63587518
nuscenes_mini_subset,scene-1094_011,1.00000000,34688,3579,10.31768911,0.05765683,336,311,92.55952381,336,311,92.55952381,25.25603546
nuscenes_mini_subset,scene-1094_011,2.00000000,34688,3599,10.37534594,0.11531365,336,272,80.95238095,336,272,80.95238095,50.41538472
nuscenes_mini_subset,scene-1094_011,3.00000000,34688,3606,10.39552583,0.13549354,336,235,69.94047619,336,235,69.94047619,75.47106646
nuscenes_mini_subset,scene-1094_012,-3.00000000,34752,3300,9.49585635,-0.24171271,429,331,77.15617716,429,331,77.15617716,75.12125198
nuscenes_mini_subset,scene-1094_012,-2.00000000,34752,3325,9.56779466,-0.16977440,429,365,85.08158508,429,365,85.08158508,50.18273356
nuscenes_mini_subset,scene-1094_012,-1.00000000,34752,3355,9.65412063,-0.08344843,429,409,95.33799534,429,409,95.33799534,25.13428238
nuscenes_mini_subset,scene-1094_012,-0.50000000,34752,3366,9.68577348,-0.05179558,429,426,99.30069930,429,426,99.30069930,12.58197066
nuscenes_mini_subset,scene-1094_012,0.00000000,34752,3384,9.73756906,0.00000000,429,429,100.00000000,429,429,100.00000000,0.00000000
nuscenes_mini_subset,scene-1094_012,0.50000000,34752,3396,9.77209945,0.03453039,429,418,97.43589744,429,418,97.43589744,12.58948565
nuscenes_mini_subset,scene-1094_012,1.00000000,34752,3419,9.83828269,0.10071363,429,401,93.47319347,429,401,93.47319347,25.17001445
nuscenes_mini_subset,scene-1094_012,2.00000000,34752,3459,9.95338398,0.21581492,429,355,82.75058275,429,355,82.75058275,50.27312849
nuscenes_mini_subset,scene-1094_012,3.00000000,34752,3479,10.01093462,0.27336556,429,309,72.02797203,429,309,72.02797203,75.30581479
nuscenes_mini_subset,scene-1094_013,-3.00000000,34752,3120,8.97790055,-0.16401934,482,374,77.59336100,482,374,77.59336100,75.54903940
nuscenes_mini_subset,scene-1094_013,-2.00000000,34752,3142,9.04120626,-0.10071363,482,426,88.38174274,482,426,88.38174274,50.40567548
nuscenes_mini_subset,scene-1094_013,-1.00000000,34752,3157,9.08436924,-0.05755064,482,462,95.85062241,482,462,95.85062241,25.23148198
nuscenes_mini_subset,scene-1094_013,-0.50000000,34752,3171,9.12465470,-0.01726519,482,478,99.17012448,482,478,99.17012448,12.62273701
nuscenes_mini_subset,scene-1094_013,0.00000000,34752,3177,9.14191989,0.00000000,482,482,100.00000000,482,482,100.00000000,0.00000000
nuscenes_mini_subset,scene-1094_013,0.50000000,34752,3181,9.15343002,0.01151013,482,475,98.54771784,482,475,98.54771784,12.61992971
nuscenes_mini_subset,scene-1094_013,1.00000000,34752,3187,9.17069521,0.02877532,482,463,96.05809129,482,463,96.05809129,25.20586102
nuscenes_mini_subset,scene-1094_013,2.00000000,34752,3203,9.21673573,0.07481584,482,415,86.09958506,482,415,86.09958506,50.28841511
nuscenes_mini_subset,scene-1094_013,3.00000000,34752,3223,9.27428637,0.13236648,482,358,74.27385892,482,358,74.27385892,75.28259532
nuscenes_mini_subset,scene-1094_014,-3.00000000,34720,2874,8.27764977,-0.07200461,578,476,82.35294118,578,476,82.35294118,76.29380260
nuscenes_mini_subset,scene-1094_014,-2.00000000,34720,2878,8.28917051,-0.06048387,578,525,90.83044983,578,525,90.83044983,50.92393549
nuscenes_mini_subset,scene-1094_014,-1.00000000,34720,2883,8.30357143,-0.04608295,578,565,97.75086505,578,565,97.75086505,25.48965645
nuscenes_mini_subset,scene-1094_014,-0.50000000,34720,2887,8.31509217,-0.03456221,578,577,99.82698962,578,577,99.82698962,12.75527240
nuscenes_mini_subset,scene-1094_014,0.00000000,34720,2899,8.34965438,0.00000000,578,578,100.00000000,578,578,100.00000000,0.00000000
nuscenes_mini_subset,scene-1094_014,0.50000000,34720,2903,8.36117512,0.01152074,578,578,100.00000000,578,578,100.00000000,12.74551562
nuscenes_mini_subset,scene-1094_014,1.00000000,34720,2914,8.39285714,0.04320276,578,568,98.26989619,578,568,98.26989619,25.46838668
nuscenes_mini_subset,scene-1094_014,2.00000000,34720,2940,8.46774194,0.11808756,578,522,90.31141869,578,522,90.31141869,50.85037865
nuscenes_mini_subset,scene-1094_014,3.00000000,34720,2974,8.56566820,0.21601382,578,474,82.00692042,578,474,82.00692042,76.16695195
nuscenes_mini_subset,scene-1094_015,-3.00000000,34752,2816,8.10313076,-0.02589779,479,347,72.44258873,479,347,72.44258873,77.04098874
nuscenes_mini_subset,scene-1094_015,-2.00000000,34752,2819,8.11176335,-0.01726519,479,397,82.88100209,479,397,82.88100209,51.50595755
nuscenes_mini_subset,scene-1094_015,-1.00000000,34752,2819,8.11176335,-0.01726519,479,444,92.69311065,479,444,92.69311065,25.83329013
nuscenes_mini_subset,scene-1094_015,-0.50000000,34752,2829,8.14053867,0.01151013,479,467,97.49478079,479,467,97.49478079,12.94017244
nuscenes_mini_subset,scene-1094_015,0.00000000,34752,2825,8.12902855,0.00000000,479,479,100.00000000,479,479,100.00000000,0.00000000
nuscenes_mini_subset,scene-1094_015,0.50000000,34752,2838,8.16643646,0.03740792,479,475,99.16492693,479,475,99.16492693,12.94243598
nuscenes_mini_subset,scene-1094_015,1.00000000,34752,2832,8.14917127,0.02014273,479,463,96.65970772,479,463,96.65970772,25.83984005
nuscenes_mini_subset,scene-1094_015,2.00000000,34752,2830,8.14341621,0.01438766,479,429,89.56158664,479,429,89.56158664,51.51806218
nuscenes_mini_subset,scene-1094_015,3.00000000,34752,2825,8.12902855,0.00000000,479,375,78.28810021,479,375,78.28810021,76.96668709
nuscenes_mini_subset,scene-1094_016,-3.00000000,34816,2810,8.07100184,0.05744485,176,100,56.81818182,177,100,56.49717514,76.00715949
nuscenes_mini_subset,scene-1094_016,-2.00000000,34816,2803,8.05089614,0.03733915,176,136,77.27272727,177,136,76.83615819,50.82124902
nuscenes_mini_subset,scene-1094_016,-1.00000000,34816,2782,7.99057904,-0.02297794,176,157,89.20454545,177,157,88.70056497,25.47721462
nuscenes_mini_subset,scene-1094_016,-0.50000000,34816,2782,7.99057904,-0.02297794,176,165,93.75000000,177,165,93.22033898,12.75643859
nuscenes_mini_subset,scene-1094_016,0.00000000,34816,2790,8.01355699,0.00000000,176,176,100.00000000,177,176,99.43502825,0.00000000
nuscenes_mini_subset,scene-1094_016,0.50000000,34816,2791,8.01642923,0.00287224,176,175,99.43181818,177,176,99.43502825,12.76817323
nuscenes_mini_subset,scene-1094_016,1.00000000,34816,2802,8.04802390,0.03446691,176,159,90.34090909,177,160,90.39548023,25.52393350
nuscenes_mini_subset,scene-1094_016,2.00000000,34816,2825,8.11408548,0.10052849,176,137,77.84090909,177,137,77.40112994,50.97779180
nuscenes_mini_subset,scene-1094_016,3.00000000,34816,2830,8.12844669,0.11488971,176,112,63.63636364,177,112,63.27683616,76.32399534
nuscenes_mini_subset,scene-1094_017,-3.00000000,34752,2818,8.10888582,0.06618324,142,83,58.45070423,142,83,58.45070423,76.05272988
nuscenes_mini_subset,scene-1094_017,-2.00000000,34752,2824,8.12615101,0.08344843,142,106,74.64788732,142,106,74.64788732,50.80426873
nuscenes_mini_subset,scene-1094_017,-1.00000000,34752,2807,8.07723297,0.03453039,142,125,88.02816901,142,125,88.02816901,25.46272018
nuscenes_mini_subset,scene-1094_017,-0.50000000,34752,2800,8.05709024,0.01438766,142,135,95.07042254,142,135,95.07042254,12.73641545
nuscenes_mini_subset,scene-1094_017,0.00000000,34752,2795,8.04270258,0.00000000,142,142,100.00000000,142,142,100.00000000,0.00000000
nuscenes_mini_subset,scene-1094_017,0.50000000,34752,2793,8.03694751,-0.00575506,142,141,99.29577465,142,141,99.29577465,12.74361161
nuscenes_mini_subset,scene-1094_017,1.00000000,34752,2791,8.03119245,-0.01151013,142,134,94.36619718,142,134,94.36619718,25.46951059
nuscenes_mini_subset,scene-1094_017,2.00000000,34752,2786,8.01680479,-0.02589779,142,120,84.50704225,142,120,84.50704225,50.78554199
nuscenes_mini_subset,scene-1094_017,3.00000000,34752,2786,8.01680479,-0.02589779,142,90,63.38028169,142,90,63.38028169,76.04322793
nuscenes_mini_subset,scene-1094_018,-3.00000000,34688,2821,8.13249539,0.15855627,95,58,61.05263158,95,58,61.05263158,75.47964128
nuscenes_mini_subset,scene-1094_018,-2.00000000,34688,2804,8.08348708,0.10954797,95,73,76.84210526,95,73,76.84210526,50.49550168
nuscenes_mini_subset,scene-1094_018,-1.00000000,34688,2779,8.01141605,0.03747694,95,85,89.47368421,95,85,89.47368421,25.30440925
nuscenes_mini_subset,scene-1094_018,-0.50000000,34688,2768,7.97970480,0.00576568,95,92,96.84210526,95,92,96.84210526,12.67688320
nuscenes_mini_subset,scene-1094_018,0.00000000,34688,2766,7.97393911,0.00000000,95,95,100.00000000,95,95,100.00000000,0.00000000
nuscenes_mini_subset,scene-1094_018,0.50000000,34688,2757,7.94799354,-0.02594557,95,92,96.84210526,95,92,96.84210526,12.68215144
nuscenes_mini_subset,scene-1094_018,1.00000000,34688,2757,7.94799354,-0.02594557,95,89,93.68421053,95,89,93.68421053,25.33759479
nuscenes_mini_subset,scene-1094_018,2.00000000,34688,2740,7.89898524,-0.07495387,95,79,83.15789474,95,79,83.15789474,50.54408430
nuscenes_mini_subset,scene-1094_018,3.00000000,34688,2728,7.86439114,-0.10954797,95,63,66.31578947,95,63,66.31578947,75.71681016
nuscenes_mini_subset,scene-1094_019,-3.00000000,34688,2874,8.28528598,0.12972786,113,71,62.83185841,113,71,62.83185841,75.21370545
nuscenes_mini_subset,scene-1094_019,-2.00000000,34688,2859,8.24204336,0.08648524,113,91,80.53097345,113,91,80.53097345,50.25479259
nuscenes_mini_subset,scene-1094_019,-1.00000000,34688,2847,8.20744926,0.05189114,113,106,93.80530973,113,106,93.80530973,25.18931543
nuscenes_mini_subset,scene-1094_019,-0.50000000,34688,2842,8.19303506,0.03747694,113,111,98.23008850,113,111,98.23008850,12.61220381
nuscenes_mini_subset,scene-1094_019,0.00000000,34688,2829,8.15555812,0.00000000,113,113,100.00000000,113,113,100.00000000,0.00000000
nuscenes_mini_subset,scene-1094_019,0.50000000,34688,2823,8.13826107,-0.01729705,113,109,96.46017699,113,109,96.46017699,12.61297656
nuscenes_mini_subset,scene-1094_019,1.00000000,34688,2814,8.11231550,-0.04324262,113,103,91.15044248,113,103,91.15044248,25.18514767
nuscenes_mini_subset,scene-1094_019,2.00000000,34688,2804,8.08348708,-0.07207103,113,86,76.10619469,113,86,76.10619469,50.21740135
nuscenes_mini_subset,scene-1094_019,3.00000000,34688,2785,8.02871310,-0.12684502,113,62,54.86725664,113,62,54.86725664,75.12623567
nuscenes_mini_subset,scene-1094_020,-3.00000000,34720,2863,8.24596774,0.16705069,90,41,45.55555556,90,41,45.55555556,74.72390623
nuscenes_mini_subset,scene-1094_020,-2.00000000,34720,2840,8.17972350,0.10080645,90,57,63.33333333,90,57,63.33333333,49.91832438
nuscenes_mini_subset,scene-1094_020,-1.00000000,34720,2821,8.12500000,0.04608295,90,79,87.77777778,90,79,87.77777778,25.02405541
nuscenes_mini_subset,scene-1094_020,-0.50000000,34720,2815,8.10771889,0.02880184,90,84,93.33333333,90,84,93.33333333,12.52505504
nuscenes_mini_subset,scene-1094_020,0.00000000,34720,2805,8.07891705,0.00000000,90,90,100.00000000,90,90,100.00000000,0.00000000
nuscenes_mini_subset,scene-1094_020,0.50000000,34720,2792,8.04147465,-0.03744240,90,87,96.66666667,90,87,96.66666667,12.53122892
nuscenes_mini_subset,scene-1094_020,1.00000000,34720,2793,8.04435484,-0.03456221,90,83,92.22222222,90,83,92.22222222,25.04196061
nuscenes_mini_subset,scene-1094_020,2.00000000,34720,2783,8.01555300,-0.06336406,90,66,73.33333333,90,66,73.33333333,50.01428560
nuscenes_mini_subset,scene-1094_020,3.00000000,34720,2765,7.96370968,-0.11520737,90,51,56.66666667,90,51,56.66666667,74.85523662
nuscenes_mini_subset,scene-1094_021,-3.00000000,34688,2799,8.06907288,0.04324262,80,31,38.75000000,80,31,38.75000000,74.51200253
nuscenes_mini_subset,scene-1094_021,-2.00000000,34688,2774,7.99700185,-0.02882841,80,54,67.50000000,80,54,67.50000000,49.73986537
nuscenes_mini_subset,scene-1094_021,-1.00000000,34688,2777,8.00565037,-0.02017989,80,71,88.75000000,80,71,88.75000000,24.90912754
nuscenes_mini_subset,scene-1094_021,-0.50000000,34688,2770,7.98547048,-0.04035978,80,78,97.50000000,80,78,97.50000000,12.46277520
nuscenes_mini_subset,scene-1094_021,0.00000000,34688,2784,8.02583026,0.00000000,80,80,100.00000000,80,80,100.00000000,0.00000000
nuscenes_mini_subset,scene-1094_021,0.50000000,34688,2784,8.02583026,0.00000000,80,76,95.00000000,80,76,95.00000000,12.47035173
nuscenes_mini_subset,scene-1094_021,1.00000000,34688,2790,8.04312731,0.01729705,80,72,90.00000000,80,72,90.00000000,24.93045125
nuscenes_mini_subset,scene-1094_021,2.00000000,34688,2771,7.98835332,-0.03747694,80,52,65.00000000,80,52,65.00000000,49.74163063
nuscenes_mini_subset,scene-1094_021,3.00000000,34688,2762,7.96240775,-0.06342251,80,31,38.75000000,80,31,38.75000000,74.49163590
nuscenes_mini_subset,scene-1094_022,-3.00000000,34656,2919,8.42278393,0.13273315,52,28,53.84615385,52,28,53.84615385,74.37614856
nuscenes_mini_subset,scene-1094_022,-2.00000000,34656,2901,8.37084488,0.08079409,52,39,75.00000000,52,39,75.00000000,49.66412785
nuscenes_mini_subset,scene-1094_022,-1.00000000,34656,2890,8.33910434,0.04905355,52,46,88.46153846,52,46,88.46153846,24.86114067
nuscenes_mini_subset,scene-1094_022,-0.50000000,34656,2882,8.31602031,0.02596953,52,51,98.07692308,52,51,98.07692308,12.43627291
nuscenes_mini_subset,scene-1094_022,0.00000000,34656,2873,8.29005078,0.00000000,52,52,100.00000000,52,52,100.00000000,0.00000000
nuscenes_mini_subset,scene-1094_022,0.50000000,34656,2866,8.26985226,-0.02019852,52,48,92.30769231,52,48,92.30769231,12.42421441
nuscenes_mini_subset,scene-1094_022,1.00000000,34656,2865,8.26696676,-0.02308403,52,46,88.46153846,52,46,88.46153846,24.82007894
nuscenes_mini_subset,scene-1094_022,2.00000000,34656,2861,8.25542475,-0.03462604,52,38,73.07692308,52,38,73.07692308,49.56416139
nuscenes_mini_subset,scene-1094_022,3.00000000,34656,2854,8.23522622,-0.05482456,52,29,55.76923077,52,29,55.76923077,74.23504502
nuscenes_mini_subset,scene-1094_023,-3.00000000,34688,3044,8.77536900,0.15855627,34,8,23.52941176,34,8,23.52941176,74.64733288
nuscenes_mini_subset,scene-1094_023,-2.00000000,34688,3030,8.73500923,0.11819649,34,11,32.35294118,34,11,32.35294118,49.85901760
nuscenes_mini_subset,scene-1094_023,-1.00000000,34688,3004,8.66005535,0.04324262,34,20,58.82352941,34,20,58.82352941,24.94206310
nuscenes_mini_subset,scene-1094_023,-0.50000000,34688,2998,8.64275830,0.02594557,34,28,82.35294118,34,28,82.35294118,12.47889183
nuscenes_mini_subset,scene-1094_023,0.00000000,34688,2989,8.61681273,0.00000000,34,34,100.00000000,34,34,100.00000000,0.00000000
nuscenes_mini_subset,scene-1094_023,0.50000000,34688,2977,8.58221863,-0.03459410,34,32,94.11764706,34,32,94.11764706,12.47533405
nuscenes_mini_subset,scene-1094_023,1.00000000,34688,2969,8.55915590,-0.05765683,34,30,88.23529412,34,30,88.23529412,24.92025524
nuscenes_mini_subset,scene-1094_023,2.00000000,34688,2948,8.49861624,-0.11819649,34,15,44.11764706,34,15,44.11764706,49.76456951
nuscenes_mini_subset,scene-1094_023,3.00000000,34688,2932,8.45249077,-0.16432196,34,7,20.58823529,34,7,20.58823529,74.47167119
nuscenes_mini_subset,scene-1094_024,-3.00000000,34688,3057,8.81284594,0.21333026,45,10,22.22222222,45,10,22.22222222,74.93037855
nuscenes_mini_subset,scene-1094_024,-2.00000000,34688,3030,8.73500923,0.13549354,45,20,44.44444444,45,20,44.44444444,50.05319659
nuscenes_mini_subset,scene-1094_024,-1.00000000,34688,3005,8.66293819,0.06342251,45,35,77.77777778,45,35,77.77777778,25.06723168
nuscenes_mini_subset,scene-1094_024,-0.50000000,34688,2991,8.62257841,0.02306273,45,42,93.33333333,45,42,93.33333333,12.53930491
nuscenes_mini_subset,scene-1094_024,0.00000000,34688,2983,8.59951568,0.00000000,45,45,100.00000000,45,45,100.00000000,0.00000000
nuscenes_mini_subset,scene-1094_024,0.50000000,34688,2968,8.55627306,-0.04324262,45,43,95.55555556,45,43,95.55555556,12.52586807
nuscenes_mini_subset,scene-1094_024,1.00000000,34688,2959,8.53032749,-0.06918819,45,38,84.44444444,45,38,84.44444444,25.02669315
nuscenes_mini_subset,scene-1094_024,2.00000000,34688,2930,8.44672509,-0.15279059,45,22,48.88888889,45,22,48.88888889,49.91703922
nuscenes_mini_subset,scene-1094_024,3.00000000,34688,2924,8.42942804,-0.17008764,45,10,22.22222222,45,10,22.22222222,74.72702006
nuscenes_mini_subset,scene-1094_025,-3.00000000,34720,3023,8.70679724,0.08640553,67,14,20.89552239,67,14,20.89552239,74.89499830
nuscenes_mini_subset,scene-1094_025,-2.00000000,34720,2999,8.63767281,0.01728111,67,32,47.76119403,67,32,47.76119403,50.04289645
nuscenes_mini_subset,scene-1094_025,-1.00000000,34720,2998,8.63479263,0.01440092,67,56,83.58208955,67,56,83.58208955,25.10399610
nuscenes_mini_subset,scene-1094_025,-0.50000000,34720,2995,8.62615207,0.00576037,67,64,95.52238806,67,64,95.52238806,12.56377071
nuscenes_mini_subset,scene-1094_025,0.00000000,34720,2993,8.62039171,0.00000000,67,67,100.00000000,67,67,100.00000000,0.00000000
nuscenes_mini_subset,scene-1094_025,0.50000000,34720,2984,8.59447005,-0.02592166,67,63,94.02985075,67,63,94.02985075,12.56476970
nuscenes_mini_subset,scene-1094_025,1.00000000,34720,2974,8.56566820,-0.05472350,67,57,85.07462687,67,57,85.07462687,25.10744356
nuscenes_mini_subset,scene-1094_025,2.00000000,34720,2956,8.51382488,-0.10656682,67,36,53.73134328,67,36,53.73134328,50.09369311
nuscenes_mini_subset,scene-1094_025,3.00000000,34720,2923,8.41877880,-0.20161290,67,15,22.38805970,67,15,22.38805970,74.87642930
nuscenes_mini_subset,scene-1094_026,-3.00000000,34752,3038,8.74194291,0.09783610,52,8,15.38461538,52,8,15.38461538,75.36838960
nuscenes_mini_subset,scene-1094_026,-2.00000000,34752,3029,8.71604512,0.07193831,52,18,34.61538462,52,18,34.61538462,50.38709423
nuscenes_mini_subset,scene-1094_026,-1.00000000,34752,3005,8.64698435,0.00287753,52,41,78.84615385,52,41,78.84615385,25.23620245
nuscenes_mini_subset,scene-1094_026,-0.50000000,34752,3007,8.65273941,0.00863260,52,49,94.23076923,52,49,94.23076923,12.62972140
nuscenes_mini_subset,scene-1094_026,0.00000000,34752,3004,8.64410681,0.00000000,52,52,100.00000000,52,52,100.00000000,0.00000000
nuscenes_mini_subset,scene-1094_026,0.50000000,34752,3000,8.63259669,-0.01151013,52,49,94.23076923,52,49,94.23076923,12.60302121
nuscenes_mini_subset,scene-1094_026,1.00000000,34752,2992,8.60957643,-0.03453039,52,44,84.61538462,52,44,84.61538462,25.14801659
nuscenes_mini_subset,scene-1094_026,2.00000000,34752,2972,8.55202578,-0.09208103,52,24,46.15384615,52,24,46.15384615,50.13909511
nuscenes_mini_subset,scene-1094_026,3.00000000,34752,2952,8.49447514,-0.14963168,52,12,23.07692308,52,12,23.07692308,74.83168826
nuscenes_mini_subset,scene-1094_027,-3.00000000,34752,3060,8.80524862,0.11797882,75,10,13.33333333,75,10,13.33333333,74.61824099
nuscenes_mini_subset,scene-1094_027,-2.00000000,34752,3051,8.77935083,0.09208103,75,25,33.33333333,75,25,33.33333333,49.87159085
nuscenes_mini_subset,scene-1094_027,-1.00000000,34752,3038,8.74194291,0.05467311,75,54,72.00000000,75,54,72.00000000,25.02022476
nuscenes_mini_subset,scene-1094_027,-0.50000000,34752,3033,8.72755525,0.04028545,75,70,93.33333333,75,70,93.33333333,12.52146667
nuscenes_mini_subset,scene-1094_027,0.00000000,34752,3019,8.68726980,0.00000000,75,75,100.00000000,75,75,100.00000000,0.00000000
nuscenes_mini_subset,scene-1094_027,0.50000000,34752,3012,8.66712707,-0.02014273,75,73,97.33333333,75,73,97.33333333,12.51661409
nuscenes_mini_subset,scene-1094_027,1.00000000,34752,2990,8.60382136,-0.08344843,75,65,86.66666667,75,65,86.66666667,24.95540195
nuscenes_mini_subset,scene-1094_027,2.00000000,34752,2963,8.52612799,-0.16114180,75,39,52.00000000,75,39,52.00000000,49.69460784
nuscenes_mini_subset,scene-1094_027,3.00000000,34752,2947,8.48008748,-0.20718232,75,15,20.00000000,75,15,20.00000000,74.34204732
nuscenes_mini_subset,scene-1094_028,-3.00000000,34752,2978,8.56929098,-0.00863260,83,18,21.68674699,83,18,21.68674699,74.29576208
nuscenes_mini_subset,scene-1094_028,-2.00000000,34752,2997,8.62396409,0.04604052,83,35,42.16867470,83,35,42.16867470,49.68762153
nuscenes_mini_subset,scene-1094_028,-1.00000000,34752,2985,8.58943370,0.01151013,83,73,87.95180723,83,73,87.95180723,24.91775911
nuscenes_mini_subset,scene-1094_028,-0.50000000,34752,2984,8.58655617,0.00863260,83,81,97.59036145,83,81,97.59036145,12.48280825
nuscenes_mini_subset,scene-1094_028,0.00000000,34752,2981,8.57792357,0.00000000,83,83,100.00000000,83,83,100.00000000,0.00000000
nuscenes_mini_subset,scene-1094_028,0.50000000,34752,2975,8.56065838,-0.01726519,83,82,98.79518072,83,82,98.79518072,12.47999217
nuscenes_mini_subset,scene-1094_028,1.00000000,34752,2967,8.53763812,-0.04028545,83,77,92.77108434,83,77,92.77108434,24.93084140
nuscenes_mini_subset,scene-1094_028,2.00000000,34752,2951,8.49159761,-0.08632597,83,66,79.51807229,83,66,79.51807229,49.76653570
nuscenes_mini_subset,scene-1094_028,3.00000000,34752,2955,8.50310773,-0.07481584,83,51,61.44578313,83,51,61.44578313,74.56052158
nuscenes_mini_subset,scene-1094_029,-3.00000000,34720,3066,8.83064516,0.05184332,50,14,28.00000000,50,14,28.00000000,74.48583263
nuscenes_mini_subset,scene-1094_029,-2.00000000,34720,3057,8.80472350,0.02592166,50,32,64.00000000,50,32,64.00000000,49.74908514
nuscenes_mini_subset,scene-1094_029,-1.00000000,34720,3048,8.77880184,0.00000000,50,46,92.00000000,50,46,92.00000000,24.92231985
nuscenes_mini_subset,scene-1094_029,-0.50000000,34720,3054,8.79608295,0.01728111,50,49,98.00000000,50,49,98.00000000,12.47977238
nuscenes_mini_subset,scene-1094_029,0.00000000,34720,3048,8.77880184,0.00000000,50,50,100.00000000,50,50,100.00000000,0.00000000
nuscenes_mini_subset,scene-1094_029,0.50000000,34720,3039,8.75288018,-0.02592166,50,49,98.00000000,50,49,98.00000000,12.49241634
nuscenes_mini_subset,scene-1094_029,1.00000000,34720,3039,8.75288018,-0.02592166,50,45,90.00000000,50,45,90.00000000,24.96576786
nuscenes_mini_subset,scene-1094_029,2.00000000,34720,3040,8.75576037,-0.02304147,50,24,48.00000000,50,24,48.00000000,49.86232067
nuscenes_mini_subset,scene-1094_029,3.00000000,34720,3043,8.76440092,-0.01440092,50,9,18.00000000,50,9,18.00000000,74.68042869
nuscenes_mini_subset,scene-1094_030,-3.00000000,34720,3077,8.86232719,-0.05184332,82,52,63.41463415,82,52,63.41463415,74.39054213
nuscenes_mini_subset,scene-1094_030,-2.00000000,34720,3082,8.87672811,-0.03744240,82,68,82.92682927,82,68,82.92682927,49.69188548
nuscenes_mini_subset,scene-1094_030,-1.00000000,34720,3084,8.88248848,-0.03168203,82,78,95.12195122,82,78,95.12195122,24.92957236
nuscenes_mini_subset,scene-1094_030,-0.50000000,34720,3094,8.91129032,-0.00288018,82,82,100.00000000,82,82,100.00000000,12.48018036
nuscenes_mini_subset,scene-1094_030,0.00000000,34720,3095,8.91417051,0.00000000,82,82,100.00000000,82,82,100.00000000,0.00000000
nuscenes_mini_subset,scene-1094_030,0.50000000,34720,3095,8.91417051,0.00000000,82,81,98.78048780,82,81,98.78048780,12.49250175
nuscenes_mini_subset,scene-1094_030,1.00000000,34720,3099,8.92569124,0.01152074,82,76,92.68292683,82,76,92.68292683,24.95144552
nuscenes_mini_subset,scene-1094_030,2.00000000,34720,3099,8.92569124,0.01152074,82,45,54.87804878,82,45,54.87804878,49.81807793
nuscenes_mini_subset,scene-1094_030,3.00000000,34720,3095,8.91417051,0.00000000,82,26,31.70731707,82,26,31.70731707,74.52829811
nuscenes_mini_subset,scene-1094_031,-3.00000000,34752,3059,8.80237109,-0.08344843,56,42,75.00000000,56,42,75.00000000,74.35178994
nuscenes_mini_subset,scene-1094_031,-2.00000000,34752,3057,8.79661602,-0.08920350,56,47,83.92857143,56,47,83.92857143,49.68240278
nuscenes_mini_subset,scene-1094_031,-1.00000000,34752,3071,8.83690147,-0.04891805,56,52,92.85714286,56,52,92.85714286,24.93651439
nuscenes_mini_subset,scene-1094_031,-0.50000000,34752,3079,8.85992173,-0.02589779,56,56,100.00000000,56,56,100.00000000,12.48855154
nuscenes_mini_subset,scene-1094_031,0.00000000,34752,3088,8.88581952,0.00000000,56,56,100.00000000,56,56,100.00000000,0.00000000
nuscenes_mini_subset,scene-1094_031,0.50000000,34752,3089,8.88869705,0.00287753,56,54,96.42857143,56,54,96.42857143,12.50476433
nuscenes_mini_subset,scene-1094_031,1.00000000,34752,3099,8.91747238,0.03165285,56,50,89.28571429,56,50,89.28571429,24.97520045
nuscenes_mini_subset,scene-1094_031,2.00000000,34752,3093,8.90020718,0.01438766,56,38,67.85714286,56,38,67.85714286,49.82673809
nuscenes_mini_subset,scene-1094_031,3.00000000,34752,3084,8.87430939,-0.01151013,56,28,50.00000000,56,28,50.00000000,74.59131117
nuscenes_mini_subset,scene-1094_032,-3.00000000,34784,3028,8.70515179,0.08337167,115,90,78.26086957,115,90,78.26086957,74.40795890
nuscenes_mini_subset,scene-1094_032,-2.00000000,34784,3030,8.71090156,0.08912144,115,102,88.69565217,115,102,88.69565217,49.73107477
nuscenes_mini_subset,scene-1094_032,-1.00000000,34784,3029,8.70802668,0.08624655,115,113,98.26086957,115,113,98.26086957,24.95465488
nuscenes_mini_subset,scene-1094_032,-0.50000000,34784,3017,8.67352806,0.05174793,115,114,99.13043478,115,114,99.13043478,12.48369970
nuscenes_mini_subset,scene-1094_032,0.00000000,34784,2999,8.62178013,0.00000000,115,115,100.00000000,115,115,100.00000000,0.00000000
nuscenes_mini_subset,scene-1094_032,0.50000000,34784,2989,8.59303128,-0.02874885,115,115,100.00000000,115,115,100.00000000,12.46740133
nuscenes_mini_subset,scene-1094_032,1.00000000,34784,2993,8.60453082,-0.01724931,115,110,95.65217391,115,110,95.65217391,24.90114155
nuscenes_mini_subset,scene-1094_032,2.00000000,34784,3003,8.63327967,0.01149954,115,99,86.08695652,115,99,86.08695652,49.70739730
nuscenes_mini_subset,scene-1094_032,3.00000000,34784,2990,8.59590616,-0.02587397,115,88,76.52173913,115,88,76.52173913,74.39254865
nuscenes_mini_subset,scene-1094_033,-3.00000000,34720,3000,8.64055300,-0.04608295,96,40,41.66666667,96,40,41.66666667,74.37314514
nuscenes_mini_subset,scene-1094_033,-2.00000000,34720,3005,8.65495392,-0.03168203,96,55,57.29166667,96,55,57.29166667,49.72044390
nuscenes_mini_subset,scene-1094_033,-1.00000000,34720,3012,8.67511521,-0.01152074,96,80,83.33333333,96,80,83.33333333,24.94378000
nuscenes_mini_subset,scene-1094_033,-0.50000000,34720,3020,8.69815668,0.01152074,96,91,94.79166667,96,91,94.79166667,12.49315591
nuscenes_mini_subset,scene-1094_033,0.00000000,34720,3016,8.68663594,0.00000000,96,96,100.00000000,96,96,100.00000000,0.00000000
nuscenes_mini_subset,scene-1094_033,0.50000000,34720,3029,8.72407834,0.03744240,96,96,100.00000000,96,96,100.00000000,12.50504428
nuscenes_mini_subset,scene-1094_033,1.00000000,34720,3021,8.70103687,0.01440092,96,89,92.70833333,96,89,92.70833333,24.95990735
nuscenes_mini_subset,scene-1094_033,2.00000000,34720,3025,8.71255760,0.02592166,96,66,68.75000000,96,66,68.75000000,49.81488532
nuscenes_mini_subset,scene-1094_033,3.00000000,34720,3025,8.71255760,0.02592166,96,47,48.95833333,96,47,48.95833333,74.59563114
nuscenes_mini_subset,scene-1094_034,-3.00000000,34720,2856,8.22580645,0.00000000,20,0,0.00000000,20,0,0.00000000,74.98903728
nuscenes_mini_subset,scene-1094_034,-2.00000000,34720,2862,8.24308756,0.01728111,20,9,45.00000000,20,9,45.00000000,50.06715079
nuscenes_mini_subset,scene-1094_034,-1.00000000,34720,2856,8.22580645,0.00000000,20,19,95.00000000,20,19,95.00000000,25.08451866
nuscenes_mini_subset,scene-1094_034,-0.50000000,34720,2852,8.21428571,-0.01152074,20,20,100.00000000,20,20,100.00000000,12.55652846
nuscenes_mini_subset,scene-1094_034,0.00000000,34720,2856,8.22580645,0.00000000,20,20,100.00000000,20,20,100.00000000,0.00000000
nuscenes_mini_subset,scene-1094_034,0.50000000,34720,2850,8.20852535,-0.01728111,20,20,100.00000000,20,20,100.00000000,12.54807746
nuscenes_mini_subset,scene-1094_034,1.00000000,34720,2861,8.24020737,0.01440092,20,19,95.00000000,20,19,95.00000000,25.05806883
nuscenes_mini_subset,scene-1094_034,2.00000000,34720,2862,8.24308756,0.01728111,20,10,50.00000000,20,10,50.00000000,49.90875661
nuscenes_mini_subset,scene-1094_034,3.00000000,34720,2860,8.23732719,0.01152074,20,1,5.00000000,20,1,5.00000000,74.68386158
nuscenes_mini_subset,scene-1094_035,-3.00000000,34720,2829,8.14804147,0.02592166,8,0,0.00000000,8,0,0.00000000,74.38538308
nuscenes_mini_subset,scene-1094_035,-2.00000000,34720,2818,8.11635945,-0.00576037,8,3,37.50000000,8,3,37.50000000,49.76273298
nuscenes_mini_subset,scene-1094_035,-1.00000000,34720,2810,8.09331797,-0.02880184,8,6,75.00000000,8,6,75.00000000,24.96615566
nuscenes_mini_subset,scene-1094_035,-0.50000000,34720,2815,8.10771889,-0.01440092,8,7,87.50000000,8,7,87.50000000,12.50479296
nuscenes_mini_subset,scene-1094_035,0.00000000,34720,2820,8.12211982,0.00000000,8,8,100.00000000,8,8,100.00000000,0.00000000
nuscenes_mini_subset,scene-1094_035,0.50000000,34720,2813,8.10195853,-0.02016129,8,8,100.00000000,8,8,100.00000000,12.51347903
nuscenes_mini_subset,scene-1094_035,1.00000000,34720,2818,8.11635945,-0.00576037,8,7,87.50000000,8,7,87.50000000,25.01552435
nuscenes_mini_subset,scene-1094_035,2.00000000,34720,2808,8.08755760,-0.03456221,8,4,50.00000000,8,4,50.00000000,49.89856300
nuscenes_mini_subset,scene-1094_035,3.00000000,34720,2806,8.08179724,-0.04032258,8,1,12.50000000,8,1,12.50000000,74.71122400
nuscenes_mini_subset,scene-1094_036,-3.00000000,34720,2764,7.96082949,0.01152074,17,1,5.88235294,17,1,5.88235294,74.30272358
nuscenes_mini_subset,scene-1094_036,-2.00000000,34720,2764,7.96082949,0.01152074,17,7,41.17647059,17,7,41.17647059,49.68366946
nuscenes_mini_subset,scene-1094_036,-1.00000000,34720,2763,7.95794931,0.00864055,17,13,76.47058824,17,13,76.47058824,24.94867651
nuscenes_mini_subset,scene-1094_036,-0.50000000,34720,2760,7.94930876,0.00000000,17,17,100.00000000,17,17,100.00000000,12.48985733
nuscenes_mini_subset,scene-1094_036,0.00000000,34720,2760,7.94930876,0.00000000,17,17,100.00000000,17,17,100.00000000,0.00000000
nuscenes_mini_subset,scene-1094_036,0.50000000,34720,2758,7.94354839,-0.00576037,17,17,100.00000000,17,17,100.00000000,12.49301647
nuscenes_mini_subset,scene-1094_036,1.00000000,34720,2759,7.94642857,-0.00288018,17,14,82.35294118,17,14,82.35294118,24.94503302
nuscenes_mini_subset,scene-1094_036,2.00000000,34720,2747,7.91186636,-0.03744240,17,8,47.05882353,17,8,47.05882353,49.70078101
nuscenes_mini_subset,scene-1094_036,3.00000000,34720,2743,7.90034562,-0.04896313,17,2,11.76470588,17,2,11.76470588,74.34623235
nuscenes_mini_subset,scene-1094_037,-3.00000000,34752,2742,7.89019337,0.07769337,12,2,16.66666667,12,2,16.66666667,73.75628203
nuscenes_mini_subset,scene-1094_037,-2.00000000,34752,2733,7.86429558,0.05179558,12,4,33.33333333,12,4,33.33333333,49.34601299
nuscenes_mini_subset,scene-1094_037,-1.00000000,34752,2723,7.83552026,0.02302026,12,8,66.66666667,12,8,66.66666667,24.73400997
nuscenes_mini_subset,scene-1094_037,-0.50000000,34752,2720,7.82688766,0.01438766,12,11,91.66666667,12,11,91.66666667,12.37401465
nuscenes_mini_subset,scene-1094_037,0.00000000,34752,2715,7.81250000,0.00000000,12,12,100.00000000,12,12,100.00000000,0.00000000
nuscenes_mini_subset,scene-1094_037,0.50000000,34752,2713,7.80674494,-0.00575506,12,11,91.66666667,12,11,91.66666667,12.37131284
nuscenes_mini_subset,scene-1094_037,1.00000000,34752,2709,7.79523481,-0.01726519,12,11,91.66666667,12,11,91.66666667,24.72043210
nuscenes_mini_subset,scene-1094_037,2.00000000,34752,2704,7.78084715,-0.03165285,12,8,66.66666667,12,8,66.66666667,49.34069083
nuscenes_mini_subset,scene-1094_037,3.00000000,34752,2700,7.76933702,-0.04316298,12,4,33.33333333,12,4,33.33333333,73.82419673
nuscenes_mini_subset,scene-1094_038,-3.00000000,34688,2647,7.63088100,0.06630535,65,32,49.23076923,65,32,49.23076923,73.52649452
nuscenes_mini_subset,scene-1094_038,-2.00000000,34688,2635,7.59628690,0.03171125,65,42,64.61538462,65,42,64.61538462,49.19348454
nuscenes_mini_subset,scene-1094_038,-1.00000000,34688,2626,7.57034133,0.00576568,65,56,86.15384615,65,56,86.15384615,24.67561814
nuscenes_mini_subset,scene-1094_038,-0.50000000,34688,2617,7.54439576,-0.02017989,65,64,98.46153846,65,64,98.46153846,12.35808103
nuscenes_mini_subset,scene-1094_038,0.00000000,34688,2624,7.56457565,0.00000000,65,65,100.00000000,65,65,100.00000000,0.00000000
nuscenes_mini_subset,scene-1094_038,0.50000000,34688,2620,7.55304428,-0.01153137,65,60,92.30769231,65,60,92.30769231,12.38309479
nuscenes_mini_subset,scene-1094_038,1.00000000,34688,2625,7.56745849,0.00288284,65,56,86.15384615,65,56,86.15384615,24.74649438
nuscenes_mini_subset,scene-1094_038,2.00000000,34688,2621,7.55592712,-0.00864852,65,46,70.76923077,65,46,70.76923077,49.43251107
nuscenes_mini_subset,scene-1094_038,3.00000000,34688,2620,7.55304428,-0.01153137,65,32,49.23076923,65,32,49.23076923,73.90920421
nuscenes_mini_subset,scene-1094_039,-3.00000000,34720,2629,7.57200461,-0.03744240,28,1,3.57142857,28,1,3.57142857,73.62076461
nuscenes_mini_subset,scene-1094_039,-2.00000000,34720,2633,7.58352535,-0.02592166,28,4,14.28571429,28,4,14.28571429,49.16201852
nuscenes_mini_subset,scene-1094_039,-1.00000000,34720,2636,7.59216590,-0.01728111,28,19,67.85714286,28,19,67.85714286,24.63423466
nuscenes_mini_subset,scene-1094_039,-0.50000000,34720,2639,7.60080645,-0.00864055,28,26,92.85714286,28,26,92.85714286,12.33640674
nuscenes_mini_subset,scene-1094_039,0.00000000,34720,2642,7.60944700,0.00000000,28,28,100.00000000,28,28,100.00000000,0.00000000
nuscenes_mini_subset,scene-1094_039,0.50000000,34720,2641,7.60656682,-0.00288018,28,27,96.42857143,28,27,96.42857143,12.34231715
nuscenes_mini_subset,scene-1094_039,1.00000000,34720,2645,7.61808756,0.00864055,28,22,78.57142857,28,22,78.57142857,24.65237338
nuscenes_mini_subset,scene-1094_039,2.00000000,34720,2645,7.61808756,0.00864055,28,5,17.85714286,28,5,17.85714286,49.20917315
nuscenes_mini_subset,scene-1094_039,3.00000000,34720,2645,7.61808756,0.00864055,28,2,7.14285714,28,2,7.14285714,73.55677960
